00:00 +0: loading /Users/ejunpark/.codex/worktrees/1f98bd1e-95ca-4396-82c1-c34de41a8851/OnTime-front/test/repository_structure_test.dart
00:00 +0: /Users/ejunpark/.codex/worktrees/1f98bd1e-95ca-4396-82c1-c34de41a8851/OnTime-front/test/repository_structure_test.dart: repository structure source and test directories do not use .dart suffixes
00:00 +1: /Users/ejunpark/.codex/worktrees/1f98bd1e-95ca-4396-82c1-c34de41a8851/OnTime-front/test/repository_structure_test.dart: repository structure schedule place moving time imports use the folder path
00:00 +2: /Users/ejunpark/.codex/worktrees/1f98bd1e-95ca-4396-82c1-c34de41a8851/OnTime-front/test/core/database/alarm_replacement_integration_test.dart: actual restore waits for late platform completion before replacing database
00:00 +3: /Users/ejunpark/.codex/worktrees/1f98bd1e-95ca-4396-82c1-c34de41a8851/OnTime-front/test/core/database/alarm_replacement_integration_test.dart: actual restore waits for late platform completion before replacing database
00:00 +4: /Users/ejunpark/.codex/worktrees/1f98bd1e-95ca-4396-82c1-c34de41a8851/OnTime-front/test/core/database/alarm_replacement_integration_test.dart: actual restore waits for late platform completion before replacing database
00:00 +5: /Users/ejunpark/.codex/worktrees/1f98bd1e-95ca-4396-82c1-c34de41a8851/OnTime-front/test/core/database/alarm_replacement_integration_test.dart: actual restore waits for late platform completion before replacing database
00:00 +6: /Users/ejunpark/.codex/worktrees/1f98bd1e-95ca-4396-82c1-c34de41a8851/OnTime-front/test/core/database/alarm_replacement_integration_test.dart: actual restore waits for late platform completion before replacing database
00:00 +7: /Users/ejunpark/.codex/worktrees/1f98bd1e-95ca-4396-82c1-c34de41a8851/OnTime-front/test/core/database/alarm_replacement_integration_test.dart: actual restore waits for late platform completion before replacing database
00:00 +8: /Users/ejunpark/.codex/worktrees/1f98bd1e-95ca-4396-82c1-c34de41a8851/OnTime-front/test/core/database/alarm_replacement_integration_test.dart: actual restore waits for late platform completion before replacing database
00:00 +9: /Users/ejunpark/.codex/worktrees/1f98bd1e-95ca-4396-82c1-c34de41a8851/OnTime-front/test/core/database/alarm_replacement_integration_test.dart: actual restore waits for late platform completion before replacing database
00:00 +10: /Users/ejunpark/.codex/worktrees/1f98bd1e-95ca-4396-82c1-c34de41a8851/OnTime-front/test/core/database/alarm_replacement_integration_test.dart: actual restore waits for late platform completion before replacing database
00:00 +11: /Users/ejunpark/.codex/worktrees/1f98bd1e-95ca-4396-82c1-c34de41a8851/OnTime-front/test/core/database/alarm_replacement_integration_test.dart: actual restore waits for late platform completion before replacing database
00:00 +12: /Users/ejunpark/.codex/worktrees/1f98bd1e-95ca-4396-82c1-c34de41a8851/OnTime-front/test/core/database/alarm_replacement_integration_test.dart: actual restore waits for late platform completion before replacing database
00:00 +13: /Users/ejunpark/.codex/worktrees/1f98bd1e-95ca-4396-82c1-c34de41a8851/OnTime-front/test/core/database/alarm_replacement_integration_test.dart: actual restore waits for late platform completion before replacing database
00:00 +14: /Users/ejunpark/.codex/worktrees/1f98bd1e-95ca-4396-82c1-c34de41a8851/OnTime-front/test/core/database/alarm_replacement_integration_test.dart: actual restore waits for late platform completion before replacing database
00:00 +15: /Users/ejunpark/.codex/worktrees/1f98bd1e-95ca-4396-82c1-c34de41a8851/OnTime-front/test/core/database/alarm_replacement_integration_test.dart: actual restore waits for late platform completion before replacing database
00:00 +16: /Users/ejunpark/.codex/worktrees/1f98bd1e-95ca-4396-82c1-c34de41a8851/OnTime-front/test/core/database/alarm_replacement_integration_test.dart: actual restore waits for late platform completion before replacing database
00:00 +17: /Users/ejunpark/.codex/worktrees/1f98bd1e-95ca-4396-82c1-c34de41a8851/OnTime-front/test/core/database/alarm_replacement_integration_test.dart: actual restore waits for late platform completion before replacing database
00:00 +18: /Users/ejunpark/.codex/worktrees/1f98bd1e-95ca-4396-82c1-c34de41a8851/OnTime-front/test/core/database/alarm_replacement_integration_test.dart: actual restore waits for late platform completion before replacing database
00:00 +19: /Users/ejunpark/.codex/worktrees/1f98bd1e-95ca-4396-82c1-c34de41a8851/OnTime-front/test/core/database/alarm_replacement_integration_test.dart: actual restore waits for late platform completion before replacing database
00:00 +20: /Users/ejunpark/.codex/worktrees/1f98bd1e-95ca-4396-82c1-c34de41a8851/OnTime-front/test/core/database/alarm_replacement_integration_test.dart: actual restore waits for late platform completion before replacing database
00:00 +21: /Users/ejunpark/.codex/worktrees/1f98bd1e-95ca-4396-82c1-c34de41a8851/OnTime-front/test/core/database/alarm_replacement_integration_test.dart: actual restore waits for late platform completion before replacing database
00:00 +22: /Users/ejunpark/.codex/worktrees/1f98bd1e-95ca-4396-82c1-c34de41a8851/OnTime-front/test/core/database/alarm_replacement_integration_test.dart: actual restore waits for late platform completion before replacing database
00:00 +23: /Users/ejunpark/.codex/worktrees/1f98bd1e-95ca-4396-82c1-c34de41a8851/OnTime-front/test/core/database/alarm_replacement_integration_test.dart: actual restore waits for late platform completion before replacing database
00:00 +24: /Users/ejunpark/.codex/worktrees/1f98bd1e-95ca-4396-82c1-c34de41a8851/OnTime-front/test/core/database/alarm_replacement_integration_test.dart: actual restore waits for late platform completion before replacing database
00:01 +25: /Users/ejunpark/.codex/worktrees/1f98bd1e-95ca-4396-82c1-c34de41a8851/OnTime-front/test/core/database/alarm_replacement_integration_test.dart: actual restore waits for late platform completion before replacing database
00:01 +26: /Users/ejunpark/.codex/worktrees/1f98bd1e-95ca-4396-82c1-c34de41a8851/OnTime-front/test/core/database/alarm_replacement_integration_test.dart: actual restore waits for late platform completion before replacing database
00:01 +27: /Users/ejunpark/.codex/worktrees/1f98bd1e-95ca-4396-82c1-c34de41a8851/OnTime-front/test/core/database/alarm_replacement_integration_test.dart: actual restore waits for late platform completion before replacing database
00:01 +28: /Users/ejunpark/.codex/worktrees/1f98bd1e-95ca-4396-82c1-c34de41a8851/OnTime-front/test/core/database/alarm_replacement_integration_test.dart: actual restore waits for late platform completion before replacing database
00:01 +29: /Users/ejunpark/.codex/worktrees/1f98bd1e-95ca-4396-82c1-c34de41a8851/OnTime-front/test/core/database/alarm_replacement_integration_test.dart: actual restore cancellation failure preserves original database and ownership
00:01 +30: loading /Users/ejunpark/.codex/worktrees/1f98bd1e-95ca-4396-82c1-c34de41a8851/OnTime-front/test/core/database/alarm_journal_recovery_test.dart
00:01 +30: /Users/ejunpark/.codex/worktrees/1f98bd1e-95ca-4396-82c1-c34de41a8851/OnTime-front/test/core/database/alarm_replacement_integration_test.dart: reset retains independent cancellation ownership after content deletion and retries only cleanup
00:02 +31: /Users/ejunpark/.codex/worktrees/1f98bd1e-95ca-4396-82c1-c34de41a8851/OnTime-front/test/core/database/alarm_journal_recovery_test.dart: partial JSON in  recovers fresh owner without resetting user data
00:02 +32: /Users/ejunpark/.codex/worktrees/1f98bd1e-95ca-4396-82c1-c34de41a8851/OnTime-front/test/core/database/alarm_journal_recovery_test.dart: partial JSON in .pending recovers fresh owner without resetting user data
00:02 +33: /Users/ejunpark/.codex/worktrees/1f98bd1e-95ca-4396-82c1-c34de41a8851/OnTime-front/test/core/database/alarm_journal_recovery_test.dart: partial JSON in .pending recovers fresh owner without resetting user data
00:02 +34: /Users/ejunpark/.codex/worktrees/1f98bd1e-95ca-4396-82c1-c34de41a8851/OnTime-front/test/core/database/alarm_journal_recovery_test.dart: partial JSON in .pending recovers fresh owner without resetting user data
00:02 +35: /Users/ejunpark/.codex/worktrees/1f98bd1e-95ca-4396-82c1-c34de41a8851/OnTime-front/test/core/database/alarm_journal_recovery_test.dart: partial JSON in .pending recovers fresh owner without resetting user data
00:02 +36: /Users/ejunpark/.codex/worktrees/1f98bd1e-95ca-4396-82c1-c34de41a8851/OnTime-front/test/core/database/alarm_journal_recovery_test.dart: partial JSON in .pending recovers fresh owner without resetting user data
00:02 +37: /Users/ejunpark/.codex/worktrees/1f98bd1e-95ca-4396-82c1-c34de41a8851/OnTime-front/test/core/database/alarm_journal_recovery_test.dart: only complete iOS OS observations resolve reconstructed uncertainty
00:02 +38: /Users/ejunpark/.codex/worktrees/1f98bd1e-95ca-4396-82c1-c34de41a8851/OnTime-front/test/core/database/alarm_journal_recovery_test.dart: iOS nativeUnmapped remains partial without guessing ownership
00:02 +39: /Users/ejunpark/.codex/worktrees/1f98bd1e-95ca-4396-82c1-c34de41a8851/OnTime-front/test/core/database/alarm_journal_recovery_test.dart: iOS nativeError remains partial without guessing ownership
00:02 +40: /Users/ejunpark/.codex/worktrees/1f98bd1e-95ca-4396-82c1-c34de41a8851/OnTime-front/test/core/database/alarm_journal_recovery_test.dart: iOS fallbackError remains partial without guessing ownership
00:02 +41: /Users/ejunpark/.codex/worktrees/1f98bd1e-95ca-4396-82c1-c34de41a8851/OnTime-front/test/core/database/alarm_journal_recovery_test.dart: iOS unownedNotification remains partial without guessing ownership
00:02 +42: /Users/ejunpark/.codex/worktrees/1f98bd1e-95ca-4396-82c1-c34de41a8851/OnTime-front/test/core/database/alarm_journal_recovery_test.dart: secure reset marker resumes deletion but Android uncertainty remains
00:03 +43: /Users/ejunpark/.codex/worktrees/1f98bd1e-95ca-4396-82c1-c34de41a8851/OnTime-front/test/core/database/recurring_migration_test.dart: version 1 database upgrades in place preserving user outcomes and schedules
00:03 +44: /Users/ejunpark/.codex/worktrees/1f98bd1e-95ca-4396-82c1-c34de41a8851/OnTime-front/test/core/database/recurring_migration_test.dart: version 1 database upgrades in place preserving user outcomes and schedules
00:03 +45: /Users/ejunpark/.codex/worktrees/1f98bd1e-95ca-4396-82c1-c34de41a8851/OnTime-front/test/core/database/recurring_migration_test.dart: version 1 database upgrades in place preserving user outcomes and schedules
00:03 +46: /Users/ejunpark/.codex/worktrees/1f98bd1e-95ca-4396-82c1-c34de41a8851/OnTime-front/test/core/database/recurring_migration_test.dart: version 1 database upgrades in place preserving user outcomes and schedules
00:03 +47: /Users/ejunpark/.codex/worktrees/1f98bd1e-95ca-4396-82c1-c34de41a8851/OnTime-front/test/core/database/recurring_migration_test.dart: version 1 database upgrades in place preserving user outcomes and schedules
00:03 +48: /Users/ejunpark/.codex/worktrees/1f98bd1e-95ca-4396-82c1-c34de41a8851/OnTime-front/test/core/database/recurring_migration_test.dart: version 1 database upgrades in place preserving user outcomes and schedules
00:03 +49: /Users/ejunpark/.codex/worktrees/1f98bd1e-95ca-4396-82c1-c34de41a8851/OnTime-front/test/core/database/recurring_migration_test.dart: version 1 database upgrades in place preserving user outcomes and schedules
00:03 +50: /Users/ejunpark/.codex/worktrees/1f98bd1e-95ca-4396-82c1-c34de41a8851/OnTime-front/test/core/database/recurring_migration_test.dart: version 1 database upgrades in place preserving user outcomes and schedules
00:03 +51: /Users/ejunpark/.codex/worktrees/1f98bd1e-95ca-4396-82c1-c34de41a8851/OnTime-front/test/core/database/recurring_migration_test.dart: version 1 database upgrades in place preserving user outcomes and schedules
00:03 +52: /Users/ejunpark/.codex/worktrees/1f98bd1e-95ca-4396-82c1-c34de41a8851/OnTime-front/test/core/database/alarm_journal_recovery_test.dart: reconstruction interrupted at recoveryMarked recovers through a new owner
00:03 +53: /Users/ejunpark/.codex/worktrees/1f98bd1e-95ca-4396-82c1-c34de41a8851/OnTime-front/test/core/database/alarm_journal_recovery_test.dart: reconstruction interrupted at quarantinedMain recovers through a new owner
00:03 +54: /Users/ejunpark/.codex/worktrees/1f98bd1e-95ca-4396-82c1-c34de41a8851/OnTime-front/test/core/database/alarm_journal_recovery_test.dart: reconstruction interrupted at written recovers through a new owner
00:03 +55: /Users/ejunpark/.codex/worktrees/1f98bd1e-95ca-4396-82c1-c34de41a8851/OnTime-front/test/core/database/alarm_journal_recovery_test.dart: reconstruction interrupted at verified recovers through a new owner
00:03 +56: /Users/ejunpark/.codex/worktrees/1f98bd1e-95ca-4396-82c1-c34de41a8851/OnTime-front/test/core/backup/backup_crypto_test.dart: round trip restores the authenticated plaintext
00:03 +57: /Users/ejunpark/.codex/worktrees/1f98bd1e-95ca-4396-82c1-c34de41a8851/OnTime-front/test/core/backup/backup_crypto_test.dart: round trip restores the authenticated plaintext
00:03 +58: /Users/ejunpark/.codex/worktrees/1f98bd1e-95ca-4396-82c1-c34de41a8851/OnTime-front/test/core/backup/backup_crypto_test.dart: round trip restores the authenticated plaintext
00:03 +59: /Users/ejunpark/.codex/worktrees/1f98bd1e-95ca-4396-82c1-c34de41a8851/OnTime-front/test/core/backup/backup_crypto_test.dart: round trip restores the authenticated plaintext
00:03 +60: /Users/ejunpark/.codex/worktrees/1f98bd1e-95ca-4396-82c1-c34de41a8851/OnTime-front/test/core/backup/backup_crypto_test.dart: round trip restores the authenticated plaintext
00:03 +61: /Users/ejunpark/.codex/worktrees/1f98bd1e-95ca-4396-82c1-c34de41a8851/OnTime-front/test/core/backup/backup_crypto_test.dart: round trip restores the authenticated plaintext
00:03 +62: /Users/ejunpark/.codex/worktrees/1f98bd1e-95ca-4396-82c1-c34de41a8851/OnTime-front/test/core/backup/backup_crypto_test.dart: round trip restores the authenticated plaintext
00:03 +63: /Users/ejunpark/.codex/worktrees/1f98bd1e-95ca-4396-82c1-c34de41a8851/OnTime-front/test/core/backup/backup_crypto_test.dart: round trip restores the authenticated plaintext
00:03 +64: /Users/ejunpark/.codex/worktrees/1f98bd1e-95ca-4396-82c1-c34de41a8851/OnTime-front/test/core/backup/backup_crypto_test.dart: round trip restores the authenticated plaintext
00:03 +65: /Users/ejunpark/.codex/worktrees/1f98bd1e-95ca-4396-82c1-c34de41a8851/OnTime-front/test/core/backup/backup_crypto_test.dart: round trip restores the authenticated plaintext
00:03 +66: /Users/ejunpark/.codex/worktrees/1f98bd1e-95ca-4396-82c1-c34de41a8851/OnTime-front/test/core/backup/backup_crypto_test.dart: round trip restores the authenticated plaintext
00:03 +67: /Users/ejunpark/.codex/worktrees/1f98bd1e-95ca-4396-82c1-c34de41a8851/OnTime-front/test/core/backup/backup_crypto_test.dart: round trip restores the authenticated plaintext
00:03 +68: /Users/ejunpark/.codex/worktrees/1f98bd1e-95ca-4396-82c1-c34de41a8851/OnTime-front/test/core/backup/backup_crypto_test.dart: round trip restores the authenticated plaintext
00:03 +69: /Users/ejunpark/.codex/worktrees/1f98bd1e-95ca-4396-82c1-c34de41a8851/OnTime-front/test/core/backup/backup_crypto_test.dart: round trip restores the authenticated plaintext
00:03 +70: /Users/ejunpark/.codex/worktrees/1f98bd1e-95ca-4396-82c1-c34de41a8851/OnTime-front/test/core/backup/backup_crypto_test.dart: round trip restores the authenticated plaintext
00:03 +71: /Users/ejunpark/.codex/worktrees/1f98bd1e-95ca-4396-82c1-c34de41a8851/OnTime-front/test/core/backup/backup_crypto_test.dart: round trip restores the authenticated plaintext
00:03 +72: /Users/ejunpark/.codex/worktrees/1f98bd1e-95ca-4396-82c1-c34de41a8851/OnTime-front/test/core/backup/backup_crypto_test.dart: wrong password cannot produce backup contents
00:03 +73: /Users/ejunpark/.codex/worktrees/1f98bd1e-95ca-4396-82c1-c34de41a8851/OnTime-front/test/core/backup/backup_crypto_test.dart: authenticated encryption detects a modified container
00:04 +74: /Users/ejunpark/.codex/worktrees/1f98bd1e-95ca-4396-82c1-c34de41a8851/OnTime-front/test/core/backup/backup_password_test.dart: normalizes canonically equivalent passwords to the same value
00:04 +75: /Users/ejunpark/.codex/worktrees/1f98bd1e-95ca-4396-82c1-c34de41a8851/OnTime-front/test/core/backup/backup_password_test.dart: preserves case and surrounding spaces
00:04 +76: /Users/ejunpark/.codex/worktrees/1f98bd1e-95ca-4396-82c1-c34de41a8851/OnTime-front/test/core/backup/backup_password_test.dart: rejects passwords outside the 15 to 128 code point boundary
00:04 +77: /Users/ejunpark/.codex/worktrees/1f98bd1e-95ca-4396-82c1-c34de41a8851/OnTime-front/test/core/backup/backup_file_export_port_test.dart: sends encrypted bytes and name only; saved receipt has no location
00:04 +78: /Users/ejunpark/.codex/worktrees/1f98bd1e-95ca-4396-82c1-c34de41a8851/OnTime-front/test/core/backup/backup_file_export_port_test.dart: cancel is distinct from success
00:04 +79: /Users/ejunpark/.codex/worktrees/1f98bd1e-95ca-4396-82c1-c34de41a8851/OnTime-front/test/core/backup/backup_file_export_port_test.dart: unrecognized native response null is never success
00:04 +80: /Users/ejunpark/.codex/worktrees/1f98bd1e-95ca-4396-82c1-c34de41a8851/OnTime-front/test/core/backup/backup_file_export_port_test.dart: unrecognized native response  is never success
00:04 +81: /Users/ejunpark/.codex/worktrees/1f98bd1e-95ca-4396-82c1-c34de41a8851/OnTime-front/test/core/backup/backup_file_export_port_test.dart: unrecognized native response unknown is never success
00:04 +82: /Users/ejunpark/.codex/worktrees/1f98bd1e-95ca-4396-82c1-c34de41a8851/OnTime-front/test/core/backup/backup_service_test.dart: saved receipt marks only the captured revision despite an ordinary edit
00:05 +83: /Users/ejunpark/.codex/worktrees/1f98bd1e-95ca-4396-82c1-c34de41a8851/OnTime-front/test/core/backup/backup_restore_stale_contract_test.dart: preview followed by a durable edit never overwrites that edit
00:05 +84: /Users/ejunpark/.codex/worktrees/1f98bd1e-95ca-4396-82c1-c34de41a8851/OnTime-front/test/core/backup/backup_restore_stale_contract_test.dart: preview followed by a durable edit never overwrites that edit
00:05 +85: /Users/ejunpark/.codex/worktrees/1f98bd1e-95ca-4396-82c1-c34de41a8851/OnTime-front/test/core/backup/backup_service_test.dart: write failure cannot mark success or expose provider error details
00:05 +86: /Users/ejunpark/.codex/worktrees/1f98bd1e-95ca-4396-82c1-c34de41a8851/OnTime-front/test/core/backup/backup_service_test.dart: second export, restore, and destructive operation reject while picker is open
00:05 +87: /Users/ejunpark/.codex/worktrees/1f98bd1e-95ca-4396-82c1-c34de41a8851/OnTime-front/test/core/backup/backup_service_test.dart: second export, restore, and destructive operation reject while picker is open
00:05 +88: /Users/ejunpark/.codex/worktrees/1f98bd1e-95ca-4396-82c1-c34de41a8851/OnTime-front/test/core/backup/backup_service_test.dart: second export, restore, and destructive operation reject while picker is open
00:05 +89: /Users/ejunpark/.codex/worktrees/1f98bd1e-95ca-4396-82c1-c34de41a8851/OnTime-front/test/core/backup/backup_service_test.dart: second export, restore, and destructive operation reject while picker is open
00:05 +90: /Users/ejunpark/.codex/worktrees/1f98bd1e-95ca-4396-82c1-c34de41a8851/OnTime-front/test/core/backup/backup_service_test.dart: second export, restore, and destructive operation reject while picker is open
00:05 +91: /Users/ejunpark/.codex/worktrees/1f98bd1e-95ca-4396-82c1-c34de41a8851/OnTime-front/test/core/backup/backup_service_test.dart: second export, restore, and destructive operation reject while picker is open
00:05 +92: /Users/ejunpark/.codex/worktrees/1f98bd1e-95ca-4396-82c1-c34de41a8851/OnTime-front/test/core/backup/backup_service_test.dart: second export, restore, and destructive operation reject while picker is open
00:05 +93: /Users/ejunpark/.codex/worktrees/1f98bd1e-95ca-4396-82c1-c34de41a8851/OnTime-front/test/core/backup/backup_service_test.dart: second export, restore, and destructive operation reject while picker is open
00:05 +94: /Users/ejunpark/.codex/worktrees/1f98bd1e-95ca-4396-82c1-c34de41a8851/OnTime-front/test/core/backup/backup_service_test.dart: second export, restore, and destructive operation reject while picker is open
00:05 +95: /Users/ejunpark/.codex/worktrees/1f98bd1e-95ca-4396-82c1-c34de41a8851/OnTime-front/test/core/backup/backup_service_test.dart: second export, restore, and destructive operation reject while picker is open
00:05 +96: /Users/ejunpark/.codex/worktrees/1f98bd1e-95ca-4396-82c1-c34de41a8851/OnTime-front/test/core/backup/backup_service_test.dart: second export, restore, and destructive operation reject while picker is open
00:05 +97: /Users/ejunpark/.codex/worktrees/1f98bd1e-95ca-4396-82c1-c34de41a8851/OnTime-front/test/core/backup/backup_restore_picker_test.dart: cancel does not decrypt and a later valid selection can be previewed
00:05 +98: /Users/ejunpark/.codex/worktrees/1f98bd1e-95ca-4396-82c1-c34de41a8851/OnTime-front/test/core/backup/backup_restore_picker_test.dart: cancel does not decrypt and a later valid selection can be previewed
00:05 +99: /Users/ejunpark/.codex/worktrees/1f98bd1e-95ca-4396-82c1-c34de41a8851/OnTime-front/test/core/backup/backup_restore_picker_test.dart: cancel does not decrypt and a later valid selection can be previewed
00:05 +100: /Users/ejunpark/.codex/worktrees/1f98bd1e-95ca-4396-82c1-c34de41a8851/OnTime-front/test/core/backup/backup_restore_picker_test.dart: cancel does not decrypt and a later valid selection can be previewed
00:05 +101: /Users/ejunpark/.codex/worktrees/1f98bd1e-95ca-4396-82c1-c34de41a8851/OnTime-front/test/core/backup/backup_restore_picker_test.dart: cancel does not decrypt and a later valid selection can be previewed
00:05 +102: /Users/ejunpark/.codex/worktrees/1f98bd1e-95ca-4396-82c1-c34de41a8851/OnTime-front/test/core/backup/backup_restore_picker_test.dart: cancel does not decrypt and a later valid selection can be previewed
00:05 +103: /Users/ejunpark/.codex/worktrees/1f98bd1e-95ca-4396-82c1-c34de41a8851/OnTime-front/test/core/backup/backup_restore_picker_test.dart: cancel does not decrypt and a later valid selection can be previewed
00:05 +104: /Users/ejunpark/.codex/worktrees/1f98bd1e-95ca-4396-82c1-c34de41a8851/OnTime-front/test/core/backup/backup_restore_picker_test.dart: cancel does not decrypt and a later valid selection can be previewed
00:05 +105: /Users/ejunpark/.codex/worktrees/1f98bd1e-95ca-4396-82c1-c34de41a8851/OnTime-front/test/core/backup/backup_restore_picker_test.dart: cancel does not decrypt and a later valid selection can be previewed
00:05 +106: /Users/ejunpark/.codex/worktrees/1f98bd1e-95ca-4396-82c1-c34de41a8851/OnTime-front/test/core/backup/backup_restore_picker_test.dart: cancel does not decrypt and a later valid selection can be previewed
00:05 +107: /Users/ejunpark/.codex/worktrees/1f98bd1e-95ca-4396-82c1-c34de41a8851/OnTime-front/test/core/backup/backup_restore_picker_test.dart: cancel does not decrypt and a later valid selection can be previewed
00:05 +108: /Users/ejunpark/.codex/worktrees/1f98bd1e-95ca-4396-82c1-c34de41a8851/OnTime-front/test/core/backup/backup_restore_picker_test.dart: cancel does not decrypt and a later valid selection can be previewed
00:05 +109: /Users/ejunpark/.codex/worktrees/1f98bd1e-95ca-4396-82c1-c34de41a8851/OnTime-front/test/core/backup/backup_restore_picker_test.dart: cancel does not decrypt and a later valid selection can be previewed
00:05 +110: /Users/ejunpark/.codex/worktrees/1f98bd1e-95ca-4396-82c1-c34de41a8851/OnTime-front/test/core/backup/backup_restore_picker_test.dart: cancel does not decrypt and a later valid selection can be previewed
00:06 +111: /Users/ejunpark/.codex/worktrees/1f98bd1e-95ca-4396-82c1-c34de41a8851/OnTime-front/test/core/backup/backup_restore_picker_test.dart: cancel does not decrypt and a later valid selection can be previewed
00:06 +112: /Users/ejunpark/.codex/worktrees/1f98bd1e-95ca-4396-82c1-c34de41a8851/OnTime-front/test/core/backup/backup_restore_picker_test.dart: cancel does not decrypt and a later valid selection can be previewed
00:06 +113: /Users/ejunpark/.codex/worktrees/1f98bd1e-95ca-4396-82c1-c34de41a8851/OnTime-front/test/core/backup/backup_service_test.dart: preview authenticates backup and restore replaces active data
00:06 +114: /Users/ejunpark/.codex/worktrees/1f98bd1e-95ca-4396-82c1-c34de41a8851/OnTime-front/test/core/backup/backup_restore_picker_test.dart: real iOS selected path is read and authenticated before preview
00:06 +115: /Users/ejunpark/.codex/worktrees/1f98bd1e-95ca-4396-82c1-c34de41a8851/OnTime-front/test/core/backup/backup_service_test.dart: format 2 restores owned preparation and exclusions without regenerating deleted slots
00:06 +116: /Users/ejunpark/.codex/worktrees/1f98bd1e-95ca-4396-82c1-c34de41a8851/OnTime-front/test/core/backup/backup_service_test.dart: format 2 restores owned preparation and exclusions without regenerating deleted slots
00:06 +117: /Users/ejunpark/.codex/worktrees/1f98bd1e-95ca-4396-82c1-c34de41a8851/OnTime-front/test/core/backup/backup_service_test.dart: format 2 restores owned preparation and exclusions without regenerating deleted slots
00:06 +118: /Users/ejunpark/.codex/worktrees/1f98bd1e-95ca-4396-82c1-c34de41a8851/OnTime-front/test/core/backup/backup_service_test.dart: format 2 restores owned preparation and exclusions without regenerating deleted slots
00:06 +119: /Users/ejunpark/.codex/worktrees/1f98bd1e-95ca-4396-82c1-c34de41a8851/OnTime-front/test/core/backup/backup_service_test.dart: format 2 restores owned preparation and exclusions without regenerating deleted slots
00:06 +120: /Users/ejunpark/.codex/worktrees/1f98bd1e-95ca-4396-82c1-c34de41a8851/OnTime-front/test/core/backup/backup_restore_picker_test.dart: corrupted backup is rejected without writes
00:06 +121: /Users/ejunpark/.codex/worktrees/1f98bd1e-95ca-4396-82c1-c34de41a8851/OnTime-front/test/core/backup/backup_service_test.dart: format 1 remains importable and malformed new references never replace data
00:06 +122: /Users/ejunpark/.codex/worktrees/1f98bd1e-95ca-4396-82c1-c34de41a8851/OnTime-front/test/core/backup/backup_service_test.dart: format 1 remains importable and malformed new references never replace data
00:07 +123: /Users/ejunpark/.codex/worktrees/1f98bd1e-95ca-4396-82c1-c34de41a8851/OnTime-front/test/core/backup/backup_service_test.dart: format 1 remains importable and malformed new references never replace data
00:07 +124: /Users/ejunpark/.codex/worktrees/1f98bd1e-95ca-4396-82c1-c34de41a8851/OnTime-front/test/core/backup/backup_service_test.dart: format 1 remains importable and malformed new references never replace data
00:07 +125: /Users/ejunpark/.codex/worktrees/1f98bd1e-95ca-4396-82c1-c34de41a8851/OnTime-front/test/core/backup/backup_service_test.dart: format 1 remains importable and malformed new references never replace data
00:07 +126: /Users/ejunpark/.codex/worktrees/1f98bd1e-95ca-4396-82c1-c34de41a8851/OnTime-front/test/core/backup/backup_service_test.dart: format 1 remains importable and malformed new references never replace data
00:07 +127: /Users/ejunpark/.codex/worktrees/1f98bd1e-95ca-4396-82c1-c34de41a8851/OnTime-front/test/core/backup/backup_service_test.dart: format 1 remains importable and malformed new references never replace data
00:07 +128: /Users/ejunpark/.codex/worktrees/1f98bd1e-95ca-4396-82c1-c34de41a8851/OnTime-front/test/core/backup/backup_service_test.dart: format 1 remains importable and malformed new references never replace data
00:07 +129: /Users/ejunpark/.codex/worktrees/1f98bd1e-95ca-4396-82c1-c34de41a8851/OnTime-front/test/core/backup/backup_service_test.dart: format 1 remains importable and malformed new references never replace data
00:07 +130: /Users/ejunpark/.codex/worktrees/1f98bd1e-95ca-4396-82c1-c34de41a8851/OnTime-front/test/core/backup/backup_service_test.dart: format 1 remains importable and malformed new references never replace data
00:07 +131: /Users/ejunpark/.codex/worktrees/1f98bd1e-95ca-4396-82c1-c34de41a8851/OnTime-front/test/core/backup/backup_service_test.dart: format 1 remains importable and malformed new references never replace data
00:07 +132: /Users/ejunpark/.codex/worktrees/1f98bd1e-95ca-4396-82c1-c34de41a8851/OnTime-front/test/core/backup/backup_service_test.dart: format 1 remains importable and malformed new references never replace data
00:07 +133: /Users/ejunpark/.codex/worktrees/1f98bd1e-95ca-4396-82c1-c34de41a8851/OnTime-front/test/core/backup/backup_service_test.dart: format 1 remains importable and malformed new references never replace data
00:07 +134: /Users/ejunpark/.codex/worktrees/1f98bd1e-95ca-4396-82c1-c34de41a8851/OnTime-front/test/core/backup/backup_service_test.dart: format 1 remains importable and malformed new references never replace data
00:07 +135: /Users/ejunpark/.codex/worktrees/1f98bd1e-95ca-4396-82c1-c34de41a8851/OnTime-front/test/core/backup/backup_service_test.dart: format 1 remains importable and malformed new references never replace data
00:07 +136: /Users/ejunpark/.codex/worktrees/1f98bd1e-95ca-4396-82c1-c34de41a8851/OnTime-front/test/core/backup/backup_service_test.dart: format 1 remains importable and malformed new references never replace data
00:07 +137: /Users/ejunpark/.codex/worktrees/1f98bd1e-95ca-4396-82c1-c34de41a8851/OnTime-front/test/core/backup/backup_service_test.dart: format 1 remains importable and malformed new references never replace data
00:07 +138: /Users/ejunpark/.codex/worktrees/1f98bd1e-95ca-4396-82c1-c34de41a8851/OnTime-front/test/core/backup/backup_service_test.dart: format 1 remains importable and malformed new references never replace data
00:07 +139: /Users/ejunpark/.codex/worktrees/1f98bd1e-95ca-4396-82c1-c34de41a8851/OnTime-front/test/core/backup/backup_service_test.dart: format 1 remains importable and malformed new references never replace data
00:07 +140: /Users/ejunpark/.codex/worktrees/1f98bd1e-95ca-4396-82c1-c34de41a8851/OnTime-front/test/core/backup/backup_service_test.dart: format 1 remains importable and malformed new references never replace data
00:07 +141: /Users/ejunpark/.codex/worktrees/1f98bd1e-95ca-4396-82c1-c34de41a8851/OnTime-front/test/core/backup/backup_service_test.dart: format 1 remains importable and malformed new references never replace data
00:07 +142: /Users/ejunpark/.codex/worktrees/1f98bd1e-95ca-4396-82c1-c34de41a8851/OnTime-front/test/core/backup/backup_service_test.dart: format 1 remains importable and malformed new references never replace data
00:07 +143: /Users/ejunpark/.codex/worktrees/1f98bd1e-95ca-4396-82c1-c34de41a8851/OnTime-front/test/core/backup/backup_service_test.dart: format 1 remains importable and malformed new references never replace data
00:07 +144: /Users/ejunpark/.codex/worktrees/1f98bd1e-95ca-4396-82c1-c34de41a8851/OnTime-front/test/core/backup/backup_service_test.dart: format 1 remains importable and malformed new references never replace data
00:07 +145: /Users/ejunpark/.codex/worktrees/1f98bd1e-95ca-4396-82c1-c34de41a8851/OnTime-front/test/core/backup/backup_service_test.dart: wrong password leaves current database unchanged
00:07 +146: /Users/ejunpark/.codex/worktrees/1f98bd1e-95ca-4396-82c1-c34de41a8851/OnTime-front/test/core/services/alarm_ownership_journal_test.dart: independent file retains only cancellation identity across reopen
00:07 +147: /Users/ejunpark/.codex/worktrees/1f98bd1e-95ca-4396-82c1-c34de41a8851/OnTime-front/test/core/services/alarm_ownership_journal_test.dart: interrupted replacement at written reopens a complete committed generation
00:07 +148: /Users/ejunpark/.codex/worktrees/1f98bd1e-95ca-4396-82c1-c34de41a8851/OnTime-front/test/core/services/alarm_ownership_journal_test.dart: interrupted replacement at verified reopens a complete committed generation
00:07 +149: /Users/ejunpark/.codex/worktrees/1f98bd1e-95ca-4396-82c1-c34de41a8851/OnTime-front/test/core/services/alarm_ownership_journal_test.dart: interrupted replacement at renamed reopens a complete committed generation
00:07 +150: /Users/ejunpark/.codex/worktrees/1f98bd1e-95ca-4396-82c1-c34de41a8851/OnTime-front/test/core/services/alarm_ownership_journal_test.dart: interrupted replacement at readBack reopens a complete committed generation
00:07 +151: /Users/ejunpark/.codex/worktrees/1f98bd1e-95ca-4396-82c1-c34de41a8851/OnTime-front/test/core/services/alarm_ownership_journal_test.dart: staged first write is preserved and never reported as an empty installation
00:07 +152: /Users/ejunpark/.codex/worktrees/1f98bd1e-95ca-4396-82c1-c34de41a8851/OnTime-front/test/core/services/alarm_ownership_journal_test.dart: truncated staged first write is preserved and blocks new ownership
00:07 +153: /Users/ejunpark/.codex/worktrees/1f98bd1e-95ca-4396-82c1-c34de41a8851/OnTime-front/test/core/services/alarm_ownership_journal_test.dart: malformed or unsupported committed journal stays intact: {broken
00:07 +154: /Users/ejunpark/.codex/worktrees/1f98bd1e-95ca-4396-82c1-c34de41a8851/OnTime-front/test/core/services/alarm_ownership_journal_test.dart: malformed or unsupported committed journal stays intact: {"version":2}
00:07 +155: /Users/ejunpark/.codex/worktrees/1f98bd1e-95ca-4396-82c1-c34de41a8851/OnTime-front/test/core/services/alarm_ownership_journal_test.dart: malformed or unsupported committed journal stays intact: {"version":1,"ownership":[]}
00:07 +156: /Users/ejunpark/.codex/worktrees/1f98bd1e-95ca-4396-82c1-c34de41a8851/OnTime-front/test/core/services/alarm_ownership_journal_test.dart: backup exclusion failure prevents creating ownership bytes
00:07 +157: /Users/ejunpark/.codex/worktrees/1f98bd1e-95ca-4396-82c1-c34de41a8851/OnTime-front/test/core/services/alarm_ownership_journal_test.dart: only a fully completed reset journal can be removed
00:07 +158: /Users/ejunpark/.codex/worktrees/1f98bd1e-95ca-4396-82c1-c34de41a8851/OnTime-front/test/core/services/alarm_ownership_journal_test.dart: duplicate actual platform IDs are rejected instead of hiding ownership
00:07 +159: /Users/ejunpark/.codex/worktrees/1f98bd1e-95ca-4396-82c1-c34de41a8851/OnTime-front/test/core/services/alarm_ownership_journal_test.dart: impossible completion states cannot be written over a valid journal
00:08 +160: /Users/ejunpark/.codex/worktrees/1f98bd1e-95ca-4396-82c1-c34de41a8851/OnTime-front/test/core/services/alarm_scheduler_service_test.dart: initializeLaunchHandling dispatches cold-start alarm payload
00:08 +161: /Users/ejunpark/.codex/worktrees/1f98bd1e-95ca-4396-82c1-c34de41a8851/OnTime-front/test/core/services/alarm_scheduler_service_test.dart: dispatchPendingLaunchPayload dispatches resumed alarm payload
00:08 +162: /Users/ejunpark/.codex/worktrees/1f98bd1e-95ca-4396-82c1-c34de41a8851/OnTime-front/test/core/services/alarm_scheduler_service_test.dart: getCapabilities maps native alarm provider capabilities
00:08 +163: /Users/ejunpark/.codex/worktrees/1f98bd1e-95ca-4396-82c1-c34de41a8851/OnTime-front/test/core/services/alarm_scheduler_service_test.dart: getCapabilities treats missing platform implementation as unsupported
00:08 +164: /Users/ejunpark/.codex/worktrees/1f98bd1e-95ca-4396-82c1-c34de41a8851/OnTime-front/test/core/services/alarm_scheduler_service_test.dart: getCapabilities treats native platform errors as unsupported
00:08 +165: /Users/ejunpark/.codex/worktrees/1f98bd1e-95ca-4396-82c1-c34de41a8851/OnTime-front/test/core/services/alarm_scheduler_service_test.dart: getCapabilities treats null native response as unsupported
00:08 +166: /Users/ejunpark/.codex/worktrees/1f98bd1e-95ca-4396-82c1-c34de41a8851/OnTime-front/test/core/services/alarm_scheduler_service_test.dart: checkPermission and requestPermission map native wire values
00:08 +167: /Users/ejunpark/.codex/worktrees/1f98bd1e-95ca-4396-82c1-c34de41a8851/OnTime-front/test/core/services/alarm_scheduler_service_test.dart: permission checks treat missing platform implementation as unsupported
00:08 +168: /Users/ejunpark/.codex/worktrees/1f98bd1e-95ca-4396-82c1-c34de41a8851/OnTime-front/test/core/services/alarm_scheduler_service_test.dart: permission checks treat native platform errors as unsupported
00:08 +169: /Users/ejunpark/.codex/worktrees/1f98bd1e-95ca-4396-82c1-c34de41a8851/OnTime-front/test/core/services/alarm_scheduler_service_test.dart: scheduleNativeAlarm sends the native alarm contract payload
00:08 +170: /Users/ejunpark/.codex/worktrees/1f98bd1e-95ca-4396-82c1-c34de41a8851/OnTime-front/test/core/services/alarm_scheduler_service_test.dart: scheduleNativeAlarm exposes permission failures as scheduling exception
00:08 +171: /Users/ejunpark/.codex/worktrees/1f98bd1e-95ca-4396-82c1-c34de41a8851/OnTime-front/test/core/services/alarm_scheduler_service_test.dart: scheduleNativeAlarm maps unsupported and generic native errors
00:08 +172: /Users/ejunpark/.codex/worktrees/1f98bd1e-95ca-4396-82c1-c34de41a8851/OnTime-front/test/core/services/alarm_scheduler_service_test.dart: cancelNativeAlarm sends cancellation payload for scheduled records
00:08 +173: /Users/ejunpark/.codex/worktrees/1f98bd1e-95ca-4396-82c1-c34de41a8851/OnTime-front/test/core/services/alarm_scheduler_service_test.dart: cancelNativeAlarm reports missing native platform as unconfirmed
00:08 +174: /Users/ejunpark/.codex/worktrees/1f98bd1e-95ca-4396-82c1-c34de41a8851/OnTime-front/test/core/services/alarm_scheduler_service_test.dart: cancelNativeAlarm maps native platform failures to scheduling exception
00:08 +175: /Users/ejunpark/.codex/worktrees/1f98bd1e-95ca-4396-82c1-c34de41a8851/OnTime-front/test/core/services/alarm_scheduler_service_test.dart: cancelAllNativeAlarms cancels every provided record in order
00:08 +176: /Users/ejunpark/.codex/worktrees/1f98bd1e-95ca-4396-82c1-c34de41a8851/OnTime-front/test/core/services/alarm_scheduler_service_test.dart: dispatchPendingLaunchPayload ignores invalid and failed payload reads
00:08 +177: /Users/ejunpark/.codex/worktrees/1f98bd1e-95ca-4396-82c1-c34de41a8851/OnTime-front/test/core/services/scheduled_notification_delivery_test.dart: native and fallback send the same ko detailed=false snapshot after persistence
00:08 +178: /Users/ejunpark/.codex/worktrees/1f98bd1e-95ca-4396-82c1-c34de41a8851/OnTime-front/test/core/services/scheduled_notification_delivery_test.dart: native and fallback send the same ko detailed=true snapshot after persistence
00:08 +179: /Users/ejunpark/.codex/worktrees/1f98bd1e-95ca-4396-82c1-c34de41a8851/OnTime-front/test/core/services/scheduled_notification_delivery_test.dart: native and fallback send the same en detailed=false snapshot after persistence
00:08 +180: /Users/ejunpark/.codex/worktrees/1f98bd1e-95ca-4396-82c1-c34de41a8851/OnTime-front/test/core/services/scheduled_notification_delivery_test.dart: native and fallback send the same en detailed=true snapshot after persistence
00:08 +181: /Users/ejunpark/.codex/worktrees/1f98bd1e-95ca-4396-82c1-c34de41a8851/OnTime-front/test/core/services/scheduled_notification_delivery_test.dart: legacy and corrupted content cannot bypass reconciliation at either provider
00:08 +182: /Users/ejunpark/.codex/worktrees/1f98bd1e-95ca-4396-82c1-c34de41a8851/OnTime-front/test/core/services/scheduled_notification_delivery_test.dart: targeted cancel uses the plugin API for pending and presented IDs, never cancelAll
00:08 +183: /Users/ejunpark/.codex/worktrees/1f98bd1e-95ca-4396-82c1-c34de41a8851/OnTime-front/test/core/services/scheduled_notification_delivery_test.dart: targeted cancellation errors are visible to reconciliation
00:08 +184: /Users/ejunpark/.codex/worktrees/1f98bd1e-95ca-4396-82c1-c34de41a8851/OnTime-front/test/core/services/app_metadata_service_test.dart: package info metadata provider returns runtime app metadata
00:08 +185: /Users/ejunpark/.codex/worktrees/1f98bd1e-95ca-4396-82c1-c34de41a8851/OnTime-front/test/core/services/notification_privacy_cleanup_test.dart: owned legacy pending is cancelled without clearing step notifications
00:09 +186: /Users/ejunpark/.codex/worktrees/1f98bd1e-95ca-4396-82c1-c34de41a8851/OnTime-front/test/core/services/notification_privacy_cleanup_test.dart: cancel failure preserves only ownership tombstone and retry converges
00:09 +187: /Users/ejunpark/.codex/worktrees/1f98bd1e-95ca-4396-82c1-c34de41a8851/OnTime-front/test/core/services/notification_privacy_cleanup_test.dart: known schedule payload with invalid route ID cleans owned pending
00:09 +188: /Users/ejunpark/.codex/worktrees/1f98bd1e-95ca-4396-82c1-c34de41a8851/OnTime-front/test/core/services/notification_privacy_cleanup_test.dart: successful cancel call without readback removal is not success
00:09 +189: /Users/ejunpark/.codex/worktrees/1f98bd1e-95ca-4396-82c1-c34de41a8851/OnTime-front/test/core/services/notification_launch_test.dart: cold launch collects once and concurrent initialization is single flight
00:09 +190: /Users/ejunpark/.codex/worktrees/1f98bd1e-95ca-4396-82c1-c34de41a8851/OnTime-front/test/core/services/notification_launch_test.dart: successful empty or invalid launch is consumed without navigation: null
00:09 +191: /Users/ejunpark/.codex/worktrees/1f98bd1e-95ca-4396-82c1-c34de41a8851/OnTime-front/test/core/services/notification_launch_test.dart: successful empty or invalid launch is consumed without navigation: Instance of 'NotificationAppLaunchDetails'
00:09 +192: /Users/ejunpark/.codex/worktrees/1f98bd1e-95ca-4396-82c1-c34de41a8851/OnTime-front/test/core/services/notification_launch_test.dart: successful empty or invalid launch is consumed without navigation: Instance of 'NotificationAppLaunchDetails'
00:09 +193: /Users/ejunpark/.codex/worktrees/1f98bd1e-95ca-4396-82c1-c34de41a8851/OnTime-front/test/core/services/notification_launch_test.dart: getter failure releases single flight and callback still works before retry
00:09 +194: /Users/ejunpark/.codex/worktrees/1f98bd1e-95ca-4396-82c1-c34de41a8851/OnTime-front/test/core/services/notification_launch_test.dart: callback B arriving while cold A getter waits wins, raw legacy fields removed
00:09 +195: /Users/ejunpark/.codex/worktrees/1f98bd1e-95ca-4396-82c1-c34de41a8851/OnTime-front/test/core/services/notification_launch_test.dart: callback before delegate installation preserves only safe latest payload
00:09 +196: /Users/ejunpark/.codex/worktrees/1f98bd1e-95ca-4396-82c1-c34de41a8851/OnTime-front/test/core/services/notification_launch_test.dart: Noop to installed delegate cannot let slow cold A overwrite native B
00:09 +197: /Users/ejunpark/.codex/worktrees/1f98bd1e-95ca-4396-82c1-c34de41a8851/OnTime-front/test/core/services/notification_launch_test.dart: data replacement invalidates delayed initial launch
00:09 +198: loading /Users/ejunpark/.codex/worktrees/1f98bd1e-95ca-4396-82c1-c34de41a8851/OnTime-front/test/core/services/delivery_observation_test.dart
00:09 +198: /Users/ejunpark/.codex/worktrees/1f98bd1e-95ca-4396-82c1-c34de41a8851/OnTime-front/test/core/services/delivery_observation_test.dart: Android cache observation preserves source and minimal ownership
00:09 +199: /Users/ejunpark/.codex/worktrees/1f98bd1e-95ca-4396-82c1-c34de41a8851/OnTime-front/test/core/services/delivery_observation_test.dart: Android read failure is unknown, not absent
00:10 +200: /Users/ejunpark/.codex/worktrees/1f98bd1e-95ca-4396-82c1-c34de41a8851/OnTime-front/test/core/services/delivery_observation_test.dart: Android cancel needs public success and post read-back
00:10 +201: /Users/ejunpark/.codex/worktrees/1f98bd1e-95ca-4396-82c1-c34de41a8851/OnTime-front/test/core/services/delivery_observation_test.dart: Android cache absence does not hide cancel failure
00:10 +202: /Users/ejunpark/.codex/worktrees/1f98bd1e-95ca-4396-82c1-c34de41a8851/OnTime-front/test/core/services/delivery_observation_test.dart: Android remaining ID and failed post query are unconfirmed cancellations
00:10 +203: /Users/ejunpark/.codex/worktrees/1f98bd1e-95ca-4396-82c1-c34de41a8851/OnTime-front/test/core/services/delivery_observation_test.dart: iOS OS observation preserves source and minimal ownership
00:10 +204: /Users/ejunpark/.codex/worktrees/1f98bd1e-95ca-4396-82c1-c34de41a8851/OnTime-front/test/core/services/delivery_observation_test.dart: iOS read failure is unknown, not absent
00:10 +205: /Users/ejunpark/.codex/worktrees/1f98bd1e-95ca-4396-82c1-c34de41a8851/OnTime-front/test/core/services/delivery_observation_test.dart: iOS cancel needs public success and post read-back
00:10 +206: /Users/ejunpark/.codex/worktrees/1f98bd1e-95ca-4396-82c1-c34de41a8851/OnTime-front/test/core/services/delivery_observation_test.dart: iOS cache absence does not hide cancel failure
00:10 +207: /Users/ejunpark/.codex/worktrees/1f98bd1e-95ca-4396-82c1-c34de41a8851/OnTime-front/test/core/services/delivery_observation_test.dart: iOS remaining ID and failed post query are unconfirmed cancellations
00:10 +208: /Users/ejunpark/.codex/worktrees/1f98bd1e-95ca-4396-82c1-c34de41a8851/OnTime-front/test/core/services/delivery_observation_test.dart: AlarmKit observation rejects unavailable, malformed and unrelated IDs
00:10 +209: /Users/ejunpark/.codex/worktrees/1f98bd1e-95ca-4396-82c1-c34de41a8851/OnTime-front/test/core/services/delivery_observation_test.dart: AlarmKit already absent is idempotent; present cancel requires fresh absence
00:10 +210: /Users/ejunpark/.codex/worktrees/1f98bd1e-95ca-4396-82c1-c34de41a8851/OnTime-front/test/core/services/runtime_privacy_migration_test.dart: all legacy runs migrate, orphans clear, unrelated settings survive
00:10 +211: /Users/ejunpark/.codex/worktrees/1f98bd1e-95ca-4396-82c1-c34de41a8851/OnTime-front/test/core/services/runtime_privacy_migration_test.dart: platform cleanup failure is visible and retryable, without raw content
00:10 +212: /Users/ejunpark/.codex/worktrees/1f98bd1e-95ca-4396-82c1-c34de41a8851/OnTime-front/test/core/services/runtime_privacy_migration_test.dart: DB-unavailable cleanup removes legacy raw and does not touch unrelated data
00:10 +213: /Users/ejunpark/.codex/worktrees/1f98bd1e-95ca-4396-82c1-c34de41a8851/OnTime-front/test/core/services/notification_routing_test.dart: localizedNotificationText selects Korean text only for Korean locale
00:10 +214: /Users/ejunpark/.codex/worktrees/1f98bd1e-95ca-4396-82c1-c34de41a8851/OnTime-front/test/core/services/notification_routing_test.dart: isScheduleAlarmPayload detects native alarm payloads without suppressing schedule notifications
00:10 +215: /Users/ejunpark/.codex/worktrees/1f98bd1e-95ca-4396-82c1-c34de41a8851/OnTime-front/test/core/services/notification_routing_test.dart: notificationRouteForPayloadString routes schedule notification payload to the schedule start screen
00:10 +216: /Users/ejunpark/.codex/worktrees/1f98bd1e-95ca-4396-82c1-c34de41a8851/OnTime-front/test/core/services/notification_routing_test.dart: notificationRouteForPayloadString routes five-minute prompts as early-start schedule starts
00:10 +217: /Users/ejunpark/.codex/worktrees/1f98bd1e-95ca-4396-82c1-c34de41a8851/OnTime-front/test/core/services/notification_routing_test.dart: notificationRouteForPayloadString routes schedule and preparation updates to the alarm screen
00:10 +218: /Users/ejunpark/.codex/worktrees/1f98bd1e-95ca-4396-82c1-c34de41a8851/OnTime-front/test/core/services/notification_routing_test.dart: notificationRouteForPayloadString ignores null, invalid, and unrelated payloads
00:10 +219: /Users/ejunpark/.codex/worktrees/1f98bd1e-95ca-4396-82c1-c34de41a8851/OnTime-front/test/core/services/notification_routing_test.dart: invalid schedule hints never route to nearest preparation
00:10 +220: /Users/ejunpark/.codex/worktrees/1f98bd1e-95ca-4396-82c1-c34de41a8851/OnTime-front/test/core/services/notification_routing_test.dart: notificationRouteForData routes decoded local payload data with the same rules
00:10 +221: /Users/ejunpark/.codex/worktrees/1f98bd1e-95ca-4396-82c1-c34de41a8851/OnTime-front/test/core/services/android_notification_timing_test.dart: fresh permission chooses exact then approximate without full-screen
00:10 +222: /Users/ejunpark/.codex/worktrees/1f98bd1e-95ca-4396-82c1-c34de41a8851/OnTime-front/test/local_only_boundary_test.dart: product source and release configuration contain no network client
00:10 +223: /Users/ejunpark/.codex/worktrees/1f98bd1e-95ca-4396-82c1-c34de41a8851/OnTime-front/test/local_only_boundary_test.dart: product source and release configuration contain no network client
00:10 +224: /Users/ejunpark/.codex/worktrees/1f98bd1e-95ca-4396-82c1-c34de41a8851/OnTime-front/test/local_only_boundary_test.dart: product source and release configuration contain no network client
00:10 +225: /Users/ejunpark/.codex/worktrees/1f98bd1e-95ca-4396-82c1-c34de41a8851/OnTime-front/test/local_only_boundary_test.dart: product source and release configuration contain no network client
00:10 +226: /Users/ejunpark/.codex/worktrees/1f98bd1e-95ca-4396-82c1-c34de41a8851/OnTime-front/test/local_only_boundary_test.dart: product source and release configuration contain no network client
00:10 +227: /Users/ejunpark/.codex/worktrees/1f98bd1e-95ca-4396-82c1-c34de41a8851/OnTime-front/test/local_only_boundary_test.dart: product source and release configuration contain no network client
00:10 +228: /Users/ejunpark/.codex/worktrees/1f98bd1e-95ca-4396-82c1-c34de41a8851/OnTime-front/test/local_only_boundary_test.dart: product source and release configuration contain no network client
00:10 +229: /Users/ejunpark/.codex/worktrees/1f98bd1e-95ca-4396-82c1-c34de41a8851/OnTime-front/test/local_only_boundary_test.dart: product source and release configuration contain no network client
00:10 +230: /Users/ejunpark/.codex/worktrees/1f98bd1e-95ca-4396-82c1-c34de41a8851/OnTime-front/test/local_only_boundary_test.dart: iOS remote notification hooks violate the local-only boundary
00:10 +231: /Users/ejunpark/.codex/worktrees/1f98bd1e-95ca-4396-82c1-c34de41a8851/OnTime-front/test/local_only_boundary_test.dart: web remote bootstrap resources violate the local-only boundary
00:10 +232: loading /Users/ejunpark/.codex/worktrees/1f98bd1e-95ca-4396-82c1-c34de41a8851/OnTime-front/test/data/repositories/schedule_start_transaction_test.dart
00:11 +232: /Users/ejunpark/.codex/worktrees/1f98bd1e-95ca-4396-82c1-c34de41a8851/OnTime-front/test/data/repositories/schedule_start_transaction_test.dart: a failed revision write rolls back the schedule transition and retry succeeds
00:11 +233: /Users/ejunpark/.codex/worktrees/1f98bd1e-95ca-4396-82c1-c34de41a8851/OnTime-front/test/data/repositories/schedule_start_transaction_test.dart: concurrent and repeated starts preserve first timestamp and one revision
00:11 +234: /Users/ejunpark/.codex/worktrees/1f98bd1e-95ca-4396-82c1-c34de41a8851/OnTime-front/test/data/repositories/schedule_start_transaction_test.dart: fresh session respects valid run vs explicit confirmation=false missing=false without overwriting durable first start
00:11 +235: /Users/ejunpark/.codex/worktrees/1f98bd1e-95ca-4396-82c1-c34de41a8851/OnTime-front/test/data/repositories/alarm_registry_repository_impl_test.dart: real storage retains every failed platform ownership for the same Schedule
00:11 +236: /Users/ejunpark/.codex/worktrees/1f98bd1e-95ca-4396-82c1-c34de41a8851/OnTime-front/test/data/repositories/schedule_start_transaction_test.dart: fresh session respects valid run vs explicit confirmation=true missing=false without overwriting durable first start
00:11 +237: /Users/ejunpark/.codex/worktrees/1f98bd1e-95ca-4396-82c1-c34de41a8851/OnTime-front/test/data/repositories/alarm_registry_repository_impl_test.dart: real registry preserves duplicate ownership until confirmed cancellation: failure=false
00:11 +238: /Users/ejunpark/.codex/worktrees/1f98bd1e-95ca-4396-82c1-c34de41a8851/OnTime-front/test/data/repositories/alarm_registry_repository_impl_test.dart: real registry preserves duplicate ownership until confirmed cancellation: failure=false
00:11 +239: /Users/ejunpark/.codex/worktrees/1f98bd1e-95ca-4396-82c1-c34de41a8851/OnTime-front/test/data/repositories/recurring_schedule_repository_test.dart: series owns reusable preparation and create retries are idempotent
00:11 +240: /Users/ejunpark/.codex/worktrees/1f98bd1e-95ca-4396-82c1-c34de41a8851/OnTime-front/test/data/repositories/recurring_schedule_repository_test.dart: series owns reusable preparation and create retries are idempotent
00:11 +241: /Users/ejunpark/.codex/worktrees/1f98bd1e-95ca-4396-82c1-c34de41a8851/OnTime-front/test/data/repositories/recurring_schedule_repository_test.dart: series owns reusable preparation and create retries are idempotent
00:11 +242: /Users/ejunpark/.codex/worktrees/1f98bd1e-95ca-4396-82c1-c34de41a8851/OnTime-front/test/data/repositories/recurring_schedule_repository_test.dart: series owns reusable preparation and create retries are idempotent
00:11 +243: /Users/ejunpark/.codex/worktrees/1f98bd1e-95ca-4396-82c1-c34de41a8851/OnTime-front/test/data/repositories/recurring_schedule_repository_test.dart: series owns reusable preparation and create retries are idempotent
00:11 +244: /Users/ejunpark/.codex/worktrees/1f98bd1e-95ca-4396-82c1-c34de41a8851/OnTime-front/test/data/repositories/recurring_schedule_repository_test.dart: series owns reusable preparation and create retries are idempotent
00:11 +245: /Users/ejunpark/.codex/worktrees/1f98bd1e-95ca-4396-82c1-c34de41a8851/OnTime-front/test/data/repositories/recurring_schedule_repository_test.dart: series owns reusable preparation and create retries are idempotent
00:11 +246: /Users/ejunpark/.codex/worktrees/1f98bd1e-95ca-4396-82c1-c34de41a8851/OnTime-front/test/data/repositories/recurring_schedule_repository_test.dart: series owns reusable preparation and create retries are idempotent
00:11 +247: /Users/ejunpark/.codex/worktrees/1f98bd1e-95ca-4396-82c1-c34de41a8851/OnTime-front/test/data/repositories/recurring_schedule_repository_test.dart: series owns reusable preparation and create retries are idempotent
00:11 +248: /Users/ejunpark/.codex/worktrees/1f98bd1e-95ca-4396-82c1-c34de41a8851/OnTime-front/test/data/repositories/recurring_schedule_repository_test.dart: deleting one occurrence never refills the count after rematerialization
00:11 +249: /Users/ejunpark/.codex/worktrees/1f98bd1e-95ca-4396-82c1-c34de41a8851/OnTime-front/test/data/repositories/local_schedule_score_test.dart: normal and late finishes contribute once while deletion preserves aggregate
00:11 +250: /Users/ejunpark/.codex/worktrees/1f98bd1e-95ca-4396-82c1-c34de41a8851/OnTime-front/test/data/repositories/local_schedule_score_test.dart: normal and late finishes contribute once while deletion preserves aggregate
00:11 +251: /Users/ejunpark/.codex/worktrees/1f98bd1e-95ca-4396-82c1-c34de41a8851/OnTime-front/test/data/repositories/recurring_schedule_repository_test.dart: a detached occurrence and a later new slot on its original date remain distinct
00:11 +252: /Users/ejunpark/.codex/worktrees/1f98bd1e-95ca-4396-82c1-c34de41a8851/OnTime-front/test/data/repositories/recurring_schedule_repository_test.dart: bulk changes preserve only overridden fields and preparation
00:11 +253: /Users/ejunpark/.codex/worktrees/1f98bd1e-95ca-4396-82c1-c34de41a8851/OnTime-front/test/data/repositories/recurring_schedule_repository_test.dart: ending following leaves active and historical rows and their preparations intact
00:11 +254: /Users/ejunpark/.codex/worktrees/1f98bd1e-95ca-4396-82c1-c34de41a8851/OnTime-front/test/data/repositories/recurring_schedule_repository_test.dart: finite conflicts require explicit exclusion and excluded slots consume count
00:12 +255: /Users/ejunpark/.codex/worktrees/1f98bd1e-95ca-4396-82c1-c34de41a8851/OnTime-front/test/data/repositories/recurring_schedule_repository_test.dart: place edits never rename another occurrence or historical place
00:12 +256: /Users/ejunpark/.codex/worktrees/1f98bd1e-95ca-4396-82c1-c34de41a8851/OnTime-front/test/data/repositories/recurring_schedule_repository_test.dart: bulk edit preserves active preparation and consumes its original count
00:12 +257: /Users/ejunpark/.codex/worktrees/1f98bd1e-95ca-4396-82c1-c34de41a8851/OnTime-front/test/data/repositories/recurring_schedule_repository_test.dart: stale first occurrence approval asks for review without changing durable data
00:12 +258: /Users/ejunpark/.codex/worktrees/1f98bd1e-95ca-4396-82c1-c34de41a8851/OnTime-front/test/data/repositories/recurring_schedule_repository_test.dart: explicit count edit replaces the remaining budget
00:12 +259: /Users/ejunpark/.codex/worktrees/1f98bd1e-95ca-4396-82c1-c34de41a8851/OnTime-front/test/data/repositories/recurring_schedule_repository_test.dart: a deleted slot remains consumed when the new weekdays omit that date
00:12 +260: /Users/ejunpark/.codex/worktrees/1f98bd1e-95ca-4396-82c1-c34de41a8851/OnTime-front/test/data/repositories/recurring_schedule_repository_test.dart: unbounded series detects persistent rule collisions and stores only nearby occurrences
00:12 +261: /Users/ejunpark/.codex/worktrees/1f98bd1e-95ca-4396-82c1-c34de41a8851/OnTime-front/test/data/repositories/recurring_schedule_repository_test.dart: unbounded daily intervals prove conflicts beyond deleted occurrences
00:12 +262: /Users/ejunpark/.codex/worktrees/1f98bd1e-95ca-4396-82c1-c34de41a8851/OnTime-front/test/data/repositories/recurring_schedule_repository_test.dart: an override cannot be moved into another occurrence preparation window
00:12 +263: /Users/ejunpark/.codex/worktrees/1f98bd1e-95ca-4396-82c1-c34de41a8851/OnTime-front/test/data/repositories/profile_write_preservation_test.dart: alarm repository returns preserved offset and detail preference from the DB
00:13 +264: /Users/ejunpark/.codex/worktrees/1f98bd1e-95ca-4396-82c1-c34de41a8851/OnTime-front/test/data/repositories/profile_write_preservation_test.dart: alarm repository returns preserved offset and detail preference from the DB
00:13 +265: /Users/ejunpark/.codex/worktrees/1f98bd1e-95ca-4396-82c1-c34de41a8851/OnTime-front/test/data/data_sources/alarm_registry_local_data_source_test.dart: missing registry is not mistaken for a corrupt registry
00:13 +266: /Users/ejunpark/.codex/worktrees/1f98bd1e-95ca-4396-82c1-c34de41a8851/OnTime-front/test/data/repositories/profile_write_preservation_test.dart: score reset starts a new aggregate without recounting old completions
00:13 +267: /Users/ejunpark/.codex/worktrees/1f98bd1e-95ca-4396-82c1-c34de41a8851/OnTime-front/test/data/repositories/profile_write_preservation_test.dart: score reset starts a new aggregate without recounting old completions
00:13 +268: /Users/ejunpark/.codex/worktrees/1f98bd1e-95ca-4396-82c1-c34de41a8851/OnTime-front/test/data/repositories/profile_write_preservation_test.dart: score reset starts a new aggregate without recounting old completions
00:13 +269: /Users/ejunpark/.codex/worktrees/1f98bd1e-95ca-4396-82c1-c34de41a8851/OnTime-front/test/data/repositories/profile_write_preservation_test.dart: score reset starts a new aggregate without recounting old completions
00:13 +270: /Users/ejunpark/.codex/worktrees/1f98bd1e-95ca-4396-82c1-c34de41a8851/OnTime-front/test/data/data_sources/alarm_registry_local_data_source_test.dart: replaceAll persists records and removes the key when cleared
00:13 +271: /Users/ejunpark/.codex/worktrees/1f98bd1e-95ca-4396-82c1-c34de41a8851/OnTime-front/test/data/repositories/profile_write_preservation_test.dart: spare time preserves preferences, scores and export metadata
00:13 +272: /Users/ejunpark/.codex/worktrees/1f98bd1e-95ca-4396-82c1-c34de41a8851/OnTime-front/test/data/repositories/profile_write_preservation_test.dart: spare time preserves preferences, scores and export metadata
00:13 +273: /Users/ejunpark/.codex/worktrees/1f98bd1e-95ca-4396-82c1-c34de41a8851/OnTime-front/test/data/repositories/profile_write_preservation_test.dart: spare time preserves preferences, scores and export metadata
00:13 +274: /Users/ejunpark/.codex/worktrees/1f98bd1e-95ca-4396-82c1-c34de41a8851/OnTime-front/test/data/data_sources/alarm_registry_local_data_source_test.dart: preferences round trip preserves NotificationTiming.exact and ownership pending=false
00:13 +275: /Users/ejunpark/.codex/worktrees/1f98bd1e-95ca-4396-82c1-c34de41a8851/OnTime-front/test/data/repositories/profile_write_preservation_test.dart: repeated initial creation cannot replace an existing profile
00:13 +276: /Users/ejunpark/.codex/worktrees/1f98bd1e-95ca-4396-82c1-c34de41a8851/OnTime-front/test/data/repositories/profile_write_preservation_test.dart: repeated initial creation cannot replace an existing profile
00:13 +277: /Users/ejunpark/.codex/worktrees/1f98bd1e-95ca-4396-82c1-c34de41a8851/OnTime-front/test/data/repositories/profile_write_preservation_test.dart: repeated initial creation cannot replace an existing profile
00:13 +278: /Users/ejunpark/.codex/worktrees/1f98bd1e-95ca-4396-82c1-c34de41a8851/OnTime-front/test/data/repositories/profile_write_preservation_test.dart: repeated initial creation cannot replace an existing profile
00:13 +279: /Users/ejunpark/.codex/worktrees/1f98bd1e-95ca-4396-82c1-c34de41a8851/OnTime-front/test/data/repositories/profile_write_preservation_test.dart: same preferences and empty score reset are exact no-ops
00:13 +280: /Users/ejunpark/.codex/worktrees/1f98bd1e-95ca-4396-82c1-c34de41a8851/OnTime-front/test/data/data_sources/schedule_local_data_source_test.dart: creates and reads a schedule with its place
00:13 +281: /Users/ejunpark/.codex/worktrees/1f98bd1e-95ca-4396-82c1-c34de41a8851/OnTime-front/test/data/data_sources/schedule_local_data_source_test.dart: creates and reads a schedule with its place
00:13 +282: /Users/ejunpark/.codex/worktrees/1f98bd1e-95ca-4396-82c1-c34de41a8851/OnTime-front/test/data/data_sources/schedule_local_data_source_test.dart: creates and reads a schedule with its place
00:13 +283: /Users/ejunpark/.codex/worktrees/1f98bd1e-95ca-4396-82c1-c34de41a8851/OnTime-front/test/data/data_sources/schedule_local_data_source_test.dart: creates and reads a schedule with its place
00:13 +284: /Users/ejunpark/.codex/worktrees/1f98bd1e-95ca-4396-82c1-c34de41a8851/OnTime-front/test/data/data_sources/schedule_local_data_source_test.dart: creates and reads a schedule with its place
00:13 +285: /Users/ejunpark/.codex/worktrees/1f98bd1e-95ca-4396-82c1-c34de41a8851/OnTime-front/test/data/data_sources/schedule_local_data_source_test.dart: creates and reads a schedule with its place
00:13 +286: /Users/ejunpark/.codex/worktrees/1f98bd1e-95ca-4396-82c1-c34de41a8851/OnTime-front/test/data/data_sources/schedule_local_data_source_test.dart: creates and reads a schedule with its place
00:13 +287: /Users/ejunpark/.codex/worktrees/1f98bd1e-95ca-4396-82c1-c34de41a8851/OnTime-front/test/data/repositories/profile_write_preservation_test.dart: multiple preparation steps are a no-op even when caller omits links
00:13 +288: /Users/ejunpark/.codex/worktrees/1f98bd1e-95ca-4396-82c1-c34de41a8851/OnTime-front/test/data/data_sources/schedule_local_data_source_test.dart: filters schedules by date range and updates schedule fields
00:13 +289: /Users/ejunpark/.codex/worktrees/1f98bd1e-95ca-4396-82c1-c34de41a8851/OnTime-front/test/data/data_sources/schedule_local_data_source_test.dart: filters schedules by date range and updates schedule fields
00:13 +290: /Users/ejunpark/.codex/worktrees/1f98bd1e-95ca-4396-82c1-c34de41a8851/OnTime-front/test/data/repositories/profile_write_preservation_test.dart: empty profile starts without a durable revision and creation is race safe
00:13 +291: /Users/ejunpark/.codex/worktrees/1f98bd1e-95ca-4396-82c1-c34de41a8851/OnTime-front/test/data/data_sources/schedule_local_data_source_test.dart: filters schedule date ranges as start-inclusive and end-exclusive
00:13 +292: /Users/ejunpark/.codex/worktrees/1f98bd1e-95ca-4396-82c1-c34de41a8851/OnTime-front/test/data/repositories/profile_write_preservation_test.dart: raw revision update notifies DB watchers and failed profile write publishes no success
00:13 +293: /Users/ejunpark/.codex/worktrees/1f98bd1e-95ca-4396-82c1-c34de41a8851/OnTime-front/test/data/data_sources/schedule_local_data_source_test.dart: deleteSchedule removes only the requested schedule
00:13 +294: /Users/ejunpark/.codex/worktrees/1f98bd1e-95ca-4396-82c1-c34de41a8851/OnTime-front/test/data/data_sources/preparation_with_time_local_data_source_test.dart: savePreparation persists elapsed step state for a schedule
00:13 +295: /Users/ejunpark/.codex/worktrees/1f98bd1e-95ca-4396-82c1-c34de41a8851/OnTime-front/test/data/data_sources/preparation_with_time_local_data_source_test.dart: savePreparation persists preparation run action events
00:13 +296: /Users/ejunpark/.codex/worktrees/1f98bd1e-95ca-4396-82c1-c34de41a8851/OnTime-front/test/data/data_sources/preparation_with_time_local_data_source_test.dart: loadPreparation returns null for missing or corrupt snapshots
00:13 +297: /Users/ejunpark/.codex/worktrees/1f98bd1e-95ca-4396-82c1-c34de41a8851/OnTime-front/test/data/data_sources/preparation_with_time_local_data_source_test.dart: loadPreparation rejects unverifiable legacy snapshots
00:13 +298: /Users/ejunpark/.codex/worktrees/1f98bd1e-95ca-4396-82c1-c34de41a8851/OnTime-front/test/data/data_sources/preparation_with_time_local_data_source_test.dart: clearPreparation removes only the requested schedule snapshot
00:13 +299: /Users/ejunpark/.codex/worktrees/1f98bd1e-95ca-4396-82c1-c34de41a8851/OnTime-front/test/data/data_sources/preparation_with_time_local_data_source_test.dart: explicit malformed events and negative progress invalidate whole snapshot
00:13 +300: /Users/ejunpark/.codex/worktrees/1f98bd1e-95ca-4396-82c1-c34de41a8851/OnTime-front/test/data/data_sources/preparation_with_time_local_data_source_test.dart: TimedPreparationRepositoryImpl delegates cache lifecycle operations
00:14 +301: /Users/ejunpark/.codex/worktrees/1f98bd1e-95ca-4396-82c1-c34de41a8851/OnTime-front/test/data/data_sources/preparation_local_data_source_test.dart: creates and updates the default user preparation
00:14 +302: /Users/ejunpark/.codex/worktrees/1f98bd1e-95ca-4396-82c1-c34de41a8851/OnTime-front/test/data/data_sources/preparation_local_data_source_test.dart: creates, reads, updates, and deletes custom schedule preparation
00:14 +303: /Users/ejunpark/.codex/worktrees/1f98bd1e-95ca-4396-82c1-c34de41a8851/OnTime-front/test/data/data_sources/preparation_local_data_source_test.dart: deletePreparation rejects empty preparation entities
00:14 +304: /Users/ejunpark/.codex/worktrees/1f98bd1e-95ca-4396-82c1-c34de41a8851/OnTime-front/test/data/data_sources/early_start_session_local_data_source_test.dart: saves and loads the early start timestamp per schedule
00:14 +305: /Users/ejunpark/.codex/worktrees/1f98bd1e-95ca-4396-82c1-c34de41a8851/OnTime-front/test/data/data_sources/early_start_session_local_data_source_test.dart: returns null for missing, corrupt, and incomplete session payloads
00:14 +306: /Users/ejunpark/.codex/worktrees/1f98bd1e-95ca-4396-82c1-c34de41a8851/OnTime-front/test/data/data_sources/early_start_session_local_data_source_test.dart: clearSession removes only the requested schedule session
00:14 +307: /Users/ejunpark/.codex/worktrees/1f98bd1e-95ca-4396-82c1-c34de41a8851/OnTime-front/test/data/mappers/domain_persistence_mappers_test.dart: domain persistence mappers map schedules to and from database rows preserving stored fields
00:14 +308: /Users/ejunpark/.codex/worktrees/1f98bd1e-95ca-4396-82c1-c34de41a8851/OnTime-front/test/data/mappers/domain_persistence_mappers_test.dart: domain persistence mappers maps users to and from database rows preserving profile values
00:14 +309: /Users/ejunpark/.codex/worktrees/1f98bd1e-95ca-4396-82c1-c34de41a8851/OnTime-front/test/data/mappers/domain_persistence_mappers_test.dart: domain persistence mappers empty users cannot be converted to database rows
00:14 +310: /Users/ejunpark/.codex/worktrees/1f98bd1e-95ca-4396-82c1-c34de41a8851/OnTime-front/test/data/mappers/domain_persistence_mappers_test.dart: domain persistence mappers maps places and preparation steps to database rows
00:14 +311: /Users/ejunpark/.codex/worktrees/1f98bd1e-95ca-4396-82c1-c34de41a8851/OnTime-front/test/data/daos/user_dao_test.dart: createUser persists the user profile fields
00:14 +312: /Users/ejunpark/.codex/worktrees/1f98bd1e-95ca-4396-82c1-c34de41a8851/OnTime-front/test/data/daos/user_dao_test.dart: getUserById returns null for an unknown user
00:14 +313: /Users/ejunpark/.codex/worktrees/1f98bd1e-95ca-4396-82c1-c34de41a8851/OnTime-front/test/data/daos/user_dao_test.dart: getAllUsers returns all persisted users as domain entities
00:14 +314: /Users/ejunpark/.codex/worktrees/1f98bd1e-95ca-4396-82c1-c34de41a8851/OnTime-front/test/data/daos/preparation_user_dao_test.dart: createPreparationUser should insert preparation steps and link them as a linked list
00:15 +315: /Users/ejunpark/.codex/worktrees/1f98bd1e-95ca-4396-82c1-c34de41a8851/OnTime-front/test/data/daos/preparation_user_dao_test.dart: getPreparationUsersByUserId should return an empty preparation list when user has no steps
00:15 +316: /Users/ejunpark/.codex/worktrees/1f98bd1e-95ca-4396-82c1-c34de41a8851/OnTime-front/test/data/daos/preparation_user_dao_test.dart: getPreparationUsersByUserId should return ordered preparation steps for a given user
00:15 +317: /Users/ejunpark/.codex/worktrees/1f98bd1e-95ca-4396-82c1-c34de41a8851/OnTime-front/test/data/daos/preparation_user_dao_test.dart: getPreparationUsersByUserId should return ordered preparation steps when rows are out of order
00:15 +318: /Users/ejunpark/.codex/worktrees/1f98bd1e-95ca-4396-82c1-c34de41a8851/OnTime-front/test/data/daos/preparation_user_dao_test.dart: getPreparationUsersByUserId should keep remaining preparation steps when a link is broken
00:15 +319: /Users/ejunpark/.codex/worktrees/1f98bd1e-95ca-4396-82c1-c34de41a8851/OnTime-front/test/data/daos/preparation_user_dao_test.dart: getPreparationUsersByUserId should return each preparation step once when links form a cycle
00:15 +320: /Users/ejunpark/.codex/worktrees/1f98bd1e-95ca-4396-82c1-c34de41a8851/OnTime-front/test/data/daos/preparation_user_dao_test.dart: getPreparationStepById should return one preparation step by id
00:15 +321: /Users/ejunpark/.codex/worktrees/1f98bd1e-95ca-4396-82c1-c34de41a8851/OnTime-front/test/data/daos/preparation_user_dao_test.dart: getPreparationStepById should throw when the preparation step does not exist
00:15 +322: /Users/ejunpark/.codex/worktrees/1f98bd1e-95ca-4396-82c1-c34de41a8851/OnTime-front/test/data/daos/preparation_user_dao_test.dart: deletePreparationUser should delete a preparation step and relink the list
00:15 +323: /Users/ejunpark/.codex/worktrees/1f98bd1e-95ca-4396-82c1-c34de41a8851/OnTime-front/test/data/daos/preparation_user_dao_test.dart: updatePreparationUser should update a preparation step
00:15 +324: /Users/ejunpark/.codex/worktrees/1f98bd1e-95ca-4396-82c1-c34de41a8851/OnTime-front/test/data/daos/schedule_dao_test.dart: missing schedule has typed absence while database failure stays an error
00:15 +325: /Users/ejunpark/.codex/worktrees/1f98bd1e-95ca-4396-82c1-c34de41a8851/OnTime-front/test/data/daos/schedule_dao_test.dart: createSchedule should insert a schedule into the database
00:15 +326: /Users/ejunpark/.codex/worktrees/1f98bd1e-95ca-4396-82c1-c34de41a8851/OnTime-front/test/data/daos/preparation_schedule_dao_test.dart: createPreparationUser should insert preparation steps and link them as a linked list
00:15 +327: /Users/ejunpark/.codex/worktrees/1f98bd1e-95ca-4396-82c1-c34de41a8851/OnTime-front/test/data/daos/preparation_schedule_dao_test.dart: createPreparationUser should insert preparation steps and link them as a linked list
00:15 +328: /Users/ejunpark/.codex/worktrees/1f98bd1e-95ca-4396-82c1-c34de41a8851/OnTime-front/test/data/daos/preparation_schedule_dao_test.dart: createPreparationUser should insert preparation steps and link them as a linked list
00:15 +329: /Users/ejunpark/.codex/worktrees/1f98bd1e-95ca-4396-82c1-c34de41a8851/OnTime-front/test/data/daos/preparation_schedule_dao_test.dart: createPreparationUser should insert preparation steps and link them as a linked list
00:15 +330: /Users/ejunpark/.codex/worktrees/1f98bd1e-95ca-4396-82c1-c34de41a8851/OnTime-front/test/data/daos/preparation_schedule_dao_test.dart: createPreparationUser should insert preparation steps and link them as a linked list
00:15 +331: /Users/ejunpark/.codex/worktrees/1f98bd1e-95ca-4396-82c1-c34de41a8851/OnTime-front/test/data/daos/preparation_schedule_dao_test.dart: createPreparationUser should insert preparation steps and link them as a linked list
00:15 +332: /Users/ejunpark/.codex/worktrees/1f98bd1e-95ca-4396-82c1-c34de41a8851/OnTime-front/test/data/daos/preparation_schedule_dao_test.dart: createPreparationUser should insert preparation steps and link them as a linked list
00:15 +333: /Users/ejunpark/.codex/worktrees/1f98bd1e-95ca-4396-82c1-c34de41a8851/OnTime-front/test/data/daos/preparation_schedule_dao_test.dart: createPreparationUser should insert preparation steps and link them as a linked list
00:15 +334: /Users/ejunpark/.codex/worktrees/1f98bd1e-95ca-4396-82c1-c34de41a8851/OnTime-front/test/data/daos/preparation_schedule_dao_test.dart: createPreparationUser should insert preparation steps and link them as a linked list
00:15 +335: /Users/ejunpark/.codex/worktrees/1f98bd1e-95ca-4396-82c1-c34de41a8851/OnTime-front/test/data/daos/preparation_schedule_dao_test.dart: createPreparationUser should insert preparation steps and link them as a linked list
00:15 +336: /Users/ejunpark/.codex/worktrees/1f98bd1e-95ca-4396-82c1-c34de41a8851/OnTime-front/test/data/daos/preparation_schedule_dao_test.dart: createPreparationUser should insert preparation steps and link them as a linked list
00:15 +337: /Users/ejunpark/.codex/worktrees/1f98bd1e-95ca-4396-82c1-c34de41a8851/OnTime-front/test/data/daos/preparation_schedule_dao_test.dart: createPreparationUser should insert preparation steps and link them as a linked list
00:15 +338: /Users/ejunpark/.codex/worktrees/1f98bd1e-95ca-4396-82c1-c34de41a8851/OnTime-front/test/domain/recurrence/recurrence_engine_test.dart: daily intervals keep civil time and include the end date
00:15 +339: /Users/ejunpark/.codex/worktrees/1f98bd1e-95ca-4396-82c1-c34de41a8851/OnTime-front/test/data/daos/preparation_schedule_dao_test.dart: getPreparationUsersByUserId should return ordered preparation steps for a given user
00:15 +340: /Users/ejunpark/.codex/worktrees/1f98bd1e-95ca-4396-82c1-c34de41a8851/OnTime-front/test/data/daos/preparation_schedule_dao_test.dart: getPreparationUsersByUserId should return ordered preparation steps for a given user
00:16 +341: /Users/ejunpark/.codex/worktrees/1f98bd1e-95ca-4396-82c1-c34de41a8851/OnTime-front/test/data/daos/preparation_schedule_dao_test.dart: getPreparationUsersByUserId should return ordered preparation steps for a given user
00:16 +342: /Users/ejunpark/.codex/worktrees/1f98bd1e-95ca-4396-82c1-c34de41a8851/OnTime-front/test/domain/recurrence/recurrence_engine_test.dart: new series starts at a future preparation and counts from there
00:16 +343: /Users/ejunpark/.codex/worktrees/1f98bd1e-95ca-4396-82c1-c34de41a8851/OnTime-front/test/data/daos/preparation_schedule_dao_test.dart: deletePreparationUser should delete a preparation step and relink the list
00:16 +344: /Users/ejunpark/.codex/worktrees/1f98bd1e-95ca-4396-82c1-c34de41a8851/OnTime-front/test/data/daos/preparation_schedule_dao_test.dart: deletePreparationUser should delete a preparation step and relink the list
00:16 +345: /Users/ejunpark/.codex/worktrees/1f98bd1e-95ca-4396-82c1-c34de41a8851/OnTime-front/test/data/daos/preparation_schedule_dao_test.dart: deletePreparationUser should delete a preparation step and relink the list
00:16 +346: /Users/ejunpark/.codex/worktrees/1f98bd1e-95ca-4396-82c1-c34de41a8851/OnTime-front/test/data/daos/preparation_schedule_dao_test.dart: deletePreparationUser should delete a preparation step and relink the list
00:16 +347: /Users/ejunpark/.codex/worktrees/1f98bd1e-95ca-4396-82c1-c34de41a8851/OnTime-front/test/data/daos/preparation_schedule_dao_test.dart: updatePreparationUser should update a preparation step
00:16 +348: /Users/ejunpark/.codex/worktrees/1f98bd1e-95ca-4396-82c1-c34de41a8851/OnTime-front/test/data/daos/preparation_schedule_dao_test.dart: schedule preparations createPreparationSchedule stores steps as an ordered linked list
00:16 +349: /Users/ejunpark/.codex/worktrees/1f98bd1e-95ca-4396-82c1-c34de41a8851/OnTime-front/test/data/daos/preparation_schedule_dao_test.dart: schedule preparations getPreparationSchedulesByScheduleId returns empty for no steps
00:16 +350: /Users/ejunpark/.codex/worktrees/1f98bd1e-95ca-4396-82c1-c34de41a8851/OnTime-front/test/data/daos/preparation_schedule_dao_test.dart: schedule preparations getPreparationSchedulesByScheduleId orders three linked steps when rows are out of order
00:16 +351: /Users/ejunpark/.codex/worktrees/1f98bd1e-95ca-4396-82c1-c34de41a8851/OnTime-front/test/data/daos/preparation_schedule_dao_test.dart: schedule preparations getPreparationSchedulesByScheduleId keeps remaining steps when a link is broken
00:16 +352: /Users/ejunpark/.codex/worktrees/1f98bd1e-95ca-4396-82c1-c34de41a8851/OnTime-front/test/data/daos/preparation_schedule_dao_test.dart: schedule preparations getPreparationSchedulesByScheduleId returns each step once when links form a cycle
00:16 +353: /Users/ejunpark/.codex/worktrees/1f98bd1e-95ca-4396-82c1-c34de41a8851/OnTime-front/test/data/daos/preparation_schedule_dao_test.dart: schedule preparations getPreparationStepById returns the stored step contract
00:16 +354: /Users/ejunpark/.codex/worktrees/1f98bd1e-95ca-4396-82c1-c34de41a8851/OnTime-front/test/data/daos/preparation_schedule_dao_test.dart: schedule preparations getPreparationStepById throws for a missing step
00:16 +355: /Users/ejunpark/.codex/worktrees/1f98bd1e-95ca-4396-82c1-c34de41a8851/OnTime-front/test/data/daos/preparation_schedule_dao_test.dart: schedule preparations updatePreparationSchedule changes name time and next pointer
00:16 +356: /Users/ejunpark/.codex/worktrees/1f98bd1e-95ca-4396-82c1-c34de41a8851/OnTime-front/test/data/daos/preparation_schedule_dao_test.dart: schedule preparations deletePreparationSchedule removes middle step and relinks neighbors
00:16 +357: /Users/ejunpark/.codex/worktrees/1f98bd1e-95ca-4396-82c1-c34de41a8851/OnTime-front/test/domain/use-cases/reconcile_alarms_use_case_test.dart: Android grant and revoke replace timing while preserving capacity and ownership
00:16 +358: /Users/ejunpark/.codex/worktrees/1f98bd1e-95ca-4396-82c1-c34de41a8851/OnTime-front/test/domain/use-cases/reconcile_alarms_use_case_test.dart: actual downgrade receipt is persisted instead of optimistic permission
00:16 +359: /Users/ejunpark/.codex/worktrees/1f98bd1e-95ca-4396-82c1-c34de41a8851/OnTime-front/test/domain/use-cases/reconcile_alarms_use_case_test.dart: legacy or malformed mode keeps ownership and forces Android replacement
00:16 +360: /Users/ejunpark/.codex/worktrees/1f98bd1e-95ca-4396-82c1-c34de41a8851/OnTime-front/test/domain/use-cases/reconcile_alarms_use_case_test.dart: timing change cannot overwrite a failed cancellation
00:16 +361: /Users/ejunpark/.codex/worktrees/1f98bd1e-95ca-4396-82c1-c34de41a8851/OnTime-front/test/domain/use-cases/reconcile_alarms_use_case_test.dart: display denial plus cancellation failure preserves OS ownership
00:16 +362: /Users/ejunpark/.codex/worktrees/1f98bd1e-95ca-4396-82c1-c34de41a8851/OnTime-front/test/domain/use-cases/reconcile_alarms_use_case_test.dart: requests the full future window and schedules only eligible records
00:16 +363: /Users/ejunpark/.codex/worktrees/1f98bd1e-95ca-4396-82c1-c34de41a8851/OnTime-front/test/domain/use-cases/reconcile_alarms_use_case_test.dart: skips a just-missed alarm instead of scheduling catch-up
00:16 +364: /Users/ejunpark/.codex/worktrees/1f98bd1e-95ca-4396-82c1-c34de41a8851/OnTime-front/test/domain/use-cases/reconcile_alarms_use_case_test.dart: clears an already armed just-missed alarm instead of scheduling catch-up
00:16 +365: /Users/ejunpark/.codex/worktrees/1f98bd1e-95ca-4396-82c1-c34de41a8851/OnTime-front/test/domain/use-cases/reconcile_alarms_use_case_test.dart: android schedule notifications arm beyond 24 hours
00:16 +366: /Users/ejunpark/.codex/worktrees/1f98bd1e-95ca-4396-82c1-c34de41a8851/OnTime-front/test/domain/use-cases/reconcile_alarms_use_case_test.dart: arms only the nearest 60 future alarms and reports the overflow
00:16 +367: /Users/ejunpark/.codex/worktrees/1f98bd1e-95ca-4396-82c1-c34de41a8851/OnTime-front/test/domain/use-cases/reconcile_alarms_use_case_test.dart: keeps alarm content private unless detailed content is enabled
00:16 +368: /Users/ejunpark/.codex/worktrees/1f98bd1e-95ca-4396-82c1-c34de41a8851/OnTime-front/test/domain/use-cases/reconcile_alarms_use_case_test.dart: replaces an existing detailed registration when details are disabled
00:16 +369: /Users/ejunpark/.codex/worktrees/1f98bd1e-95ca-4396-82c1-c34de41a8851/OnTime-front/test/domain/use-cases/reconcile_alarms_use_case_test.dart: does not report private armed or discard evidence when detailed cancellation fails
00:16 +370: /Users/ejunpark/.codex/worktrees/1f98bd1e-95ca-4396-82c1-c34de41a8851/OnTime-front/test/domain/use-cases/reconcile_alarms_use_case_test.dart: changes detailed titles but does not reschedule private title-only edits
00:16 +371: /Users/ejunpark/.codex/worktrees/1f98bd1e-95ca-4396-82c1-c34de41a8851/OnTime-front/test/domain/use-cases/reconcile_alarms_use_case_test.dart: reconciles locale and visible time zone using one content snapshot
00:16 +372: /Users/ejunpark/.codex/worktrees/1f98bd1e-95ca-4396-82c1-c34de41a8851/OnTime-front/test/domain/use-cases/reconcile_alarms_use_case_test.dart: legacy content metadata is replaced once and current persisted metadata is stable
00:16 +373: /Users/ejunpark/.codex/worktrees/1f98bd1e-95ca-4396-82c1-c34de41a8851/OnTime-front/test/domain/use-cases/reconcile_alarms_use_case_test.dart: cancellation failure survives restart, blocks only that ID and retries after recovery
00:16 +374: /Users/ejunpark/.codex/worktrees/1f98bd1e-95ca-4396-82c1-c34de41a8851/OnTime-front/test/domain/use-cases/reconcile_alarms_use_case_test.dart: private scheduling failure never restores details and retries next time
00:16 +375: /Users/ejunpark/.codex/worktrees/1f98bd1e-95ca-4396-82c1-c34de41a8851/OnTime-front/test/domain/use-cases/reconcile_alarms_use_case_test.dart: global disable retains failed cancellation instead of claiming disabled
00:16 +376: /Users/ejunpark/.codex/worktrees/1f98bd1e-95ca-4396-82c1-c34de41a8851/OnTime-front/test/domain/use-cases/reconcile_alarms_use_case_test.dart: cleans a past owned notification without re-emitting it or canceling other IDs
00:16 +377: /Users/ejunpark/.codex/worktrees/1f98bd1e-95ca-4396-82c1-c34de41a8851/OnTime-front/test/domain/use-cases/reconcile_alarms_use_case_test.dart: an already started preparation never receives a new start notification
00:16 +378: /Users/ejunpark/.codex/worktrees/1f98bd1e-95ca-4396-82c1-c34de41a8851/OnTime-front/test/domain/use-cases/reconcile_alarms_use_case_test.dart: iOS native privacy cancellation also preserves failed evidence and retries
00:16 +379: /Users/ejunpark/.codex/worktrees/1f98bd1e-95ca-4396-82c1-c34de41a8851/OnTime-front/test/domain/use-cases/reconcile_alarms_use_case_test.dart: overlapping requests each observe their requested pass
00:16 +380: /Users/ejunpark/.codex/worktrees/1f98bd1e-95ca-4396-82c1-c34de41a8851/OnTime-front/test/domain/use-cases/reconcile_alarms_use_case_test.dart: cancels stale record before rescheduling changed fingerprint
00:16 +381: /Users/ejunpark/.codex/worktrees/1f98bd1e-95ca-4396-82c1-c34de41a8851/OnTime-front/test/domain/use-cases/reconcile_alarms_use_case_test.dart: replaces matching Android native registry record with notification
00:16 +382: /Users/ejunpark/.codex/worktrees/1f98bd1e-95ca-4396-82c1-c34de41a8851/OnTime-front/test/domain/use-cases/reconcile_alarms_use_case_test.dart: keeps matching iOS fallback only when OS pending confirms it
00:16 +383: /Users/ejunpark/.codex/worktrees/1f98bd1e-95ca-4396-82c1-c34de41a8851/OnTime-front/test/domain/use-cases/reconcile_alarms_use_case_test.dart: reschedules stale record with old alarm launch payload version
00:16 +384: /Users/ejunpark/.codex/worktrees/1f98bd1e-95ca-4396-82c1-c34de41a8851/OnTime-front/test/domain/use-cases/reconcile_alarms_use_case_test.dart: uses local notification fallback when native alarms are unsupported
00:16 +385: /Users/ejunpark/.codex/worktrees/1f98bd1e-95ca-4396-82c1-c34de41a8851/OnTime-front/test/domain/use-cases/reconcile_alarms_use_case_test.dart: uses local notification fallback when exact alarm permission is denied
00:16 +386: /Users/ejunpark/.codex/worktrees/1f98bd1e-95ca-4396-82c1-c34de41a8851/OnTime-front/test/domain/use-cases/reconcile_alarms_use_case_test.dart: falls back to local notification when native scheduling fails
00:16 +387: /Users/ejunpark/.codex/worktrees/1f98bd1e-95ca-4396-82c1-c34de41a8851/OnTime-front/test/domain/use-cases/schedule_mutation_alarm_effects_coordinator_test.dart: created and updated schedules reconcile without targeted cancellation
00:16 +388: /Users/ejunpark/.codex/worktrees/1f98bd1e-95ca-4396-82c1-c34de41a8851/OnTime-front/test/domain/use-cases/schedule_mutation_alarm_effects_coordinator_test.dart: created and updated schedules reconcile without targeted cancellation
00:16 +389: /Users/ejunpark/.codex/worktrees/1f98bd1e-95ca-4396-82c1-c34de41a8851/OnTime-front/test/domain/use-cases/schedule_mutation_alarm_effects_coordinator_test.dart: created and updated schedules reconcile without targeted cancellation
00:16 +390: /Users/ejunpark/.codex/worktrees/1f98bd1e-95ca-4396-82c1-c34de41a8851/OnTime-front/test/domain/use-cases/schedule_mutation_alarm_effects_coordinator_test.dart: created and updated schedules reconcile without targeted cancellation
00:16 +391: /Users/ejunpark/.codex/worktrees/1f98bd1e-95ca-4396-82c1-c34de41a8851/OnTime-front/test/domain/use-cases/schedule_mutation_alarm_effects_coordinator_test.dart: created and updated schedules reconcile without targeted cancellation
00:16 +392: /Users/ejunpark/.codex/worktrees/1f98bd1e-95ca-4396-82c1-c34de41a8851/OnTime-front/test/domain/use-cases/schedule_mutation_alarm_effects_coordinator_test.dart: created and updated schedules reconcile without targeted cancellation
00:16 +393: /Users/ejunpark/.codex/worktrees/1f98bd1e-95ca-4396-82c1-c34de41a8851/OnTime-front/test/domain/use-cases/reconcile_alarms_use_case_test.dart: global disabled cancels all local alarms and clears registry
00:16 +394: /Users/ejunpark/.codex/worktrees/1f98bd1e-95ca-4396-82c1-c34de41a8851/OnTime-front/test/domain/use-cases/schedule_mutation_alarm_effects_coordinator_test.dart: deleted and finished schedules accept reconciliation before awaiting cancellation
00:16 +395: /Users/ejunpark/.codex/worktrees/1f98bd1e-95ca-4396-82c1-c34de41a8851/OnTime-front/test/domain/use-cases/schedule_mutation_alarm_effects_coordinator_test.dart: deleted and finished schedules accept reconciliation before awaiting cancellation
00:16 +396: /Users/ejunpark/.codex/worktrees/1f98bd1e-95ca-4396-82c1-c34de41a8851/OnTime-front/test/domain/use-cases/reconcile_alarms_use_case_test.dart: notification permission is reported when fallback notification is unavailable
00:16 +397: /Users/ejunpark/.codex/worktrees/1f98bd1e-95ca-4396-82c1-c34de41a8851/OnTime-front/test/domain/use-cases/schedule_mutation_alarm_effects_coordinator_test.dart: reconciliation failures remain best-effort
00:16 +398: /Users/ejunpark/.codex/worktrees/1f98bd1e-95ca-4396-82c1-c34de41a8851/OnTime-front/test/domain/use-cases/reconcile_alarms_use_case_test.dart: fallback scheduling failures become permission or partial reports
00:16 +399: /Users/ejunpark/.codex/worktrees/1f98bd1e-95ca-4396-82c1-c34de41a8851/OnTime-front/test/domain/use-cases/reconcile_alarms_use_case_test.dart: fallback alarm scheduling exceptions without permission issue are partial failures
00:16 +400: /Users/ejunpark/.codex/worktrees/1f98bd1e-95ca-4396-82c1-c34de41a8851/OnTime-front/test/domain/use-cases/reconcile_alarms_use_case_test.dart: unsupported local providers return unsupported without throwing
00:16 +401: /Users/ejunpark/.codex/worktrees/1f98bd1e-95ca-4396-82c1-c34de41a8851/OnTime-front/test/domain/use-cases/reconcile_alarms_use_case_test.dart: permission check failures degrade to denied or unsupported states
00:16 +402: /Users/ejunpark/.codex/worktrees/1f98bd1e-95ca-4396-82c1-c34de41a8851/OnTime-front/test/domain/use-cases/reconcile_alarms_use_case_test.dart: cancel failures retain retry evidence without claiming armed
00:16 +403: loading /Users/ejunpark/.codex/worktrees/1f98bd1e-95ca-4396-82c1-c34de41a8851/OnTime-front/test/domain/use-cases/get_nearest_upcoming_schedule_use_case_test.dart
00:17 +403: /Users/ejunpark/.codex/worktrees/1f98bd1e-95ca-4396-82c1-c34de41a8851/OnTime-front/test/domain/use-cases/get_nearest_upcoming_schedule_use_case_test.dart: swallows background week load failures before streaming cache
00:17 +404: /Users/ejunpark/.codex/worktrees/1f98bd1e-95ca-4396-82c1-c34de41a8851/OnTime-front/test/domain/use-cases/load_schedule_form_draft_use_case_test.dart: create draft uses default preparation, user spare time, generated ids, and seeded date
00:17 +405: /Users/ejunpark/.codex/worktrees/1f98bd1e-95ca-4396-82c1-c34de41a8851/OnTime-front/test/domain/use-cases/timed_preparation_use_cases_test.dart: SaveTimedPreparationUseCase stores a fingerprinted snapshot
00:17 +406: /Users/ejunpark/.codex/worktrees/1f98bd1e-95ca-4396-82c1-c34de41a8851/OnTime-front/test/domain/use-cases/timed_preparation_use_cases_test.dart: timed preparation read and clear use cases delegate by schedule id
00:17 +407: /Users/ejunpark/.codex/worktrees/1f98bd1e-95ca-4396-82c1-c34de41a8851/OnTime-front/test/domain/use-cases/timed_preparation_use_cases_test.dart: early start session use cases mark read and clear one schedule
00:17 +408: /Users/ejunpark/.codex/worktrees/1f98bd1e-95ca-4396-82c1-c34de41a8851/OnTime-front/test/domain/use-cases/timed_preparation_use_cases_test.dart: timed preparation snapshots copy changed cache fields
00:17 +409: /Users/ejunpark/.codex/worktrees/1f98bd1e-95ca-4396-82c1-c34de41a8851/OnTime-front/test/domain/use-cases/timed_preparation_use_cases_test.dart: LoadAdjacentScheduleWithPreparationUseCase loads each schedule prep
00:17 +410: /Users/ejunpark/.codex/worktrees/1f98bd1e-95ca-4396-82c1-c34de41a8851/OnTime-front/test/domain/use-cases/timed_preparation_use_cases_test.dart: GetPreparationByScheduleIdUseCase waits for matching cache entry
00:17 +411: /Users/ejunpark/.codex/worktrees/1f98bd1e-95ca-4396-82c1-c34de41a8851/OnTime-front/test/domain/use-cases/timed_preparation_use_cases_test.dart: preparation use cases delegate to repository with explicit arguments
00:17 +412: /Users/ejunpark/.codex/worktrees/1f98bd1e-95ca-4396-82c1-c34de41a8851/OnTime-front/test/domain/use-cases/timed_preparation_use_cases_test.dart: default and stream preparation use cases expose repository values
00:17 +413: /Users/ejunpark/.codex/worktrees/1f98bd1e-95ca-4396-82c1-c34de41a8851/OnTime-front/test/domain/use-cases/timed_preparation_use_cases_test.dart: GetNearestUpcomingScheduleUseCase loads prep for nearest active schedule
00:18 +414: /Users/ejunpark/.codex/worktrees/1f98bd1e-95ca-4396-82c1-c34de41a8851/OnTime-front/test/domain/use-cases/schedule_preparation_session_use_case_test.dart: pending callers share failure, then retry the same instance and timestamp
00:18 +415: /Users/ejunpark/.codex/worktrees/1f98bd1e-95ca-4396-82c1-c34de41a8851/OnTime-front/test/domain/use-cases/schedule_preparation_session_use_case_test.dart: snapshot failure is partial and retry preserves a newer skip projection
00:18 +416: /Users/ejunpark/.codex/worktrees/1f98bd1e-95ca-4396-82c1-c34de41a8851/OnTime-front/test/domain/use-cases/schedule_preparation_session_use_case_test.dart: replacement generation does not reuse an old flight or write old runtime
00:18 +417: /Users/ejunpark/.codex/worktrees/1f98bd1e-95ca-4396-82c1-c34de41a8851/OnTime-front/test/domain/use-cases/schedule_preparation_session_use_case_test.dart: marker failure keeps durable run and a bounded retry preserves its clock
00:18 +418: /Users/ejunpark/.codex/worktrees/1f98bd1e-95ca-4396-82c1-c34de41a8851/OnTime-front/test/domain/use-cases/schedule_preparation_session_use_case_test.dart: finish while start cleanup is pending cannot resurrect the run
00:18 +419: /Users/ejunpark/.codex/worktrees/1f98bd1e-95ca-4396-82c1-c34de41a8851/OnTime-front/test/domain/use-cases/schedule_preparation_session_use_case_test.dart: dispose detaches the shared listener without releasing in-flight ownership
00:18 +420: /Users/ejunpark/.codex/worktrees/1f98bd1e-95ca-4396-82c1-c34de41a8851/OnTime-front/test/domain/use-cases/schedule_preparation_session_use_case_test.dart: early start begins the schedule preparation session once and saves progress
00:18 +421: /Users/ejunpark/.codex/worktrees/1f98bd1e-95ca-4396-82c1-c34de41a8851/OnTime-front/test/domain/use-cases/schedule_preparation_session_use_case_test.dart: cancellation failure does not undo committed start or skip its snapshot
00:18 +422: /Users/ejunpark/.codex/worktrees/1f98bd1e-95ca-4396-82c1-c34de41a8851/OnTime-front/test/domain/use-cases/schedule_preparation_session_use_case_test.dart: cancellation failure after finish still clears completed runtime
00:18 +423: /Users/ejunpark/.codex/worktrees/1f98bd1e-95ca-4396-82c1-c34de41a8851/OnTime-front/test/domain/use-cases/schedule_preparation_session_use_case_test.dart: matching timed preparation snapshot restores elapsed session progress
00:18 +424: /Users/ejunpark/.codex/worktrees/1f98bd1e-95ca-4396-82c1-c34de41a8851/OnTime-front/test/domain/use-cases/schedule_preparation_session_use_case_test.dart: stale timed preparation snapshot clears persisted session state
00:18 +425: /Users/ejunpark/.codex/worktrees/1f98bd1e-95ca-4396-82c1-c34de41a8851/OnTime-front/test/domain/use-cases/schedule_preparation_session_use_case_test.dart: ended prompted schedule is rejected and scheduled delivery is cancelled
00:18 +426: /Users/ejunpark/.codex/worktrees/1f98bd1e-95ca-4396-82c1-c34de41a8851/OnTime-front/test/domain/use-cases/schedule_preparation_session_use_case_test.dart: valid prompted schedule loads preparation and returns ready schedule
00:18 +427: /Users/ejunpark/.codex/worktrees/1f98bd1e-95ca-4396-82c1-c34de41a8851/OnTime-front/test/domain/use-cases/schedule_preparation_session_use_case_test.dart: database failure retains both prompt kinds as unavailable
00:18 +428: /Users/ejunpark/.codex/worktrees/1f98bd1e-95ca-4396-82c1-c34de41a8851/OnTime-front/test/domain/use-cases/schedule_preparation_session_use_case_test.dart: BehaviorSubject replay resolves the loaded map and stream errors stay unavailable
00:18 +429: /Users/ejunpark/.codex/worktrees/1f98bd1e-95ca-4396-82c1-c34de41a8851/OnTime-front/test/domain/use-cases/schedule_preparation_session_use_case_test.dart: definitive missing is rejected without treating storage failure as missing
00:18 +430: /Users/ejunpark/.codex/worktrees/1f98bd1e-95ca-4396-82c1-c34de41a8851/OnTime-front/test/domain/use-cases/schedule_preparation_session_use_case_test.dart: finish completes the preparation session and clears scheduled delivery
00:18 +431: /Users/ejunpark/.codex/worktrees/1f98bd1e-95ca-4396-82c1-c34de41a8851/OnTime-front/test/domain/use-cases/local_data_workflows_test.dart: preclaim durable edit rejects without cleanup or generation change
00:18 +432: /Users/ejunpark/.codex/worktrees/1f98bd1e-95ca-4396-82c1-c34de41a8851/OnTime-front/test/domain/use-cases/local_data_workflows_test.dart: preclaim durable edit rejects without cleanup or generation change
00:18 +433: /Users/ejunpark/.codex/worktrees/1f98bd1e-95ca-4396-82c1-c34de41a8851/OnTime-front/test/domain/use-cases/local_data_workflows_test.dart: preclaim durable edit rejects without cleanup or generation change
00:18 +434: /Users/ejunpark/.codex/worktrees/1f98bd1e-95ca-4396-82c1-c34de41a8851/OnTime-front/test/domain/use-cases/local_data_workflows_test.dart: preclaim durable edit rejects without cleanup or generation change
00:18 +435: /Users/ejunpark/.codex/worktrees/1f98bd1e-95ca-4396-82c1-c34de41a8851/OnTime-front/test/domain/use-cases/local_data_workflows_test.dart: preclaim durable edit rejects without cleanup or generation change
00:18 +436: /Users/ejunpark/.codex/worktrees/1f98bd1e-95ca-4396-82c1-c34de41a8851/OnTime-front/test/domain/use-cases/recurring_alarm_integration_test.dart: actual create/update entrypoints rerun after snapshot and retain nearest 60 without materialize loop
00:19 +437: /Users/ejunpark/.codex/worktrees/1f98bd1e-95ca-4396-82c1-c34de41a8851/OnTime-front/test/domain/use-cases/recurring_alarm_integration_test.dart: actual create/update entrypoints rerun after snapshot and retain nearest 60 without materialize loop
00:19 +438: /Users/ejunpark/.codex/worktrees/1f98bd1e-95ca-4396-82c1-c34de41a8851/OnTime-front/test/domain/use-cases/recurring_alarm_integration_test.dart: actual create/update entrypoints rerun after snapshot and retain nearest 60 without materialize loop
00:19 +439: /Users/ejunpark/.codex/worktrees/1f98bd1e-95ca-4396-82c1-c34de41a8851/OnTime-front/test/domain/use-cases/recurring_alarm_integration_test.dart: actual create/update entrypoints rerun after snapshot and retain nearest 60 without materialize loop
00:19 +440: /Users/ejunpark/.codex/worktrees/1f98bd1e-95ca-4396-82c1-c34de41a8851/OnTime-front/test/domain/use-cases/recurring_alarm_integration_test.dart: actual create/update entrypoints rerun after snapshot and retain nearest 60 without materialize loop
00:19 +441: /Users/ejunpark/.codex/worktrees/1f98bd1e-95ca-4396-82c1-c34de41a8851/OnTime-front/test/domain/use-cases/recurring_alarm_integration_test.dart: actual create/update entrypoints rerun after snapshot and retain nearest 60 without materialize loop
00:19 +442: /Users/ejunpark/.codex/worktrees/1f98bd1e-95ca-4396-82c1-c34de41a8851/OnTime-front/test/domain/use-cases/recurring_alarm_integration_test.dart: actual create/update entrypoints rerun after snapshot and retain nearest 60 without materialize loop
00:19 +443: /Users/ejunpark/.codex/worktrees/1f98bd1e-95ca-4396-82c1-c34de41a8851/OnTime-front/test/domain/use-cases/recurring_alarm_integration_test.dart: actual create/update entrypoints rerun after snapshot and retain nearest 60 without materialize loop
00:19 +444: /Users/ejunpark/.codex/worktrees/1f98bd1e-95ca-4396-82c1-c34de41a8851/OnTime-front/test/domain/use-cases/recurring_alarm_integration_test.dart: actual create/update entrypoints rerun after snapshot and retain nearest 60 without materialize loop
00:19 +445: /Users/ejunpark/.codex/worktrees/1f98bd1e-95ca-4396-82c1-c34de41a8851/OnTime-front/test/domain/use-cases/local_data_workflows_test.dart: same token shares full pending receipt and delivery retry never reapplies
00:19 +446: /Users/ejunpark/.codex/worktrees/1f98bd1e-95ca-4396-82c1-c34de41a8851/OnTime-front/test/domain/use-cases/local_data_workflows_test.dart: same token shares full pending receipt and delivery retry never reapplies
00:19 +447: /Users/ejunpark/.codex/worktrees/1f98bd1e-95ca-4396-82c1-c34de41a8851/OnTime-front/test/domain/use-cases/local_data_workflows_test.dart: same token shares full pending receipt and delivery retry never reapplies
00:19 +448: /Users/ejunpark/.codex/worktrees/1f98bd1e-95ca-4396-82c1-c34de41a8851/OnTime-front/test/domain/use-cases/local_data_workflows_test.dart: same token shares full pending receipt and delivery retry never reapplies
00:19 +449: /Users/ejunpark/.codex/worktrees/1f98bd1e-95ca-4396-82c1-c34de41a8851/OnTime-front/test/domain/use-cases/local_data_workflows_test.dart: same token shares full pending receipt and delivery retry never reapplies
00:19 +450: /Users/ejunpark/.codex/worktrees/1f98bd1e-95ca-4396-82c1-c34de41a8851/OnTime-front/test/domain/use-cases/local_data_workflows_test.dart: same token shares full pending receipt and delivery retry never reapplies
00:19 +451: /Users/ejunpark/.codex/worktrees/1f98bd1e-95ca-4396-82c1-c34de41a8851/OnTime-front/test/domain/use-cases/local_data_workflows_test.dart: same token shares full pending receipt and delivery retry never reapplies
00:19 +452: /Users/ejunpark/.codex/worktrees/1f98bd1e-95ca-4396-82c1-c34de41a8851/OnTime-front/test/domain/use-cases/recurring_alarm_integration_test.dart: two unbounded series share the nearest 60 alarms and survive reopening
00:19 +453: /Users/ejunpark/.codex/worktrees/1f98bd1e-95ca-4396-82c1-c34de41a8851/OnTime-front/test/domain/use-cases/local_data_workflows_test.dart: failed actual replacement transaction preserves data and retry commits once
00:20 +454: /Users/ejunpark/.codex/worktrees/1f98bd1e-95ca-4396-82c1-c34de41a8851/OnTime-front/test/domain/use-cases/recurring_alarm_integration_test.dart: deletion cancels one alarm, refills capacity and stays excluded
00:20 +455: /Users/ejunpark/.codex/worktrees/1f98bd1e-95ca-4396-82c1-c34de41a8851/OnTime-front/test/domain/use-cases/local_data_workflows_test.dart: claim generation survives a later replacement before continuation
00:20 +456: /Users/ejunpark/.codex/worktrees/1f98bd1e-95ca-4396-82c1-c34de41a8851/OnTime-front/test/domain/use-cases/local_data_workflows_test.dart: claim generation survives a later replacement before continuation
00:20 +457: /Users/ejunpark/.codex/worktrees/1f98bd1e-95ca-4396-82c1-c34de41a8851/OnTime-front/test/domain/use-cases/local_data_workflows_test.dart: claim generation survives a later replacement before continuation
00:20 +458: /Users/ejunpark/.codex/worktrees/1f98bd1e-95ca-4396-82c1-c34de41a8851/OnTime-front/test/domain/use-cases/local_data_workflows_test.dart: old delayed retry cannot absorb a newer generation receipt
00:20 +459: /Users/ejunpark/.codex/worktrees/1f98bd1e-95ca-4396-82c1-c34de41a8851/OnTime-front/test/domain/use-cases/local_data_workflows_test.dart: old delayed retry cannot absorb a newer generation receipt
00:20 +460: /Users/ejunpark/.codex/worktrees/1f98bd1e-95ca-4396-82c1-c34de41a8851/OnTime-front/test/domain/use-cases/local_data_workflows_test.dart: old delayed retry cannot absorb a newer generation receipt
00:20 +461: /Users/ejunpark/.codex/worktrees/1f98bd1e-95ca-4396-82c1-c34de41a8851/OnTime-front/test/domain/use-cases/local_data_workflows_test.dart: old delayed retry cannot absorb a newer generation receipt
00:20 +462: /Users/ejunpark/.codex/worktrees/1f98bd1e-95ca-4396-82c1-c34de41a8851/OnTime-front/test/domain/use-cases/alarm_reconciliation_concurrency_test.dart: each cutoff finishes without waiting for later edits to become quiet
00:20 +463: /Users/ejunpark/.codex/worktrees/1f98bd1e-95ca-4396-82c1-c34de41a8851/OnTime-front/test/domain/use-cases/alarm_reconciliation_concurrency_test.dart: failed snapshot completes its cutoff and still serves a newer request
00:20 +464: /Users/ejunpark/.codex/worktrees/1f98bd1e-95ca-4396-82c1-c34de41a8851/OnTime-front/test/domain/use-cases/alarm_reconciliation_concurrency_test.dart: failure alone stops; a request from completion starts another pass
00:20 +465: /Users/ejunpark/.codex/worktrees/1f98bd1e-95ca-4396-82c1-c34de41a8851/OnTime-front/test/domain/use-cases/alarm_reconciliation_concurrency_test.dart: replacement waits for the actual late native Future before same-ID reuse
00:20 +466: /Users/ejunpark/.codex/worktrees/1f98bd1e-95ca-4396-82c1-c34de41a8851/OnTime-front/test/domain/use-cases/alarm_reconciliation_concurrency_test.dart: caller timeout cannot release ownership of an unreturned native Future
00:20 +467: /Users/ejunpark/.codex/worktrees/1f98bd1e-95ca-4396-82c1-c34de41a8851/OnTime-front/test/domain/use-cases/alarm_reconciliation_concurrency_test.dart: ordinary export busy does not invalidate a requested pass
00:20 +468: /Users/ejunpark/.codex/worktrees/1f98bd1e-95ca-4396-82c1-c34de41a8851/OnTime-front/test/domain/use-cases/alarm_reconciliation_concurrency_test.dart: replacement cancellation failure retains evidence and prevents replacement
00:20 +469: /Users/ejunpark/.codex/worktrees/1f98bd1e-95ca-4396-82c1-c34de41a8851/OnTime-front/test/domain/use-cases/alarm_reconciliation_concurrency_test.dart: delete mutation accepted during snapshot cannot be resurrected by replaceAll
00:20 +470: /Users/ejunpark/.codex/worktrees/1f98bd1e-95ca-4396-82c1-c34de41a8851/OnTime-front/test/domain/use-cases/alarm_reconciliation_concurrency_test.dart: registry write failure is not armed and a queued newer request recovers ownership
00:21 +471: /Users/ejunpark/.codex/worktrees/1f98bd1e-95ca-4396-82c1-c34de41a8851/OnTime-front/test/domain/use-cases/alarm_reconciliation_concurrency_test.dart: detailed OFF accepted after snapshot replaces old content in trailing pass
00:21 +472: /Users/ejunpark/.codex/worktrees/1f98bd1e-95ca-4396-82c1-c34de41a8851/OnTime-front/test/domain/use-cases/alarm_reconciliation_concurrency_test.dart: request after schedule snapshot receives its own latest pass
00:21 +473: /Users/ejunpark/.codex/worktrees/1f98bd1e-95ca-4396-82c1-c34de41a8851/OnTime-front/test/domain/use-cases/delivery_reconciliation_test.dart: lost ownership is not reported as armed or disabled: enabled=true
00:21 +474: /Users/ejunpark/.codex/worktrees/1f98bd1e-95ca-4396-82c1-c34de41a8851/OnTime-front/test/domain/use-cases/delivery_reconciliation_test.dart: lost ownership is not reported as armed or disabled: enabled=false
00:21 +475: /Users/ejunpark/.codex/worktrees/1f98bd1e-95ca-4396-82c1-c34de41a8851/OnTime-front/test/domain/use-cases/delivery_reconciliation_test.dart: write-ahead identity precedes native scheduling and a now-expired target is not replayed
00:21 +476: /Users/ejunpark/.codex/worktrees/1f98bd1e-95ca-4396-82c1-c34de41a8851/OnTime-front/test/domain/use-cases/delivery_reconciliation_test.dart: Android reapplication preserves an existing owned platform ID
00:21 +477: /Users/ejunpark/.codex/worktrees/1f98bd1e-95ca-4396-82c1-c34de41a8851/OnTime-front/test/domain/use-cases/delivery_reconciliation_test.dart: a registry-owned ID with a conflicting route is cancelled before repair
00:21 +478: /Users/ejunpark/.codex/worktrees/1f98bd1e-95ca-4396-82c1-c34de41a8851/OnTime-front/test/domain/use-cases/delivery_reconciliation_test.dart: empty registry with native query failure stays incomplete enabled=true
00:21 +479: /Users/ejunpark/.codex/worktrees/1f98bd1e-95ca-4396-82c1-c34de41a8851/OnTime-front/test/domain/use-cases/delivery_reconciliation_test.dart: empty registry with native unmapped ID stays incomplete enabled=true
00:21 +480: /Users/ejunpark/.codex/worktrees/1f98bd1e-95ca-4396-82c1-c34de41a8851/OnTime-front/test/domain/use-cases/delivery_reconciliation_test.dart: empty registry with native query failure stays incomplete enabled=false
00:21 +481: /Users/ejunpark/.codex/worktrees/1f98bd1e-95ca-4396-82c1-c34de41a8851/OnTime-front/test/domain/use-cases/delivery_reconciliation_test.dart: empty registry with native unmapped ID stays incomplete enabled=false
00:21 +482: /Users/ejunpark/.codex/worktrees/1f98bd1e-95ca-4396-82c1-c34de41a8851/OnTime-front/test/domain/use-cases/delivery_reconciliation_test.dart: native revoke and grant switch providers after cancelling the old registration
00:21 +483: /Users/ejunpark/.codex/worktrees/1f98bd1e-95ca-4396-82c1-c34de41a8851/OnTime-front/test/domain/use-cases/delivery_reconciliation_test.dart: unconfirmed provider cancellation blocks duplicate fallback, then retry converges
00:21 +484: /Users/ejunpark/.codex/worktrees/1f98bd1e-95ca-4396-82c1-c34de41a8851/OnTime-front/test/domain/use-cases/delivery_reconciliation_test.dart: OS pending loss repairs a future native reservation but never replays an elapsed one
00:21 +485: /Users/ejunpark/.codex/worktrees/1f98bd1e-95ca-4396-82c1-c34de41a8851/OnTime-front/test/domain/use-cases/delivery_reconciliation_test.dart: native query unknown retains ownership without treating absence or claiming success
00:21 +486: /Users/ejunpark/.codex/worktrees/1f98bd1e-95ca-4396-82c1-c34de41a8851/OnTime-front/test/domain/use-cases/delivery_reconciliation_test.dart: iOS notification OS loss repairs while successful query allows keeping the request
00:21 +487: /Users/ejunpark/.codex/worktrees/1f98bd1e-95ca-4396-82c1-c34de41a8851/OnTime-front/test/domain/use-cases/delivery_reconciliation_test.dart: Android cache presence causes same-ID reapplication rather than an OS survival claim
00:21 +488: /Users/ejunpark/.codex/worktrees/1f98bd1e-95ca-4396-82c1-c34de41a8851/OnTime-front/test/domain/use-cases/delivery_reconciliation_test.dart: failed post-schedule verification preserves ownership but excludes armed success
00:21 +489: /Users/ejunpark/.codex/worktrees/1f98bd1e-95ca-4396-82c1-c34de41a8851/OnTime-front/test/domain/use-cases/delivery_reconciliation_test.dart: OS query error after startup never becomes a healthy stored notification
00:21 +490: /Users/ejunpark/.codex/worktrees/1f98bd1e-95ca-4396-82c1-c34de41a8851/OnTime-front/test/domain/entities/schedule_notification_status_test.dart: only all successful exact receipts produce precise status
00:21 +491: /Users/ejunpark/.codex/worktrees/1f98bd1e-95ca-4396-82c1-c34de41a8851/OnTime-front/test/domain/entities/schedule_notification_status_test.dart: only all successful exact receipts produce precise status
00:21 +492: /Users/ejunpark/.codex/worktrees/1f98bd1e-95ca-4396-82c1-c34de41a8851/OnTime-front/test/domain/entities/schedule_notification_status_test.dart: only all successful exact receipts produce precise status
00:21 +493: /Users/ejunpark/.codex/worktrees/1f98bd1e-95ca-4396-82c1-c34de41a8851/OnTime-front/test/domain/entities/schedule_notification_status_test.dart: only all successful exact receipts produce precise status
00:21 +494: /Users/ejunpark/.codex/worktrees/1f98bd1e-95ca-4396-82c1-c34de41a8851/OnTime-front/test/domain/entities/schedule_notification_status_test.dart: only all successful exact receipts produce precise status
00:21 +495: /Users/ejunpark/.codex/worktrees/1f98bd1e-95ca-4396-82c1-c34de41a8851/OnTime-front/test/domain/entities/schedule_notification_status_test.dart: off retains a cleanup warning and denial never becomes precise
00:21 +496: /Users/ejunpark/.codex/worktrees/1f98bd1e-95ca-4396-82c1-c34de41a8851/OnTime-front/test/domain/entities/schedule_notification_status_test.dart: no future registrations never becomes precise from capability
00:21 +497: /Users/ejunpark/.codex/worktrees/1f98bd1e-95ca-4396-82c1-c34de41a8851/OnTime-front/test/domain/entities/schedule_notification_status_test.dart: iOS alarm and notification language remains capability appropriate
00:21 +498: /Users/ejunpark/.codex/worktrees/1f98bd1e-95ca-4396-82c1-c34de41a8851/OnTime-front/test/domain/entities/user_entity_test.dart: local profile derives punctuality from eligible outcomes
00:21 +499: /Users/ejunpark/.codex/worktrees/1f98bd1e-95ca-4396-82c1-c34de41a8851/OnTime-front/test/domain/entities/user_entity_test.dart: empty user exposes null convenience values
00:22 +500: /Users/ejunpark/.codex/worktrees/1f98bd1e-95ca-4396-82c1-c34de41a8851/OnTime-front/test/domain/entities/alarm_delivery_policy_test.dart: native grant uses the native alarm provider
00:22 +501: /Users/ejunpark/.codex/worktrees/1f98bd1e-95ca-4396-82c1-c34de41a8851/OnTime-front/test/domain/entities/alarm_delivery_policy_test.dart: native denial with granted fallback keeps delivery enabled without a blocking issue
00:22 +502: /Users/ejunpark/.codex/worktrees/1f98bd1e-95ca-4396-82c1-c34de41a8851/OnTime-front/test/domain/entities/alarm_delivery_policy_test.dart: native denial with denied fallback blocks delivery on native permission
00:22 +503: /Users/ejunpark/.codex/worktrees/1f98bd1e-95ca-4396-82c1-c34de41a8851/OnTime-front/test/domain/entities/alarm_delivery_policy_test.dart: unsupported native alarms use granted fallback delivery
00:22 +504: /Users/ejunpark/.codex/worktrees/1f98bd1e-95ca-4396-82c1-c34de41a8851/OnTime-front/test/domain/entities/alarm_delivery_policy_test.dart: all unavailable reports unsupported without disabling alarms
00:22 +505: /Users/ejunpark/.codex/worktrees/1f98bd1e-95ca-4396-82c1-c34de41a8851/OnTime-front/test/domain/entities/preparation_timing_entity_test.dart: Preparation timing entities orders linked preparation steps before timing conversion
00:22 +506: /Users/ejunpark/.codex/worktrees/1f98bd1e-95ca-4396-82c1-c34de41a8851/OnTime-front/test/domain/entities/preparation_timing_entity_test.dart: Preparation timing entities calculates left time before leave with explicit now
00:22 +507: /Users/ejunpark/.codex/worktrees/1f98bd1e-95ca-4396-82c1-c34de41a8851/OnTime-front/test/domain/entities/preparation_timing_entity_test.dart: Preparation timing entities reports late status after leave time has passed
00:22 +508: /Users/ejunpark/.codex/worktrees/1f98bd1e-95ca-4396-82c1-c34de41a8851/OnTime-front/test/domain/entities/preparation_timing_entity_test.dart: Preparation timing entities fast-forwards preparation steps for late entry
00:22 +509: /Users/ejunpark/.codex/worktrees/1f98bd1e-95ca-4396-82c1-c34de41a8851/OnTime-front/test/domain/entities/preparation_timing_entity_test.dart: Preparation timing entities single preparation step tracks elapsed time and diagnostics
00:22 +510: /Users/ejunpark/.codex/worktrees/1f98bd1e-95ca-4396-82c1-c34de41a8851/OnTime-front/test/domain/entities/preparation_timing_entity_test.dart: Preparation timing entities marks all steps done for very late entry inside schedule window
00:22 +511: /Users/ejunpark/.codex/worktrees/1f98bd1e-95ca-4396-82c1-c34de41a8851/OnTime-front/test/domain/entities/preparation_timing_entity_test.dart: Preparation timing entities reports display helpers for current and completed steps
00:22 +512: /Users/ejunpark/.codex/worktrees/1f98bd1e-95ca-4396-82c1-c34de41a8851/OnTime-front/test/domain/entities/preparation_timing_entity_test.dart: Preparation timing entities skipCurrentStep marks only the active step done
00:22 +513: /Users/ejunpark/.codex/worktrees/1f98bd1e-95ca-4396-82c1-c34de41a8851/OnTime-front/test/domain/entities/preparation_timing_entity_test.dart: Preparation timing entities completed and empty preparations expose safe display fallbacks
00:22 +514: /Users/ejunpark/.codex/worktrees/1f98bd1e-95ca-4396-82c1-c34de41a8851/OnTime-front/test/domain/entities/preparation_timing_entity_test.dart: Preparation timing entities cache fingerprint changes when preparation step name changes
00:22 +515: /Users/ejunpark/.codex/worktrees/1f98bd1e-95ca-4396-82c1-c34de41a8851/OnTime-front/test/domain/entities/preparation_timing_entity_test.dart: Preparation timing entities schedule with preparation derives start time and total duration
00:22 +516: /Users/ejunpark/.codex/worktrees/1f98bd1e-95ca-4396-82c1-c34de41a8851/OnTime-front/test/domain/entities/preparation_timing_entity_test.dart: Preparation timing entities combines a schedule entity with timed preparation preserving fields
00:22 +517: /Users/ejunpark/.codex/worktrees/1f98bd1e-95ca-4396-82c1-c34de41a8851/OnTime-front/test/domain/entities/preparation_timing_entity_test.dart: ScheduleEntity diagnostics string representation includes schedule identity for diagnostics
00:22 +518: /Users/ejunpark/.codex/worktrees/1f98bd1e-95ca-4396-82c1-c34de41a8851/OnTime-front/test/domain/entities/preparation_timing_entity_test.dart: ScheduleState timing helper durationUntilPreparationStartAt uses injected now deterministically
00:22 +519: loading /Users/ejunpark/.codex/worktrees/1f98bd1e-95ca-4396-82c1-c34de41a8851/OnTime-front/test/domain/entities/domain_entity_boundary_test.dart
00:22 +519: /Users/ejunpark/.codex/worktrees/1f98bd1e-95ca-4396-82c1-c34de41a8851/OnTime-front/test/domain/entities/domain_entity_boundary_test.dart: domain entities do not import lower architectural layers
00:22 +520: /Users/ejunpark/.codex/worktrees/1f98bd1e-95ca-4396-82c1-c34de41a8851/OnTime-front/test/domain/entities/domain_entity_boundary_test.dart: domain entities do not expose persistence mapper methods
00:23 +521: /Users/ejunpark/.codex/worktrees/1f98bd1e-95ca-4396-82c1-c34de41a8851/OnTime-front/test/domain/entities/preparation_snapshot_validation_test.dart: identity separates timing, ordered shape, content and delimiters
00:23 +522: /Users/ejunpark/.codex/worktrees/1f98bd1e-95ca-4396-82c1-c34de41a8851/OnTime-front/test/domain/entities/preparation_snapshot_validation_test.dart: every identity-affecting edit invalidates progress without mutating data
00:23 +523: /Users/ejunpark/.codex/worktrees/1f98bd1e-95ca-4396-82c1-c34de41a8851/OnTime-front/test/domain/entities/preparation_snapshot_validation_test.dart: minimal progress hydrates names/durations from current source only
00:23 +524: /Users/ejunpark/.codex/worktrees/1f98bd1e-95ca-4396-82c1-c34de41a8851/OnTime-front/test/domain/entities/preparation_snapshot_validation_test.dart: legacy exact fingerprint additionally requires all step fields
00:23 +525: /Users/ejunpark/.codex/worktrees/1f98bd1e-95ca-4396-82c1-c34de41a8851/OnTime-front/test/domain/entities/preparation_snapshot_validation_test.dart: legacy launch becomes a minimal versioned route, never a start command
00:23 +526: /Users/ejunpark/.codex/worktrees/1f98bd1e-95ca-4396-82c1-c34de41a8851/OnTime-front/test/presentation/home/utils/today_tile_navigation_test.dart: Today tile navigation resolver returns early-start scheduleStart target in upcoming when schedule exists
00:23 +527: /Users/ejunpark/.codex/worktrees/1f98bd1e-95ca-4396-82c1-c34de41a8851/OnTime-front/test/presentation/home/utils/today_tile_navigation_test.dart: Today tile navigation resolver returns alarmScreen target in ongoing when schedule exists
00:23 +528: /Users/ejunpark/.codex/worktrees/1f98bd1e-95ca-4396-82c1-c34de41a8851/OnTime-front/test/presentation/home/utils/today_tile_navigation_test.dart: Today tile navigation resolver returns alarmScreen target in started when schedule exists
00:23 +529: /Users/ejunpark/.codex/worktrees/1f98bd1e-95ca-4396-82c1-c34de41a8851/OnTime-front/test/presentation/home/utils/today_tile_navigation_test.dart: Today tile navigation resolver returns null when no schedule exists
00:23 +530: /Users/ejunpark/.codex/worktrees/1f98bd1e-95ca-4396-82c1-c34de41a8851/OnTime-front/test/presentation/home/utils/today_tile_navigation_test.dart: Today tile navigation resolver returns null in initial and notExists
00:23 +531: /Users/ejunpark/.codex/worktrees/1f98bd1e-95ca-4396-82c1-c34de41a8851/OnTime-front/test/presentation/home/screens/home_screen_tmp_test.dart: (setUpAll)
00:23 +531: /Users/ejunpark/.codex/worktrees/1f98bd1e-95ca-4396-82c1-c34de41a8851/OnTime-front/test/presentation/home/screens/home_screen_tmp_test.dart: 430 portrait home fits actual font, schedule=false
00:23 +532: /Users/ejunpark/.codex/worktrees/1f98bd1e-95ca-4396-82c1-c34de41a8851/OnTime-front/test/presentation/home/screens/home_screen_tmp_test.dart: 430 portrait home fits actual font, schedule=false
00:24 +533: /Users/ejunpark/.codex/worktrees/1f98bd1e-95ca-4396-82c1-c34de41a8851/OnTime-front/test/presentation/home/screens/home_screen_tmp_test.dart: 430 portrait home fits actual font, schedule=false
00:24 +534: /Users/ejunpark/.codex/worktrees/1f98bd1e-95ca-4396-82c1-c34de41a8851/OnTime-front/test/presentation/home/screens/home_screen_tmp_test.dart: 430 portrait home fits actual font, schedule=false
00:24 +535: /Users/ejunpark/.codex/worktrees/1f98bd1e-95ca-4396-82c1-c34de41a8851/OnTime-front/test/presentation/home/screens/home_screen_tmp_test.dart: 430 portrait home fits actual font, schedule=false
00:24 +536: /Users/ejunpark/.codex/worktrees/1f98bd1e-95ca-4396-82c1-c34de41a8851/OnTime-front/test/presentation/home/screens/home_screen_tmp_test.dart: 430 portrait home fits actual font, schedule=false
00:24 +537: /Users/ejunpark/.codex/worktrees/1f98bd1e-95ca-4396-82c1-c34de41a8851/OnTime-front/test/presentation/home/screens/home_screen_tmp_test.dart: 430 portrait home fits actual font, schedule=false
00:24 +538: /Users/ejunpark/.codex/worktrees/1f98bd1e-95ca-4396-82c1-c34de41a8851/OnTime-front/test/presentation/home/screens/home_screen_tmp_test.dart: 430 portrait home fits actual font, schedule=false
00:24 +539: /Users/ejunpark/.codex/worktrees/1f98bd1e-95ca-4396-82c1-c34de41a8851/OnTime-front/test/presentation/home/screens/home_screen_tmp_test.dart: 430 portrait home fits actual font, schedule=false
00:24 +540: /Users/ejunpark/.codex/worktrees/1f98bd1e-95ca-4396-82c1-c34de41a8851/OnTime-front/test/presentation/home/screens/home_screen_tmp_test.dart: 430 portrait home fits actual font, schedule=false
00:24 +541: /Users/ejunpark/.codex/worktrees/1f98bd1e-95ca-4396-82c1-c34de41a8851/OnTime-front/test/presentation/home/screens/home_screen_tmp_test.dart: 430 portrait home fits actual font, schedule=false
00:24 +542: /Users/ejunpark/.codex/worktrees/1f98bd1e-95ca-4396-82c1-c34de41a8851/OnTime-front/test/presentation/home/components/month_calendar_test.dart: selecting a day reports the selected calendar date
00:24 +543: /Users/ejunpark/.codex/worktrees/1f98bd1e-95ca-4396-82c1-c34de41a8851/OnTime-front/test/presentation/home/components/month_calendar_test.dart: selecting a day reports the selected calendar date
00:24 +544: /Users/ejunpark/.codex/worktrees/1f98bd1e-95ca-4396-82c1-c34de41a8851/OnTime-front/test/presentation/home/components/month_calendar_test.dart: selecting a day reports the selected calendar date
00:24 +545: /Users/ejunpark/.codex/worktrees/1f98bd1e-95ca-4396-82c1-c34de41a8851/OnTime-front/test/presentation/home/components/month_calendar_test.dart: selecting a day reports the selected calendar date
00:24 +546: /Users/ejunpark/.codex/worktrees/1f98bd1e-95ca-4396-82c1-c34de41a8851/OnTime-front/test/presentation/home/components/week_calendar_test.dart: filled date tile uses built-in selected-day colors
00:24 +547: /Users/ejunpark/.codex/worktrees/1f98bd1e-95ca-4396-82c1-c34de41a8851/OnTime-front/test/presentation/home/screens/home_screen_tmp_test.dart: 430 portrait home fits actual font, schedule=true
00:24 +548: /Users/ejunpark/.codex/worktrees/1f98bd1e-95ca-4396-82c1-c34de41a8851/OnTime-front/test/presentation/home/screens/home_screen_tmp_test.dart: 430 portrait home fits actual font, schedule=true
00:24 +549: /Users/ejunpark/.codex/worktrees/1f98bd1e-95ca-4396-82c1-c34de41a8851/OnTime-front/test/presentation/home/screens/home_screen_tmp_test.dart: 430 portrait home fits actual font, schedule=true
00:24 +550: /Users/ejunpark/.codex/worktrees/1f98bd1e-95ca-4396-82c1-c34de41a8851/OnTime-front/test/presentation/home/screens/home_screen_tmp_test.dart: 430 portrait home fits actual font, schedule=true
00:24 +551: /Users/ejunpark/.codex/worktrees/1f98bd1e-95ca-4396-82c1-c34de41a8851/OnTime-front/test/presentation/home/screens/home_screen_tmp_test.dart: 430 portrait home fits actual font, schedule=true
00:24 +552: /Users/ejunpark/.codex/worktrees/1f98bd1e-95ca-4396-82c1-c34de41a8851/OnTime-front/test/presentation/home/components/month_calendar_test.dart: compact height clamps calendar rows without overflow
00:24 +553: /Users/ejunpark/.codex/worktrees/1f98bd1e-95ca-4396-82c1-c34de41a8851/OnTime-front/test/presentation/home/screens/home_screen_tmp_test.dart: 430 home last calendar day and primary routes remain tappable
00:25 +554: /Users/ejunpark/.codex/worktrees/1f98bd1e-95ca-4396-82c1-c34de41a8851/OnTime-front/test/presentation/home/screens/home_screen_tmp_test.dart: 430 home last calendar day and primary routes remain tappable
00:25 +555: /Users/ejunpark/.codex/worktrees/1f98bd1e-95ca-4396-82c1-c34de41a8851/OnTime-front/test/presentation/home/screens/home_screen_tmp_test.dart: 430 home last calendar day and primary routes remain tappable
00:25 +556: /Users/ejunpark/.codex/worktrees/1f98bd1e-95ca-4396-82c1-c34de41a8851/OnTime-front/test/presentation/home/screens/home_screen_tmp_test.dart: compact portrait home fits without scroll at 1.3 text scale
00:25 +557: /Users/ejunpark/.codex/worktrees/1f98bd1e-95ca-4396-82c1-c34de41a8851/OnTime-front/test/presentation/home/screens/home_screen_tmp_test.dart: HomeScreenTmp subscribes monthly bloc for today
00:25 +558: loading /Users/ejunpark/.codex/worktrees/1f98bd1e-95ca-4396-82c1-c34de41a8851/OnTime-front/test/presentation/calendar/component/schedule_detail_test.dart
00:25 +558: /Users/ejunpark/.codex/worktrees/1f98bd1e-95ca-4396-82c1-c34de41a8851/OnTime-front/test/presentation/home/screens/home_screen_tmp_test.dart: compact portrait home fits when today schedule exists
00:25 +559: /Users/ejunpark/.codex/worktrees/1f98bd1e-95ca-4396-82c1-c34de41a8851/OnTime-front/test/presentation/home/screens/home_screen_tmp_test.dart: regular portrait home matches Figma hero and card geometry
00:25 +560: /Users/ejunpark/.codex/worktrees/1f98bd1e-95ca-4396-82c1-c34de41a8851/OnTime-front/test/presentation/home/screens/home_screen_tmp_test.dart: banner clears the device safe area before rendering
00:25 +561: /Users/ejunpark/.codex/worktrees/1f98bd1e-95ca-4396-82c1-c34de41a8851/OnTime-front/test/presentation/home/screens/home_screen_tmp_test.dart: today schedule tile truncates long schedule names
00:25 +562: /Users/ejunpark/.codex/worktrees/1f98bd1e-95ca-4396-82c1-c34de41a8851/OnTime-front/test/presentation/home/screens/home_screen_tmp_test.dart: does not reopen schedule start on started-state ticks
00:25 +563: /Users/ejunpark/.codex/worktrees/1f98bd1e-95ca-4396-82c1-c34de41a8851/OnTime-front/test/presentation/home/screens/home_screen_tmp_test.dart: view calendar button navigates to calendar screen
00:25 +564: /Users/ejunpark/.codex/worktrees/1f98bd1e-95ca-4396-82c1-c34de41a8851/OnTime-front/test/presentation/home/screens/home_screen_tmp_test.dart: today upcoming tile opens early-start schedule start route
00:25 +565: /Users/ejunpark/.codex/worktrees/1f98bd1e-95ca-4396-82c1-c34de41a8851/OnTime-front/test/presentation/home/screens/home_screen_tmp_test.dart: today ongoing tile opens active alarm route
00:25 +566: /Users/ejunpark/.codex/worktrees/1f98bd1e-95ca-4396-82c1-c34de41a8851/OnTime-front/test/presentation/home/screens/home_screen_tmp_test.dart: animated arc indicator reaches requested score
00:25 +567: /Users/ejunpark/.codex/worktrees/1f98bd1e-95ca-4396-82c1-c34de41a8851/OnTime-front/test/presentation/home/screens/home_screen_tmp_test.dart: (tearDownAll)
00:26 +567: /Users/ejunpark/.codex/worktrees/1f98bd1e-95ca-4396-82c1-c34de41a8851/OnTime-front/test/presentation/calendar/component/schedule_detail_test.dart: expanded tile shows travel, preparation, spare in order
00:26 +568: /Users/ejunpark/.codex/worktrees/1f98bd1e-95ca-4396-82c1-c34de41a8851/OnTime-front/test/presentation/calendar/component/schedule_detail_test.dart: expanded tile shows travel, preparation, spare in order
00:26 +569: /Users/ejunpark/.codex/worktrees/1f98bd1e-95ca-4396-82c1-c34de41a8851/OnTime-front/test/presentation/calendar/component/schedule_detail_test.dart: expanded tile shows travel, preparation, spare in order
00:26 +570: /Users/ejunpark/.codex/worktrees/1f98bd1e-95ca-4396-82c1-c34de41a8851/OnTime-front/test/presentation/calendar/component/schedule_detail_test.dart: expanded tile shows travel, preparation, spare in order
00:26 +571: /Users/ejunpark/.codex/worktrees/1f98bd1e-95ca-4396-82c1-c34de41a8851/OnTime-front/test/presentation/calendar/component/schedule_detail_test.dart: expanded tile shows travel, preparation, spare in order
00:26 +572: /Users/ejunpark/.codex/worktrees/1f98bd1e-95ca-4396-82c1-c34de41a8851/OnTime-front/test/presentation/calendar/component/schedule_detail_test.dart: expanded tile shows travel, preparation, spare in order
00:26 +573: /Users/ejunpark/.codex/worktrees/1f98bd1e-95ca-4396-82c1-c34de41a8851/OnTime-front/test/presentation/calendar/component/schedule_detail_test.dart: expanded tile shows travel, preparation, spare in order
00:26 +574: /Users/ejunpark/.codex/worktrees/1f98bd1e-95ca-4396-82c1-c34de41a8851/OnTime-front/test/presentation/calendar/component/schedule_detail_test.dart: expanded tile shows travel, preparation, spare in order
00:26 +575: /Users/ejunpark/.codex/worktrees/1f98bd1e-95ca-4396-82c1-c34de41a8851/OnTime-front/test/presentation/calendar/component/schedule_detail_test.dart: expanded tile shows travel, preparation, spare in order
00:26 +576: /Users/ejunpark/.codex/worktrees/1f98bd1e-95ca-4396-82c1-c34de41a8851/OnTime-front/test/presentation/calendar/component/schedule_detail_test.dart: expanded tile shows travel, preparation, spare in order
00:26 +577: /Users/ejunpark/.codex/worktrees/1f98bd1e-95ca-4396-82c1-c34de41a8851/OnTime-front/test/presentation/calendar/component/schedule_detail_test.dart: expanded tile shows travel, preparation, spare in order
00:26 +578: /Users/ejunpark/.codex/worktrees/1f98bd1e-95ca-4396-82c1-c34de41a8851/OnTime-front/test/presentation/calendar/component/schedule_detail_test.dart: expanded tile shows travel, preparation, spare in order
00:26 +579: /Users/ejunpark/.codex/worktrees/1f98bd1e-95ca-4396-82c1-c34de41a8851/OnTime-front/test/presentation/calendar/component/schedule_detail_test.dart: expanded tile shows travel, preparation, spare in order
00:26 +580: /Users/ejunpark/.codex/worktrees/1f98bd1e-95ca-4396-82c1-c34de41a8851/OnTime-front/test/presentation/calendar/component/schedule_detail_test.dart: expanded tile shows travel, preparation, spare in order
00:26 +581: /Users/ejunpark/.codex/worktrees/1f98bd1e-95ca-4396-82c1-c34de41a8851/OnTime-front/test/presentation/calendar/component/schedule_detail_test.dart: expanded tile shows travel, preparation, spare in order
00:26 +582: /Users/ejunpark/.codex/worktrees/1f98bd1e-95ca-4396-82c1-c34de41a8851/OnTime-front/test/presentation/calendar/component/schedule_detail_test.dart: expanded tile shows travel, preparation, spare in order
00:26 +583: /Users/ejunpark/.codex/worktrees/1f98bd1e-95ca-4396-82c1-c34de41a8851/OnTime-front/test/presentation/calendar/component/schedule_detail_test.dart: expanded tile shows travel, preparation, spare in order
00:26 +584: /Users/ejunpark/.codex/worktrees/1f98bd1e-95ca-4396-82c1-c34de41a8851/OnTime-front/test/presentation/calendar/component/schedule_detail_test.dart: expanded tile shows travel, preparation, spare in order
00:26 +585: /Users/ejunpark/.codex/worktrees/1f98bd1e-95ca-4396-82c1-c34de41a8851/OnTime-front/test/presentation/calendar/component/schedule_detail_test.dart: expanded tile shows travel, preparation, spare in order
00:26 +586: /Users/ejunpark/.codex/worktrees/1f98bd1e-95ca-4396-82c1-c34de41a8851/OnTime-front/test/presentation/calendar/component/schedule_detail_test.dart: expanded tile shows travel, preparation, spare in order
00:26 +587: /Users/ejunpark/.codex/worktrees/1f98bd1e-95ca-4396-82c1-c34de41a8851/OnTime-front/test/presentation/calendar/component/schedule_detail_test.dart: expanded tile shows travel, preparation, spare in order
00:26 +588: /Users/ejunpark/.codex/worktrees/1f98bd1e-95ca-4396-82c1-c34de41a8851/OnTime-front/test/presentation/calendar/component/schedule_detail_test.dart: expanded tile shows travel, preparation, spare in order
00:26 +589: /Users/ejunpark/.codex/worktrees/1f98bd1e-95ca-4396-82c1-c34de41a8851/OnTime-front/test/presentation/calendar/component/schedule_detail_test.dart: expanded tile shows travel, preparation, spare in order
00:26 +590: /Users/ejunpark/.codex/worktrees/1f98bd1e-95ca-4396-82c1-c34de41a8851/OnTime-front/test/presentation/calendar/component/schedule_detail_test.dart: expanded tile shows travel, preparation, spare in order
00:26 +591: /Users/ejunpark/.codex/worktrees/1f98bd1e-95ca-4396-82c1-c34de41a8851/OnTime-front/test/presentation/calendar/component/schedule_detail_test.dart: expanded tile shows travel, preparation, spare in order
00:26 +592: /Users/ejunpark/.codex/worktrees/1f98bd1e-95ca-4396-82c1-c34de41a8851/OnTime-front/test/presentation/calendar/bloc/monthly_schedules_bloc_test.dart: month already in loaded range reuses cached range without reloading
00:26 +593: /Users/ejunpark/.codex/worktrees/1f98bd1e-95ca-4396-82c1-c34de41a8851/OnTime-front/test/presentation/calendar/component/schedule_detail_test.dart: preparation fallback is shown as dash when unavailable
00:26 +594: /Users/ejunpark/.codex/worktrees/1f98bd1e-95ca-4396-82c1-c34de41a8851/OnTime-front/test/presentation/calendar/component/schedule_detail_test.dart: preparation fallback is shown as dash when unavailable
00:26 +595: /Users/ejunpark/.codex/worktrees/1f98bd1e-95ca-4396-82c1-c34de41a8851/OnTime-front/test/presentation/calendar/component/schedule_detail_test.dart: preparation fallback is shown as dash when unavailable
00:26 +596: /Users/ejunpark/.codex/worktrees/1f98bd1e-95ca-4396-82c1-c34de41a8851/OnTime-front/test/presentation/calendar/component/schedule_detail_test.dart: preparation fallback is shown as dash when unavailable
00:26 +597: /Users/ejunpark/.codex/worktrees/1f98bd1e-95ca-4396-82c1-c34de41a8851/OnTime-front/test/presentation/calendar/component/schedule_detail_test.dart: preparation fallback is shown as dash when unavailable
00:26 +598: /Users/ejunpark/.codex/worktrees/1f98bd1e-95ca-4396-82c1-c34de41a8851/OnTime-front/test/presentation/calendar/component/schedule_detail_test.dart: preparation fallback is shown as dash when unavailable
00:26 +599: /Users/ejunpark/.codex/worktrees/1f98bd1e-95ca-4396-82c1-c34de41a8851/OnTime-front/test/presentation/calendar/component/schedule_detail_test.dart: preparation fallback is shown as dash when unavailable
00:26 +600: /Users/ejunpark/.codex/worktrees/1f98bd1e-95ca-4396-82c1-c34de41a8851/OnTime-front/test/presentation/calendar/component/schedule_detail_test.dart: swipe action button height increases when schedule is expanded
00:27 +601: /Users/ejunpark/.codex/worktrees/1f98bd1e-95ca-4396-82c1-c34de41a8851/OnTime-front/test/presentation/calendar/component/schedule_detail_test.dart: swipe action button height increases when schedule is expanded
00:27 +602: /Users/ejunpark/.codex/worktrees/1f98bd1e-95ca-4396-82c1-c34de41a8851/OnTime-front/test/presentation/calendar/component/schedule_detail_test.dart: swipe action button height increases when schedule is expanded
00:27 +603: /Users/ejunpark/.codex/worktrees/1f98bd1e-95ca-4396-82c1-c34de41a8851/OnTime-front/test/presentation/calendar/component/schedule_detail_test.dart: swipe action button height increases when schedule is expanded
00:27 +604: /Users/ejunpark/.codex/worktrees/1f98bd1e-95ca-4396-82c1-c34de41a8851/OnTime-front/test/presentation/calendar/component/schedule_detail_test.dart: swipe action button height increases when schedule is expanded
00:27 +605: /Users/ejunpark/.codex/worktrees/1f98bd1e-95ca-4396-82c1-c34de41a8851/OnTime-front/test/presentation/calendar/component/schedule_detail_test.dart: swipe action button height increases when schedule is expanded
00:27 +606: /Users/ejunpark/.codex/worktrees/1f98bd1e-95ca-4396-82c1-c34de41a8851/OnTime-front/test/presentation/calendar/component/schedule_detail_test.dart: swipe action button height increases when schedule is expanded
00:27 +607: /Users/ejunpark/.codex/worktrees/1f98bd1e-95ca-4396-82c1-c34de41a8851/OnTime-front/test/presentation/calendar/screens/calendar_screen_test.dart: compact future empty state fits with add button
00:27 +608: /Users/ejunpark/.codex/worktrees/1f98bd1e-95ca-4396-82c1-c34de41a8851/OnTime-front/test/presentation/calendar/screens/calendar_screen_test.dart: compact future empty state fits with add button
00:27 +609: /Users/ejunpark/.codex/worktrees/1f98bd1e-95ca-4396-82c1-c34de41a8851/OnTime-front/test/presentation/calendar/screens/calendar_screen_test.dart: compact future empty state fits with add button
00:27 +610: /Users/ejunpark/.codex/worktrees/1f98bd1e-95ca-4396-82c1-c34de41a8851/OnTime-front/test/presentation/calendar/screens/calendar_screen_test.dart: compact future empty state fits with add button
00:27 +611: /Users/ejunpark/.codex/worktrees/1f98bd1e-95ca-4396-82c1-c34de41a8851/OnTime-front/test/presentation/calendar/screens/calendar_screen_test.dart: compact future empty state fits with add button
00:27 +612: /Users/ejunpark/.codex/worktrees/1f98bd1e-95ca-4396-82c1-c34de41a8851/OnTime-front/test/presentation/calendar/screens/calendar_screen_test.dart: compact future empty state fits with add button
00:27 +613: /Users/ejunpark/.codex/worktrees/1f98bd1e-95ca-4396-82c1-c34de41a8851/OnTime-front/test/presentation/calendar/screens/calendar_screen_test.dart: compact future empty state fits with add button
00:28 +614: /Users/ejunpark/.codex/worktrees/1f98bd1e-95ca-4396-82c1-c34de41a8851/OnTime-front/test/presentation/calendar/screens/calendar_screen_test.dart: short past empty state fits without add button
00:28 +615: /Users/ejunpark/.codex/worktrees/1f98bd1e-95ca-4396-82c1-c34de41a8851/OnTime-front/test/presentation/calendar/screens/calendar_screen_test.dart: compact selected day with schedules scrolls without overflow
00:28 +616: /Users/ejunpark/.codex/worktrees/1f98bd1e-95ca-4396-82c1-c34de41a8851/OnTime-front/test/presentation/app/bloc/schedule/preparation_step_delivery_test.dart: actual periodic refresh submits a fresh paused step once
00:28 +617: /Users/ejunpark/.codex/worktrees/1f98bd1e-95ca-4396-82c1-c34de41a8851/OnTime-front/test/presentation/calendar/screens/calendar_screen_test.dart: initial date before supported range is clamped to first month
00:28 +618: /Users/ejunpark/.codex/worktrees/1f98bd1e-95ca-4396-82c1-c34de41a8851/OnTime-front/test/presentation/calendar/screens/calendar_screen_test.dart: initial date before supported range is clamped to first month
00:28 +619: /Users/ejunpark/.codex/worktrees/1f98bd1e-95ca-4396-82c1-c34de41a8851/OnTime-front/test/presentation/calendar/screens/calendar_screen_test.dart: initial date before supported range is clamped to first month
00:28 +620: /Users/ejunpark/.codex/worktrees/1f98bd1e-95ca-4396-82c1-c34de41a8851/OnTime-front/test/presentation/calendar/screens/calendar_screen_test.dart: initial date before supported range is clamped to first month
00:28 +621: /Users/ejunpark/.codex/worktrees/1f98bd1e-95ca-4396-82c1-c34de41a8851/OnTime-front/test/presentation/app/bloc/schedule/preparation_step_delivery_test.dart: AppLifecycleState.hidden updates UI silently without later replay
00:28 +622: /Users/ejunpark/.codex/worktrees/1f98bd1e-95ca-4396-82c1-c34de41a8851/OnTime-front/test/presentation/calendar/screens/calendar_screen_test.dart: calendar header arrows move the visible month
00:28 +623: /Users/ejunpark/.codex/worktrees/1f98bd1e-95ca-4396-82c1-c34de41a8851/OnTime-front/test/presentation/calendar/screens/calendar_screen_test.dart: calendar header arrows move the visible month
00:28 +624: /Users/ejunpark/.codex/worktrees/1f98bd1e-95ca-4396-82c1-c34de41a8851/OnTime-front/test/presentation/calendar/screens/calendar_screen_test.dart: calendar header arrows move the visible month
00:28 +625: /Users/ejunpark/.codex/worktrees/1f98bd1e-95ca-4396-82c1-c34de41a8851/OnTime-front/test/presentation/calendar/screens/calendar_screen_test.dart: calendar header arrows move the visible month
00:28 +626: /Users/ejunpark/.codex/worktrees/1f98bd1e-95ca-4396-82c1-c34de41a8851/OnTime-front/test/presentation/calendar/screens/calendar_screen_test.dart: calendar header arrows move the visible month
00:28 +627: /Users/ejunpark/.codex/worktrees/1f98bd1e-95ca-4396-82c1-c34de41a8851/OnTime-front/test/presentation/calendar/screens/calendar_screen_test.dart: calendar header arrows move the visible month
00:28 +628: /Users/ejunpark/.codex/worktrees/1f98bd1e-95ca-4396-82c1-c34de41a8851/OnTime-front/test/presentation/calendar/screens/calendar_screen_test.dart: calendar header arrows move the visible month
00:28 +629: /Users/ejunpark/.codex/worktrees/1f98bd1e-95ca-4396-82c1-c34de41a8851/OnTime-front/test/presentation/calendar/screens/calendar_screen_test.dart: calendar header arrows move the visible month
00:28 +630: /Users/ejunpark/.codex/worktrees/1f98bd1e-95ca-4396-82c1-c34de41a8851/OnTime-front/test/presentation/calendar/screens/calendar_screen_test.dart: calendar header arrows move the visible month
00:28 +631: /Users/ejunpark/.codex/worktrees/1f98bd1e-95ca-4396-82c1-c34de41a8851/OnTime-front/test/presentation/calendar/screens/calendar_screen_test.dart: calendar header arrows move the visible month
00:28 +632: /Users/ejunpark/.codex/worktrees/1f98bd1e-95ca-4396-82c1-c34de41a8851/OnTime-front/test/presentation/calendar/screens/calendar_screen_test.dart: calendar header arrows move the visible month
00:28 +633: /Users/ejunpark/.codex/worktrees/1f98bd1e-95ca-4396-82c1-c34de41a8851/OnTime-front/test/presentation/calendar/screens/calendar_screen_test.dart: calendar header arrows move the visible month
00:28 +634: /Users/ejunpark/.codex/worktrees/1f98bd1e-95ca-4396-82c1-c34de41a8851/OnTime-front/test/presentation/calendar/screens/calendar_screen_test.dart: calendar header arrows move the visible month
00:28 +635: /Users/ejunpark/.codex/worktrees/1f98bd1e-95ca-4396-82c1-c34de41a8851/OnTime-front/test/presentation/calendar/screens/calendar_screen_test.dart: calendar header arrows move the visible month
00:28 +636: /Users/ejunpark/.codex/worktrees/1f98bd1e-95ca-4396-82c1-c34de41a8851/OnTime-front/test/presentation/calendar/screens/calendar_screen_test.dart: calendar header arrows move the visible month
00:28 +637: /Users/ejunpark/.codex/worktrees/1f98bd1e-95ca-4396-82c1-c34de41a8851/OnTime-front/test/presentation/calendar/screens/calendar_screen_test.dart: calendar header arrows move the visible month
00:28 +638: /Users/ejunpark/.codex/worktrees/1f98bd1e-95ca-4396-82c1-c34de41a8851/OnTime-front/test/presentation/calendar/screens/calendar_screen_test.dart: calendar header arrows move the visible month
00:28 +639: /Users/ejunpark/.codex/worktrees/1f98bd1e-95ca-4396-82c1-c34de41a8851/OnTime-front/test/presentation/calendar/screens/calendar_screen_test.dart: calendar header arrows move the visible month
00:28 +640: /Users/ejunpark/.codex/worktrees/1f98bd1e-95ca-4396-82c1-c34de41a8851/OnTime-front/test/presentation/calendar/screens/calendar_screen_test.dart: calendar header arrows move the visible month
00:28 +641: /Users/ejunpark/.codex/worktrees/1f98bd1e-95ca-4396-82c1-c34de41a8851/OnTime-front/test/presentation/calendar/screens/calendar_screen_test.dart: calendar header arrows move the visible month
00:28 +642: /Users/ejunpark/.codex/worktrees/1f98bd1e-95ca-4396-82c1-c34de41a8851/OnTime-front/test/presentation/calendar/screens/calendar_screen_test.dart: calendar header arrows move the visible month
00:28 +643: /Users/ejunpark/.codex/worktrees/1f98bd1e-95ca-4396-82c1-c34de41a8851/OnTime-front/test/presentation/calendar/screens/calendar_screen_test.dart: calendar header arrows move the visible month
00:28 +644: /Users/ejunpark/.codex/worktrees/1f98bd1e-95ca-4396-82c1-c34de41a8851/OnTime-front/test/presentation/calendar/screens/calendar_screen_test.dart: calendar header arrows move the visible month
00:28 +645: /Users/ejunpark/.codex/worktrees/1f98bd1e-95ca-4396-82c1-c34de41a8851/OnTime-front/test/presentation/calendar/screens/calendar_screen_test.dart: calendar header arrows move the visible month
00:28 +646: /Users/ejunpark/.codex/worktrees/1f98bd1e-95ca-4396-82c1-c34de41a8851/OnTime-front/test/presentation/calendar/screens/calendar_screen_test.dart: calendar header arrows move the visible month
00:28 +647: /Users/ejunpark/.codex/worktrees/1f98bd1e-95ca-4396-82c1-c34de41a8851/OnTime-front/test/presentation/calendar/screens/calendar_screen_test.dart: calendar header arrows move the visible month
00:28 +648: /Users/ejunpark/.codex/worktrees/1f98bd1e-95ca-4396-82c1-c34de41a8851/OnTime-front/test/presentation/calendar/screens/calendar_screen_test.dart: calendar header arrows move the visible month
00:28 +649: /Users/ejunpark/.codex/worktrees/1f98bd1e-95ca-4396-82c1-c34de41a8851/OnTime-front/test/presentation/calendar/screens/calendar_screen_test.dart: calendar header arrows move the visible month
00:28 +650: /Users/ejunpark/.codex/worktrees/1f98bd1e-95ca-4396-82c1-c34de41a8851/OnTime-front/test/presentation/calendar/screens/calendar_screen_test.dart: calendar header arrows move the visible month
00:28 +651: /Users/ejunpark/.codex/worktrees/1f98bd1e-95ca-4396-82c1-c34de41a8851/OnTime-front/test/presentation/calendar/screens/calendar_screen_test.dart: calendar header arrows move the visible month
00:29 +652: /Users/ejunpark/.codex/worktrees/1f98bd1e-95ca-4396-82c1-c34de41a8851/OnTime-front/test/presentation/calendar/screens/calendar_screen_test.dart: calendar header arrows move the visible month
00:29 +653: /Users/ejunpark/.codex/worktrees/1f98bd1e-95ca-4396-82c1-c34de41a8851/OnTime-front/test/presentation/calendar/screens/calendar_screen_test.dart: calendar header arrows move the visible month
00:29 +654: /Users/ejunpark/.codex/worktrees/1f98bd1e-95ca-4396-82c1-c34de41a8851/OnTime-front/test/presentation/calendar/screens/calendar_screen_test.dart: calendar header arrows move the visible month
00:29 +655: /Users/ejunpark/.codex/worktrees/1f98bd1e-95ca-4396-82c1-c34de41a8851/OnTime-front/test/presentation/calendar/screens/calendar_screen_test.dart: calendar header arrows move the visible month
00:29 +656: /Users/ejunpark/.codex/worktrees/1f98bd1e-95ca-4396-82c1-c34de41a8851/OnTime-front/test/presentation/calendar/screens/calendar_screen_test.dart: calendar header arrows move the visible month
00:29 +657: /Users/ejunpark/.codex/worktrees/1f98bd1e-95ca-4396-82c1-c34de41a8851/OnTime-front/test/presentation/calendar/screens/calendar_screen_test.dart: calendar header arrows move the visible month
00:29 +658: /Users/ejunpark/.codex/worktrees/1f98bd1e-95ca-4396-82c1-c34de41a8851/OnTime-front/test/presentation/calendar/screens/calendar_screen_test.dart: calendar header arrows move the visible month
00:29 +659: /Users/ejunpark/.codex/worktrees/1f98bd1e-95ca-4396-82c1-c34de41a8851/OnTime-front/test/presentation/calendar/screens/calendar_screen_test.dart: calendar header arrows move the visible month
00:29 +660: /Users/ejunpark/.codex/worktrees/1f98bd1e-95ca-4396-82c1-c34de41a8851/OnTime-front/test/presentation/calendar/screens/calendar_screen_test.dart: calendar header arrows move the visible month
00:29 +661: /Users/ejunpark/.codex/worktrees/1f98bd1e-95ca-4396-82c1-c34de41a8851/OnTime-front/test/presentation/calendar/screens/calendar_screen_test.dart: calendar header arrows move the visible month
00:29 +662: /Users/ejunpark/.codex/worktrees/1f98bd1e-95ca-4396-82c1-c34de41a8851/OnTime-front/test/presentation/calendar/screens/calendar_screen_test.dart: calendar header arrows move the visible month
00:29 +663: /Users/ejunpark/.codex/worktrees/1f98bd1e-95ca-4396-82c1-c34de41a8851/OnTime-front/test/presentation/calendar/screens/calendar_screen_test.dart: calendar header arrows move the visible month
00:29 +664: /Users/ejunpark/.codex/worktrees/1f98bd1e-95ca-4396-82c1-c34de41a8851/OnTime-front/test/presentation/calendar/screens/calendar_screen_test.dart: calendar header arrows move the visible month
00:29 +665: /Users/ejunpark/.codex/worktrees/1f98bd1e-95ca-4396-82c1-c34de41a8851/OnTime-front/test/presentation/calendar/screens/calendar_screen_test.dart: calendar header arrows move the visible month
00:29 +666: /Users/ejunpark/.codex/worktrees/1f98bd1e-95ca-4396-82c1-c34de41a8851/OnTime-front/test/presentation/calendar/screens/calendar_screen_test.dart: calendar header arrows move the visible month
00:29 +667: /Users/ejunpark/.codex/worktrees/1f98bd1e-95ca-4396-82c1-c34de41a8851/OnTime-front/test/presentation/calendar/screens/calendar_screen_test.dart: calendar header arrows move the visible month
00:29 +668: /Users/ejunpark/.codex/worktrees/1f98bd1e-95ca-4396-82c1-c34de41a8851/OnTime-front/test/presentation/calendar/screens/calendar_screen_test.dart: calendar header arrows move the visible month
00:29 +669: /Users/ejunpark/.codex/worktrees/1f98bd1e-95ca-4396-82c1-c34de41a8851/OnTime-front/test/presentation/calendar/screens/calendar_screen_test.dart: calendar header arrows move the visible month
00:29 +670: /Users/ejunpark/.codex/worktrees/1f98bd1e-95ca-4396-82c1-c34de41a8851/OnTime-front/test/presentation/calendar/screens/calendar_screen_test.dart: calendar header arrows move the visible month
00:29 +671: /Users/ejunpark/.codex/worktrees/1f98bd1e-95ca-4396-82c1-c34de41a8851/OnTime-front/test/presentation/calendar/screens/calendar_screen_test.dart: calendar header arrows move the visible month
00:29 +672: /Users/ejunpark/.codex/worktrees/1f98bd1e-95ca-4396-82c1-c34de41a8851/OnTime-front/test/presentation/app/bloc/schedule/schedule_bloc_test.dart: ScheduleBloc preparation runtime flow new upcoming schedule cancels old timer and tracks latest schedule
00:29 +673: /Users/ejunpark/.codex/worktrees/1f98bd1e-95ca-4396-82c1-c34de41a8851/OnTime-front/test/presentation/app/bloc/schedule/schedule_bloc_test.dart: ScheduleBloc preparation runtime flow new upcoming schedule cancels old timer and tracks latest schedule
00:29 +674: /Users/ejunpark/.codex/worktrees/1f98bd1e-95ca-4396-82c1-c34de41a8851/OnTime-front/test/presentation/app/bloc/schedule/schedule_bloc_test.dart: ScheduleBloc preparation runtime flow new upcoming schedule cancels old timer and tracks latest schedule
00:29 +675: /Users/ejunpark/.codex/worktrees/1f98bd1e-95ca-4396-82c1-c34de41a8851/OnTime-front/test/presentation/app/bloc/schedule/schedule_bloc_test.dart: ScheduleBloc preparation runtime flow new upcoming schedule cancels old timer and tracks latest schedule
00:29 +676: /Users/ejunpark/.codex/worktrees/1f98bd1e-95ca-4396-82c1-c34de41a8851/OnTime-front/test/presentation/calendar/screens/calendar_screen_test.dart: month load failures show calendar error state
00:29 +677: /Users/ejunpark/.codex/worktrees/1f98bd1e-95ca-4396-82c1-c34de41a8851/OnTime-front/test/presentation/calendar/screens/calendar_screen_test.dart: month load failures show calendar error state
00:29 +678: /Users/ejunpark/.codex/worktrees/1f98bd1e-95ca-4396-82c1-c34de41a8851/OnTime-front/test/presentation/calendar/screens/calendar_screen_test.dart: month load failures show calendar error state
00:29 +679: /Users/ejunpark/.codex/worktrees/1f98bd1e-95ca-4396-82c1-c34de41a8851/OnTime-front/test/presentation/calendar/screens/calendar_screen_test.dart: month load failures show calendar error state
00:29 +680: /Users/ejunpark/.codex/worktrees/1f98bd1e-95ca-4396-82c1-c34de41a8851/OnTime-front/test/presentation/app/bloc/schedule/schedule_bloc_test.dart: ScheduleBloc preparation runtime flow future upcoming schedule stops active preparation timer
00:29 +681: /Users/ejunpark/.codex/worktrees/1f98bd1e-95ca-4396-82c1-c34de41a8851/OnTime-front/test/presentation/app/bloc/schedule/schedule_bloc_test.dart: ScheduleBloc preparation runtime flow future upcoming schedule stops active preparation timer
00:29 +682: /Users/ejunpark/.codex/worktrees/1f98bd1e-95ca-4396-82c1-c34de41a8851/OnTime-front/test/presentation/app/bloc/schedule/schedule_bloc_test.dart: ScheduleBloc preparation runtime flow future upcoming schedule stops active preparation timer
00:30 +683: /Users/ejunpark/.codex/worktrees/1f98bd1e-95ca-4396-82c1-c34de41a8851/OnTime-front/test/presentation/app/bloc/schedule/schedule_bloc_test.dart: ScheduleBloc preparation runtime flow future upcoming schedule stops active preparation timer
00:30 +684: /Users/ejunpark/.codex/worktrees/1f98bd1e-95ca-4396-82c1-c34de41a8851/OnTime-front/test/presentation/app/bloc/schedule/schedule_bloc_test.dart: ScheduleBloc preparation runtime flow future upcoming schedule stops active preparation timer
00:30 +685: /Users/ejunpark/.codex/worktrees/1f98bd1e-95ca-4396-82c1-c34de41a8851/OnTime-front/test/presentation/app/bloc/schedule/schedule_bloc_test.dart: ScheduleBloc preparation runtime flow future upcoming schedule stops active preparation timer
00:30 +686: /Users/ejunpark/.codex/worktrees/1f98bd1e-95ca-4396-82c1-c34de41a8851/OnTime-front/test/presentation/app/bloc/schedule/schedule_bloc_test.dart: ScheduleBloc preparation runtime flow future upcoming schedule stops active preparation timer
00:30 +687: /Users/ejunpark/.codex/worktrees/1f98bd1e-95ca-4396-82c1-c34de41a8851/OnTime-front/test/presentation/app/bloc/schedule/schedule_bloc_test.dart: ScheduleBloc preparation runtime flow future upcoming schedule stops active preparation timer
00:30 +688: /Users/ejunpark/.codex/worktrees/1f98bd1e-95ca-4396-82c1-c34de41a8851/OnTime-front/test/presentation/app/bloc/schedule/schedule_bloc_test.dart: ScheduleBloc preparation runtime flow official start timer does not push scheduleStart when already early-started
00:30 +689: /Users/ejunpark/.codex/worktrees/1f98bd1e-95ca-4396-82c1-c34de41a8851/OnTime-front/test/presentation/app/bloc/schedule/schedule_bloc_test.dart: ScheduleBloc preparation runtime flow official start timer does not push scheduleStart when already early-started
00:30 +690: /Users/ejunpark/.codex/worktrees/1f98bd1e-95ca-4396-82c1-c34de41a8851/OnTime-front/test/presentation/app/bloc/schedule/schedule_bloc_test.dart: ScheduleBloc preparation runtime flow official start timer does not push scheduleStart when already early-started
00:30 +691: /Users/ejunpark/.codex/worktrees/1f98bd1e-95ca-4396-82c1-c34de41a8851/OnTime-front/test/presentation/app/bloc/schedule/schedule_bloc_test.dart: ScheduleBloc preparation runtime flow same schedule re-emission preserves started state when early-started
00:30 +692: /Users/ejunpark/.codex/worktrees/1f98bd1e-95ca-4396-82c1-c34de41a8851/OnTime-front/test/presentation/app/bloc/schedule/schedule_bloc_test.dart: ScheduleBloc preparation runtime flow finish clears timed preparation and early session state
00:30 +693: /Users/ejunpark/.codex/worktrees/1f98bd1e-95ca-4396-82c1-c34de41a8851/OnTime-front/test/presentation/app/bloc/schedule/schedule_bloc_test.dart: ScheduleBloc preparation runtime flow confirmation-required run stays stopped after prompt until explicit start
00:30 +694: /Users/ejunpark/.codex/worktrees/1f98bd1e-95ca-4396-82c1-c34de41a8851/OnTime-front/test/presentation/app/bloc/schedule/schedule_bloc_test.dart: ScheduleBloc preparation runtime flow mismatched fingerprint invalidates cached progress
00:30 +695: /Users/ejunpark/.codex/worktrees/1f98bd1e-95ca-4396-82c1-c34de41a8851/OnTime-front/test/presentation/app/bloc/schedule/schedule_bloc_test.dart: ScheduleBloc preparation runtime flow resume before official start when early session and snapshot exist
00:30 +696: /Users/ejunpark/.codex/worktrees/1f98bd1e-95ca-4396-82c1-c34de41a8851/OnTime-front/test/presentation/app/bloc/schedule/schedule_bloc_test.dart: ScheduleBloc preparation runtime flow resume before official start with only early session derives elapsed from session start
00:30 +697: /Users/ejunpark/.codex/worktrees/1f98bd1e-95ca-4396-82c1-c34de41a8851/OnTime-front/test/presentation/app/bloc/schedule/schedule_bloc_test.dart: ScheduleBloc preparation runtime flow remote alarm prompt loads schedule details and arms the prompt
00:30 +698: /Users/ejunpark/.codex/worktrees/1f98bd1e-95ca-4396-82c1-c34de41a8851/OnTime-front/test/presentation/app/bloc/schedule/schedule_bloc_test.dart: ScheduleBloc preparation runtime flow remote alarm prompt rejects ended schedules and clears their alarm
00:31 +699: /Users/ejunpark/.codex/worktrees/1f98bd1e-95ca-4396-82c1-c34de41a8851/OnTime-front/test/presentation/app/bloc/schedule/schedule_bloc_test.dart: ScheduleBloc preparation runtime flow remote alarm prompt rejects stale fingerprint unless it starts prep
00:31 +700: /Users/ejunpark/.codex/worktrees/1f98bd1e-95ca-4396-82c1-c34de41a8851/OnTime-front/test/presentation/app/bloc/schedule/schedule_bloc_test.dart: ScheduleBloc preparation runtime flow alarm prompt validation failure clears only non-start prompts
00:31 +701: /Users/ejunpark/.codex/worktrees/1f98bd1e-95ca-4396-82c1-c34de41a8851/OnTime-front/test/presentation/app/bloc/schedule/schedule_bloc_test.dart: ScheduleBloc preparation runtime flow finish failure keeps the active schedule visible
00:31 +702: /Users/ejunpark/.codex/worktrees/1f98bd1e-95ca-4396-82c1-c34de41a8851/OnTime-front/test/presentation/app/bloc/schedule/schedule_bloc_test.dart: schedule events expose equality props for bloc deduping
00:31 +703: /Users/ejunpark/.codex/worktrees/1f98bd1e-95ca-4396-82c1-c34de41a8851/OnTime-front/test/presentation/shared/constants/app_colors_test.dart: white opacity colors keep the documented alpha ladder
00:31 +704: /Users/ejunpark/.codex/worktrees/1f98bd1e-95ca-4396-82c1-c34de41a8851/OnTime-front/test/presentation/shared/constants/app_colors_test.dart: brand swatches expose stable primary shades
00:31 +705: /Users/ejunpark/.codex/worktrees/1f98bd1e-95ca-4396-82c1-c34de41a8851/OnTime-front/test/presentation/shared/constants/app_colors_test.dart: social type string conversion is normalized for persistence
00:31 +706: /Users/ejunpark/.codex/worktrees/1f98bd1e-95ca-4396-82c1-c34de41a8851/OnTime-front/test/presentation/shared/utils/time_format_test.dart: formatTime describes elapsed seconds in Korean units
00:31 +707: /Users/ejunpark/.codex/worktrees/1f98bd1e-95ca-4396-82c1-c34de41a8851/OnTime-front/test/presentation/shared/utils/time_format_test.dart: formatTimeTimer uses timer display with hours when needed
00:31 +708: /Users/ejunpark/.codex/worktrees/1f98bd1e-95ca-4396-82c1-c34de41a8851/OnTime-front/test/presentation/shared/utils/time_format_test.dart: formatEalyLateTime reports absolute early or late minutes
00:31 +709: /Users/ejunpark/.codex/worktrees/1f98bd1e-95ca-4396-82c1-c34de41a8851/OnTime-front/test/presentation/shared/utils/time_format_test.dart: formatElapsedTime keeps seconds two-digit padded
00:31 +710: /Users/ejunpark/.codex/worktrees/1f98bd1e-95ca-4396-82c1-c34de41a8851/OnTime-front/test/presentation/shared/components/calendar/schedule_marker_builder_test.dart: hides schedule marker when the day is selected
00:31 +711: /Users/ejunpark/.codex/worktrees/1f98bd1e-95ca-4396-82c1-c34de41a8851/OnTime-front/test/presentation/shared/components/calendar/schedule_marker_builder_test.dart: uses the default marker when a scheduled day is not selected
00:31 +712: /Users/ejunpark/.codex/worktrees/1f98bd1e-95ca-4396-82c1-c34de41a8851/OnTime-front/test/presentation/shared/components/calendar/schedule_marker_builder_test.dart: uses the default empty-day behavior when there are no events
00:31 +713: /Users/ejunpark/.codex/worktrees/1f98bd1e-95ca-4396-82c1-c34de41a8851/OnTime-front/test/presentation/shared/components/custom_alert_dialog_test.dart: renders title, content, and actions with configured spacing
00:32 +714: /Users/ejunpark/.codex/worktrees/1f98bd1e-95ca-4396-82c1-c34de41a8851/OnTime-front/test/presentation/shared/components/two_button_delete_dialog_test.dart: delete dialog wrapper returns false on cancel
00:32 +715: /Users/ejunpark/.codex/worktrees/1f98bd1e-95ca-4396-82c1-c34de41a8851/OnTime-front/test/presentation/shared/components/two_button_delete_dialog_test.dart: delete dialog wrapper returns false on cancel
00:32 +716: /Users/ejunpark/.codex/worktrees/1f98bd1e-95ca-4396-82c1-c34de41a8851/OnTime-front/test/presentation/shared/components/two_button_delete_dialog_test.dart: delete dialog wrapper returns false on cancel
00:32 +717: /Users/ejunpark/.codex/worktrees/1f98bd1e-95ca-4396-82c1-c34de41a8851/OnTime-front/test/presentation/shared/components/two_button_delete_dialog_test.dart: delete dialog wrapper returns false on cancel
00:32 +718: /Users/ejunpark/.codex/worktrees/1f98bd1e-95ca-4396-82c1-c34de41a8851/OnTime-front/test/presentation/shared/components/two_button_delete_dialog_test.dart: delete dialog wrapper returns false on cancel
00:32 +719: /Users/ejunpark/.codex/worktrees/1f98bd1e-95ca-4396-82c1-c34de41a8851/OnTime-front/test/presentation/shared/components/two_button_delete_dialog_test.dart: delete dialog wrapper returns false on cancel
00:32 +720: /Users/ejunpark/.codex/worktrees/1f98bd1e-95ca-4396-82c1-c34de41a8851/OnTime-front/test/presentation/shared/components/two_button_delete_dialog_test.dart: delete dialog wrapper returns false on cancel
00:32 +721: /Users/ejunpark/.codex/worktrees/1f98bd1e-95ca-4396-82c1-c34de41a8851/OnTime-front/test/presentation/shared/components/cupertino_picker_modal_test.dart: minute picker saves the selected duration and disposes
00:32 +722: /Users/ejunpark/.codex/worktrees/1f98bd1e-95ca-4396-82c1-c34de41a8851/OnTime-front/test/presentation/shared/components/cupertino_picker_modal_test.dart: minute picker saves the selected duration and disposes
00:32 +723: /Users/ejunpark/.codex/worktrees/1f98bd1e-95ca-4396-82c1-c34de41a8851/OnTime-front/test/presentation/shared/components/cupertino_picker_modal_test.dart: minute picker saves the selected duration and disposes
00:33 +724: /Users/ejunpark/.codex/worktrees/1f98bd1e-95ca-4396-82c1-c34de41a8851/OnTime-front/test/presentation/shared/components/cupertino_picker_modal_test.dart: minute picker saves the selected duration and disposes
00:33 +725: /Users/ejunpark/.codex/worktrees/1f98bd1e-95ca-4396-82c1-c34de41a8851/OnTime-front/test/presentation/shared/components/cupertino_picker_modal_test.dart: minute picker saves the selected duration and disposes
00:33 +726: /Users/ejunpark/.codex/worktrees/1f98bd1e-95ca-4396-82c1-c34de41a8851/OnTime-front/test/presentation/shared/components/cupertino_picker_modal_test.dart: minute picker cancel disposes without saving
00:33 +727: /Users/ejunpark/.codex/worktrees/1f98bd1e-95ca-4396-82c1-c34de41a8851/OnTime-front/test/presentation/shared/components/cupertino_picker_modal_test.dart: timer picker saves the initial timer duration
00:33 +728: /Users/ejunpark/.codex/worktrees/1f98bd1e-95ca-4396-82c1-c34de41a8851/OnTime-front/test/presentation/shared/components/cupertino_picker_modal_test.dart: date picker saves the initial date value
00:33 +729: /Users/ejunpark/.codex/worktrees/1f98bd1e-95ca-4396-82c1-c34de41a8851/OnTime-front/test/presentation/shared/theme/button_and_calendar_theme_test.dart: (setUpAll)
00:33 +729: /Users/ejunpark/.codex/worktrees/1f98bd1e-95ca-4396-82c1-c34de41a8851/OnTime-front/test/presentation/shared/theme/button_and_calendar_theme_test.dart: button styles resolve enabled and disabled visual contracts
00:34 +730: /Users/ejunpark/.codex/worktrees/1f98bd1e-95ca-4396-82c1-c34de41a8851/OnTime-front/test/presentation/shared/theme/button_and_calendar_theme_test.dart: calendar theme builds app calendar tokens and copies overrides
00:34 +731: /Users/ejunpark/.codex/worktrees/1f98bd1e-95ca-4396-82c1-c34de41a8851/OnTime-front/test/presentation/shared/theme/button_and_calendar_theme_test.dart: calendar theme can be derived from build context
00:34 +732: /Users/ejunpark/.codex/worktrees/1f98bd1e-95ca-4396-82c1-c34de41a8851/OnTime-front/test/presentation/shared/theme/button_and_calendar_theme_test.dart: calendar theme can be derived from build context
00:34 +733: /Users/ejunpark/.codex/worktrees/1f98bd1e-95ca-4396-82c1-c34de41a8851/OnTime-front/test/presentation/shared/theme/button_and_calendar_theme_test.dart: calendar theme can be derived from build context
00:34 +734: /Users/ejunpark/.codex/worktrees/1f98bd1e-95ca-4396-82c1-c34de41a8851/OnTime-front/test/presentation/shared/theme/button_and_calendar_theme_test.dart: (tearDownAll)
00:34 +734: /Users/ejunpark/.codex/worktrees/1f98bd1e-95ca-4396-82c1-c34de41a8851/OnTime-front/test/presentation/shared/router/app_route_transition_test.dart: standard app route fades and glides into place
00:34 +735: /Users/ejunpark/.codex/worktrees/1f98bd1e-95ca-4396-82c1-c34de41a8851/OnTime-front/test/presentation/shared/router/app_route_transition_test.dart: standard app route exits back toward its entry edge
00:34 +736: /Users/ejunpark/.codex/worktrees/1f98bd1e-95ca-4396-82c1-c34de41a8851/OnTime-front/test/presentation/shared/router/app_route_transition_test.dart: bottom navigation routes exit back toward their entry edge
00:34 +737: /Users/ejunpark/.codex/worktrees/1f98bd1e-95ca-4396-82c1-c34de41a8851/OnTime-front/test/presentation/shared/router/notification_launch_widget_test.dart: (setUpAll)
00:34 +737: /Users/ejunpark/.codex/worktrees/1f98bd1e-95ca-4396-82c1-c34de41a8851/OnTime-front/test/presentation/shared/router/notification_launch_widget_test.dart: production router gates, exact target, dedupe and retap from old B at 390.0
00:34 +738: /Users/ejunpark/.codex/worktrees/1f98bd1e-95ca-4396-82c1-c34de41a8851/OnTime-front/test/presentation/shared/router/notification_launch_widget_test.dart: production router gates, exact target, dedupe and retap from old B at 390.0
00:35 +739: /Users/ejunpark/.codex/worktrees/1f98bd1e-95ca-4396-82c1-c34de41a8851/OnTime-front/test/presentation/shared/router/notification_launch_widget_test.dart: production router gates, exact target, dedupe and retap from old B at 390.0
00:35 +740: /Users/ejunpark/.codex/worktrees/1f98bd1e-95ca-4396-82c1-c34de41a8851/OnTime-front/test/presentation/shared/router/notification_launch_widget_test.dart: production router gates, exact target, dedupe and retap from old B at 390.0
00:35 +741: /Users/ejunpark/.codex/worktrees/1f98bd1e-95ca-4396-82c1-c34de41a8851/OnTime-front/test/presentation/shared/router/notification_launch_widget_test.dart: production router gates, exact target, dedupe and retap from old B at 390.0
00:35 +742: /Users/ejunpark/.codex/worktrees/1f98bd1e-95ca-4396-82c1-c34de41a8851/OnTime-front/test/presentation/shared/router/notification_launch_widget_test.dart: production router gates, exact target, dedupe and retap from old B at 390.0
00:35 +743: /Users/ejunpark/.codex/worktrees/1f98bd1e-95ca-4396-82c1-c34de41a8851/OnTime-front/test/presentation/shared/router/notification_launch_widget_test.dart: production router gates, exact target, dedupe and retap from old B at 390.0
00:35 +744: /Users/ejunpark/.codex/worktrees/1f98bd1e-95ca-4396-82c1-c34de41a8851/OnTime-front/test/presentation/shared/router/notification_launch_widget_test.dart: production router gates, exact target, dedupe and retap from old B at 390.0
00:35 +745: /Users/ejunpark/.codex/worktrees/1f98bd1e-95ca-4396-82c1-c34de41a8851/OnTime-front/test/presentation/shared/router/notification_launch_widget_test.dart: production router gates, exact target, dedupe and retap from old B at 390.0
00:35 +746: /Users/ejunpark/.codex/worktrees/1f98bd1e-95ca-4396-82c1-c34de41a8851/OnTime-front/test/presentation/shared/router/notification_launch_widget_test.dart: production router gates, exact target, dedupe and retap from old B at 390.0
00:35 +747: /Users/ejunpark/.codex/worktrees/1f98bd1e-95ca-4396-82c1-c34de41a8851/OnTime-front/test/presentation/shared/router/notification_launch_widget_test.dart: production router gates, exact target, dedupe and retap from old B at 390.0
00:35 +748: /Users/ejunpark/.codex/worktrees/1f98bd1e-95ca-4396-82c1-c34de41a8851/OnTime-front/test/presentation/shared/router/notification_launch_widget_test.dart: production router gates, exact target, dedupe and retap from old B at 390.0
00:35 +749: /Users/ejunpark/.codex/worktrees/1f98bd1e-95ca-4396-82c1-c34de41a8851/OnTime-front/test/presentation/shared/router/notification_launch_widget_test.dart: production router gates, exact target, dedupe and retap from old B at 390.0
00:35 +750: /Users/ejunpark/.codex/worktrees/1f98bd1e-95ca-4396-82c1-c34de41a8851/OnTime-front/test/presentation/shared/router/notification_launch_widget_test.dart: production router gates, exact target, dedupe and retap from old B at 390.0
00:35 +751: /Users/ejunpark/.codex/worktrees/1f98bd1e-95ca-4396-82c1-c34de41a8851/OnTime-front/test/presentation/shared/router/notification_launch_widget_test.dart: production router gates, exact target, dedupe and retap from old B at 390.0
00:36 +752: /Users/ejunpark/.codex/worktrees/1f98bd1e-95ca-4396-82c1-c34de41a8851/OnTime-front/test/presentation/shared/router/notification_launch_widget_test.dart: production router gates, exact target, dedupe and retap from old B at 390.0
00:36 +753: /Users/ejunpark/.codex/worktrees/1f98bd1e-95ca-4396-82c1-c34de41a8851/OnTime-front/test/presentation/shared/router/notification_launch_widget_test.dart: production router gates, exact target, dedupe and retap from old B at 390.0
00:36 +754: /Users/ejunpark/.codex/worktrees/1f98bd1e-95ca-4396-82c1-c34de41a8851/OnTime-front/test/presentation/shared/router/notification_launch_widget_test.dart: production router gates, exact target, dedupe and retap from old B at 390.0
00:36 +755: /Users/ejunpark/.codex/worktrees/1f98bd1e-95ca-4396-82c1-c34de41a8851/OnTime-front/test/presentation/my_page/preparation_spare_time_edit/preparation_spare_time_edit_screen_test.dart: keeps preparation edits mounted when spare time changes
00:36 +756: /Users/ejunpark/.codex/worktrees/1f98bd1e-95ca-4396-82c1-c34de41a8851/OnTime-front/test/presentation/my_page/preparation_spare_time_edit/preparation_spare_time_edit_screen_test.dart: keeps preparation edits mounted when spare time changes
00:36 +757: /Users/ejunpark/.codex/worktrees/1f98bd1e-95ca-4396-82c1-c34de41a8851/OnTime-front/test/presentation/my_page/preparation_spare_time_edit/preparation_spare_time_edit_screen_test.dart: keeps preparation edits mounted when spare time changes
00:36 +758: /Users/ejunpark/.codex/worktrees/1f98bd1e-95ca-4396-82c1-c34de41a8851/OnTime-front/test/presentation/my_page/preparation_spare_time_edit/preparation_spare_time_edit_screen_test.dart: keeps preparation edits mounted when spare time changes
00:36 +759: /Users/ejunpark/.codex/worktrees/1f98bd1e-95ca-4396-82c1-c34de41a8851/OnTime-front/test/presentation/my_page/preparation_spare_time_edit/preparation_spare_time_edit_screen_test.dart: keeps preparation edits mounted when spare time changes
00:36 +760: /Users/ejunpark/.codex/worktrees/1f98bd1e-95ca-4396-82c1-c34de41a8851/OnTime-front/test/presentation/my_page/preparation_spare_time_edit/preparation_spare_time_edit_screen_test.dart: keeps preparation edits mounted when spare time changes
00:37 +761: /Users/ejunpark/.codex/worktrees/1f98bd1e-95ca-4396-82c1-c34de41a8851/OnTime-front/test/presentation/shared/router/notification_launch_widget_test.dart: production router gates, exact target, dedupe and retap from old old at 390.0
00:37 +762: /Users/ejunpark/.codex/worktrees/1f98bd1e-95ca-4396-82c1-c34de41a8851/OnTime-front/test/presentation/shared/router/notification_launch_widget_test.dart: production router gates, exact target, dedupe and retap from old old at 390.0
00:37 +763: /Users/ejunpark/.codex/worktrees/1f98bd1e-95ca-4396-82c1-c34de41a8851/OnTime-front/test/presentation/my_page/my_data_export_test.dart: 암호화 백업 내보내기 password cancel disposes only after exit transition
00:37 +764: /Users/ejunpark/.codex/worktrees/1f98bd1e-95ca-4396-82c1-c34de41a8851/OnTime-front/test/presentation/my_page/my_data_export_test.dart: 암호화 백업 내보내기 password cancel disposes only after exit transition
00:37 +765: /Users/ejunpark/.codex/worktrees/1f98bd1e-95ca-4396-82c1-c34de41a8851/OnTime-front/test/presentation/my_page/my_data_export_test.dart: 암호화 백업 내보내기 password cancel disposes only after exit transition
00:37 +766: /Users/ejunpark/.codex/worktrees/1f98bd1e-95ca-4396-82c1-c34de41a8851/OnTime-front/test/presentation/my_page/my_data_export_test.dart: 암호화 백업 내보내기 password cancel disposes only after exit transition
00:37 +767: /Users/ejunpark/.codex/worktrees/1f98bd1e-95ca-4396-82c1-c34de41a8851/OnTime-front/test/presentation/my_page/my_data_export_test.dart: 암호화 백업 내보내기 password cancel disposes only after exit transition
00:37 +768: /Users/ejunpark/.codex/worktrees/1f98bd1e-95ca-4396-82c1-c34de41a8851/OnTime-front/test/presentation/my_page/my_data_export_test.dart: 암호화 백업 내보내기 password cancel disposes only after exit transition
00:37 +769: /Users/ejunpark/.codex/worktrees/1f98bd1e-95ca-4396-82c1-c34de41a8851/OnTime-front/test/presentation/my_page/my_data_export_test.dart: 암호화 백업 내보내기 password cancel disposes only after exit transition
00:38 +770: /Users/ejunpark/.codex/worktrees/1f98bd1e-95ca-4396-82c1-c34de41a8851/OnTime-front/test/presentation/my_page/my_page_screen_test.dart: Korean settings match the phone layout
00:38 +771: /Users/ejunpark/.codex/worktrees/1f98bd1e-95ca-4396-82c1-c34de41a8851/OnTime-front/test/presentation/shared/router/notification_launch_widget_test.dart: production router gates, exact target, dedupe and retap from old old at 430.0
00:38 +772: /Users/ejunpark/.codex/worktrees/1f98bd1e-95ca-4396-82c1-c34de41a8851/OnTime-front/test/presentation/shared/router/notification_launch_widget_test.dart: production router gates, exact target, dedupe and retap from old old at 430.0
00:38 +773: /Users/ejunpark/.codex/worktrees/1f98bd1e-95ca-4396-82c1-c34de41a8851/OnTime-front/test/presentation/shared/router/notification_launch_widget_test.dart: production router gates, exact target, dedupe and retap from old old at 430.0
00:38 +774: /Users/ejunpark/.codex/worktrees/1f98bd1e-95ca-4396-82c1-c34de41a8851/OnTime-front/test/presentation/shared/router/notification_launch_widget_test.dart: production router gates, exact target, dedupe and retap from old old at 430.0
00:38 +775: /Users/ejunpark/.codex/worktrees/1f98bd1e-95ca-4396-82c1-c34de41a8851/OnTime-front/test/presentation/shared/router/notification_launch_widget_test.dart: production router gates, exact target, dedupe and retap from old old at 430.0
00:38 +776: /Users/ejunpark/.codex/worktrees/1f98bd1e-95ca-4396-82c1-c34de41a8851/OnTime-front/test/presentation/my_page/my_data_restore_test.dart: validated preview cancellation never applies backup
00:38 +777: /Users/ejunpark/.codex/worktrees/1f98bd1e-95ca-4396-82c1-c34de41a8851/OnTime-front/test/presentation/my_page/my_data_restore_test.dart: validated preview cancellation never applies backup
00:38 +778: /Users/ejunpark/.codex/worktrees/1f98bd1e-95ca-4396-82c1-c34de41a8851/OnTime-front/test/presentation/my_page/my_data_restore_test.dart: validated preview cancellation never applies backup
00:38 +779: /Users/ejunpark/.codex/worktrees/1f98bd1e-95ca-4396-82c1-c34de41a8851/OnTime-front/test/presentation/my_page/my_data_restore_test.dart: validated preview cancellation never applies backup
00:38 +780: /Users/ejunpark/.codex/worktrees/1f98bd1e-95ca-4396-82c1-c34de41a8851/OnTime-front/test/presentation/my_page/my_data_restore_test.dart: validated preview cancellation never applies backup
00:38 +781: /Users/ejunpark/.codex/worktrees/1f98bd1e-95ca-4396-82c1-c34de41a8851/OnTime-front/test/presentation/my_page/my_data_restore_test.dart: validated preview cancellation never applies backup
00:38 +782: /Users/ejunpark/.codex/worktrees/1f98bd1e-95ca-4396-82c1-c34de41a8851/OnTime-front/test/presentation/my_page/my_data_restore_test.dart: validated preview cancellation never applies backup
00:38 +783: /Users/ejunpark/.codex/worktrees/1f98bd1e-95ca-4396-82c1-c34de41a8851/OnTime-front/test/presentation/my_page/my_data_restore_test.dart: validated preview cancellation never applies backup
00:38 +784: /Users/ejunpark/.codex/worktrees/1f98bd1e-95ca-4396-82c1-c34de41a8851/OnTime-front/test/presentation/my_page/my_data_restore_test.dart: validated preview cancellation never applies backup
00:38 +785: /Users/ejunpark/.codex/worktrees/1f98bd1e-95ca-4396-82c1-c34de41a8851/OnTime-front/test/presentation/my_page/my_data_restore_test.dart: validated preview cancellation never applies backup
00:38 +786: /Users/ejunpark/.codex/worktrees/1f98bd1e-95ca-4396-82c1-c34de41a8851/OnTime-front/test/presentation/my_page/my_data_restore_test.dart: validated preview cancellation never applies backup
00:38 +787: /Users/ejunpark/.codex/worktrees/1f98bd1e-95ca-4396-82c1-c34de41a8851/OnTime-front/test/presentation/my_page/my_data_restore_test.dart: validated preview cancellation never applies backup
00:38 +788: /Users/ejunpark/.codex/worktrees/1f98bd1e-95ca-4396-82c1-c34de41a8851/OnTime-front/test/presentation/my_page/my_data_restore_test.dart: validated preview cancellation never applies backup
00:38 +789: /Users/ejunpark/.codex/worktrees/1f98bd1e-95ca-4396-82c1-c34de41a8851/OnTime-front/test/presentation/my_page/my_data_restore_test.dart: validated preview cancellation never applies backup
00:39 +790: /Users/ejunpark/.codex/worktrees/1f98bd1e-95ca-4396-82c1-c34de41a8851/OnTime-front/test/presentation/my_page/my_data_restore_test.dart: validated preview cancellation never applies backup
00:39 +791: /Users/ejunpark/.codex/worktrees/1f98bd1e-95ca-4396-82c1-c34de41a8851/OnTime-front/test/presentation/my_page/my_data_restore_test.dart: validated preview cancellation never applies backup
00:39 +792: /Users/ejunpark/.codex/worktrees/1f98bd1e-95ca-4396-82c1-c34de41a8851/OnTime-front/test/presentation/my_page/my_data_restore_test.dart: validated preview cancellation never applies backup
00:39 +793: /Users/ejunpark/.codex/worktrees/1f98bd1e-95ca-4396-82c1-c34de41a8851/OnTime-front/test/presentation/my_page/my_data_restore_test.dart: validated preview cancellation never applies backup
00:39 +794: /Users/ejunpark/.codex/worktrees/1f98bd1e-95ca-4396-82c1-c34de41a8851/OnTime-front/test/presentation/my_page/my_data_restore_test.dart: validated preview cancellation never applies backup
00:39 +795: /Users/ejunpark/.codex/worktrees/1f98bd1e-95ca-4396-82c1-c34de41a8851/OnTime-front/test/presentation/my_page/my_data_restore_test.dart: validated preview cancellation never applies backup
00:39 +796: /Users/ejunpark/.codex/worktrees/1f98bd1e-95ca-4396-82c1-c34de41a8851/OnTime-front/test/presentation/my_page/my_data_restore_test.dart: validated preview cancellation never applies backup
00:39 +797: /Users/ejunpark/.codex/worktrees/1f98bd1e-95ca-4396-82c1-c34de41a8851/OnTime-front/test/presentation/my_page/my_data_restore_test.dart: validated preview cancellation never applies backup
00:39 +798: /Users/ejunpark/.codex/worktrees/1f98bd1e-95ca-4396-82c1-c34de41a8851/OnTime-front/test/presentation/my_page/my_data_restore_test.dart: validated preview cancellation never applies backup
00:39 +799: /Users/ejunpark/.codex/worktrees/1f98bd1e-95ca-4396-82c1-c34de41a8851/OnTime-front/test/presentation/my_page/my_data_restore_test.dart: validated preview cancellation never applies backup
00:39 +800: /Users/ejunpark/.codex/worktrees/1f98bd1e-95ca-4396-82c1-c34de41a8851/OnTime-front/test/presentation/my_page/my_data_restore_test.dart: validated preview cancellation never applies backup
00:39 +801: /Users/ejunpark/.codex/worktrees/1f98bd1e-95ca-4396-82c1-c34de41a8851/OnTime-front/test/presentation/my_page/my_data_restore_test.dart: validated preview cancellation never applies backup
00:39 +802: /Users/ejunpark/.codex/worktrees/1f98bd1e-95ca-4396-82c1-c34de41a8851/OnTime-front/test/presentation/my_page/my_page_screen_test.dart: new notification grant initializes local notifications
00:39 +803: /Users/ejunpark/.codex/worktrees/1f98bd1e-95ca-4396-82c1-c34de41a8851/OnTime-front/test/presentation/my_page/my_data_restore_test.dart: picker cancel skips preview and leaves data untouched
00:39 +804: /Users/ejunpark/.codex/worktrees/1f98bd1e-95ca-4396-82c1-c34de41a8851/OnTime-front/test/presentation/my_page/my_data_restore_test.dart: picker cancel skips preview and leaves data untouched
00:39 +805: /Users/ejunpark/.codex/worktrees/1f98bd1e-95ca-4396-82c1-c34de41a8851/OnTime-front/test/presentation/my_page/my_data_restore_test.dart: picker cancel skips preview and leaves data untouched
00:39 +806: /Users/ejunpark/.codex/worktrees/1f98bd1e-95ca-4396-82c1-c34de41a8851/OnTime-front/test/presentation/my_page/my_data_restore_test.dart: picker cancel skips preview and leaves data untouched
00:39 +807: /Users/ejunpark/.codex/worktrees/1f98bd1e-95ca-4396-82c1-c34de41a8851/OnTime-front/test/presentation/my_page/my_data_restore_test.dart: picker cancel skips preview and leaves data untouched
00:40 +808: /Users/ejunpark/.codex/worktrees/1f98bd1e-95ca-4396-82c1-c34de41a8851/OnTime-front/test/presentation/my_page/my_data_restore_test.dart: picker cancel skips preview and leaves data untouched
00:40 +809: /Users/ejunpark/.codex/worktrees/1f98bd1e-95ca-4396-82c1-c34de41a8851/OnTime-front/test/presentation/my_page/my_data_restore_test.dart: invalid selected file reports failure and permits another attempt
00:40 +810: /Users/ejunpark/.codex/worktrees/1f98bd1e-95ca-4396-82c1-c34de41a8851/OnTime-front/test/presentation/my_page/my_data_restore_test.dart: invalid selected file reports failure and permits another attempt
00:40 +811: /Users/ejunpark/.codex/worktrees/1f98bd1e-95ca-4396-82c1-c34de41a8851/OnTime-front/test/presentation/alarm/screens/preparation_flow_widget_test.dart: Preparation flow widgets official start prompt uses one action and opens alarm
00:41 +812: /Users/ejunpark/.codex/worktrees/1f98bd1e-95ca-4396-82c1-c34de41a8851/OnTime-front/test/presentation/alarm/screens/preparation_flow_widget_test.dart: Preparation flow widgets official start prompt uses one action and opens alarm
00:41 +813: /Users/ejunpark/.codex/worktrees/1f98bd1e-95ca-4396-82c1-c34de41a8851/OnTime-front/test/presentation/alarm/screens/schedule_start_commit_widget_test.dart: real button awaits durable commit; failure retries and stale route=false never navigates
00:41 +814: /Users/ejunpark/.codex/worktrees/1f98bd1e-95ca-4396-82c1-c34de41a8851/OnTime-front/test/presentation/alarm/screens/schedule_start_commit_widget_test.dart: real button awaits durable commit; failure retries and stale route=false never navigates
00:41 +815: /Users/ejunpark/.codex/worktrees/1f98bd1e-95ca-4396-82c1-c34de41a8851/OnTime-front/test/presentation/alarm/screens/schedule_start_commit_widget_test.dart: real button awaits durable commit; failure retries and stale route=false never navigates
00:41 +816: /Users/ejunpark/.codex/worktrees/1f98bd1e-95ca-4396-82c1-c34de41a8851/OnTime-front/test/presentation/alarm/screens/schedule_start_commit_widget_test.dart: real button awaits durable commit; failure retries and stale route=false never navigates
00:41 +817: /Users/ejunpark/.codex/worktrees/1f98bd1e-95ca-4396-82c1-c34de41a8851/OnTime-front/test/presentation/alarm/screens/schedule_start_commit_widget_test.dart: real button awaits durable commit; failure retries and stale route=false never navigates
00:41 +818: /Users/ejunpark/.codex/worktrees/1f98bd1e-95ca-4396-82c1-c34de41a8851/OnTime-front/test/presentation/alarm/screens/schedule_start_commit_widget_test.dart: real button awaits durable commit; failure retries and stale route=false never navigates
00:41 +819: /Users/ejunpark/.codex/worktrees/1f98bd1e-95ca-4396-82c1-c34de41a8851/OnTime-front/test/presentation/alarm/screens/schedule_start_commit_widget_test.dart: real button awaits durable commit; failure retries and stale route=false never navigates
00:41 +820: /Users/ejunpark/.codex/worktrees/1f98bd1e-95ca-4396-82c1-c34de41a8851/OnTime-front/test/presentation/alarm/screens/schedule_start_commit_widget_test.dart: real button awaits durable commit; failure retries and stale route=false never navigates
00:41 +821: /Users/ejunpark/.codex/worktrees/1f98bd1e-95ca-4396-82c1-c34de41a8851/OnTime-front/test/presentation/alarm/screens/schedule_start_commit_widget_test.dart: real button awaits durable commit; failure retries and stale route=false never navigates
00:41 +822: /Users/ejunpark/.codex/worktrees/1f98bd1e-95ca-4396-82c1-c34de41a8851/OnTime-front/test/presentation/alarm/screens/schedule_start_commit_widget_test.dart: real button awaits durable commit; failure retries and stale route=false never navigates
00:41 +823: /Users/ejunpark/.codex/worktrees/1f98bd1e-95ca-4396-82c1-c34de41a8851/OnTime-front/test/presentation/alarm/screens/schedule_start_commit_widget_test.dart: real button awaits durable commit; failure retries and stale route=false never navigates
00:41 +824: /Users/ejunpark/.codex/worktrees/1f98bd1e-95ca-4396-82c1-c34de41a8851/OnTime-front/test/presentation/alarm/screens/schedule_start_commit_widget_test.dart: real button awaits durable commit; failure retries and stale route=false never navigates
00:41 +825: /Users/ejunpark/.codex/worktrees/1f98bd1e-95ca-4396-82c1-c34de41a8851/OnTime-front/test/presentation/alarm/screens/schedule_start_commit_widget_test.dart: real button awaits durable commit; failure retries and stale route=false never navigates
00:41 +826: /Users/ejunpark/.codex/worktrees/1f98bd1e-95ca-4396-82c1-c34de41a8851/OnTime-front/test/presentation/alarm/screens/schedule_start_commit_widget_test.dart: real button awaits durable commit; failure retries and stale route=false never navigates
00:42 +827: /Users/ejunpark/.codex/worktrees/1f98bd1e-95ca-4396-82c1-c34de41a8851/OnTime-front/test/presentation/alarm/screens/schedule_start_commit_widget_test.dart: real button awaits durable commit; failure retries and stale route=false never navigates
00:42 +828: /Users/ejunpark/.codex/worktrees/1f98bd1e-95ca-4396-82c1-c34de41a8851/OnTime-front/test/presentation/startup/local_reset_recovery_test.dart: pre-DI reset failure exposes retry without constructing the normal app
00:42 +829: /Users/ejunpark/.codex/worktrees/1f98bd1e-95ca-4396-82c1-c34de41a8851/OnTime-front/test/presentation/startup/local_reset_recovery_test.dart: pre-DI reset failure exposes retry without constructing the normal app
00:42 +830: /Users/ejunpark/.codex/worktrees/1f98bd1e-95ca-4396-82c1-c34de41a8851/OnTime-front/test/presentation/alarm/screens/schedule_start_commit_widget_test.dart: real button awaits durable commit; failure retries and stale route=true never navigates
00:42 +831: /Users/ejunpark/.codex/worktrees/1f98bd1e-95ca-4396-82c1-c34de41a8851/OnTime-front/test/presentation/alarm/screens/schedule_start_commit_widget_test.dart: real button awaits durable commit; failure retries and stale route=true never navigates
00:42 +832: /Users/ejunpark/.codex/worktrees/1f98bd1e-95ca-4396-82c1-c34de41a8851/OnTime-front/test/presentation/startup/local_reset_recovery_test.dart: pre-DI bootstrap failure can retry without showing private exception text
00:42 +833: /Users/ejunpark/.codex/worktrees/1f98bd1e-95ca-4396-82c1-c34de41a8851/OnTime-front/test/presentation/alarm/screens/preparation_flow_widget_test.dart: Preparation flow widgets manual finish before leave time sends lateness 0 and navigates
00:42 +834: /Users/ejunpark/.codex/worktrees/1f98bd1e-95ca-4396-82c1-c34de41a8851/OnTime-front/test/presentation/startup/local_reset_recovery_test.dart: reset invalidation disposes the old app while the actual platform future remains pending
00:42 +835: /Users/ejunpark/.codex/worktrees/1f98bd1e-95ca-4396-82c1-c34de41a8851/OnTime-front/test/presentation/alarm/screens/preparation_flow_widget_test.dart: Preparation flow widgets manual finish after leave threshold sends positive lateness
00:42 +836: /Users/ejunpark/.codex/worktrees/1f98bd1e-95ca-4396-82c1-c34de41a8851/OnTime-front/test/presentation/startup/local_reset_recovery_test.dart: ko partial deletion screen is distinct from complete and fits large text
00:42 +837: /Users/ejunpark/.codex/worktrees/1f98bd1e-95ca-4396-82c1-c34de41a8851/OnTime-front/test/presentation/alarm/screens/preparation_flow_widget_test.dart: Preparation flow widgets completion dialog continue shows live leave countdown for ongoing flow
00:42 +838: /Users/ejunpark/.codex/worktrees/1f98bd1e-95ca-4396-82c1-c34de41a8851/OnTime-front/test/presentation/alarm/screens/preparation_flow_widget_test.dart: Preparation flow widgets completion dialog continue shows live leave countdown for ongoing flow
00:42 +839: /Users/ejunpark/.codex/worktrees/1f98bd1e-95ca-4396-82c1-c34de41a8851/OnTime-front/test/presentation/alarm/screens/preparation_flow_widget_test.dart: Preparation flow widgets completion dialog continue shows live leave countdown for early-start flow
00:42 +840: /Users/ejunpark/.codex/worktrees/1f98bd1e-95ca-4396-82c1-c34de41a8851/OnTime-front/test/presentation/alarm/screens/preparation_flow_widget_test.dart: Preparation flow widgets completion dialog continue keeps overdue timer running after leave time
00:42 +841: /Users/ejunpark/.codex/worktrees/1f98bd1e-95ca-4396-82c1-c34de41a8851/OnTime-front/test/presentation/alarm_allow/alarm_allow_screen_test.dart: shows English precise notification permission rationale
00:42 +842: /Users/ejunpark/.codex/worktrees/1f98bd1e-95ca-4396-82c1-c34de41a8851/OnTime-front/test/presentation/alarm_allow/alarm_allow_screen_test.dart: shows English precise notification permission rationale
00:42 +843: /Users/ejunpark/.codex/worktrees/1f98bd1e-95ca-4396-82c1-c34de41a8851/OnTime-front/test/presentation/alarm_allow/alarm_allow_screen_test.dart: shows English precise notification permission rationale
00:42 +844: /Users/ejunpark/.codex/worktrees/1f98bd1e-95ca-4396-82c1-c34de41a8851/OnTime-front/test/presentation/alarm_allow/alarm_allow_screen_test.dart: shows English precise notification permission rationale
00:42 +845: /Users/ejunpark/.codex/worktrees/1f98bd1e-95ca-4396-82c1-c34de41a8851/OnTime-front/test/presentation/alarm_allow/alarm_allow_screen_test.dart: shows English precise notification permission rationale
00:43 +846: /Users/ejunpark/.codex/worktrees/1f98bd1e-95ca-4396-82c1-c34de41a8851/OnTime-front/test/presentation/alarm_allow/alarm_allow_screen_test.dart: shows English precise notification permission rationale
00:43 +847: /Users/ejunpark/.codex/worktrees/1f98bd1e-95ca-4396-82c1-c34de41a8851/OnTime-front/test/presentation/alarm_allow/alarm_allow_screen_test.dart: shows English precise notification permission rationale
00:43 +848: /Users/ejunpark/.codex/worktrees/1f98bd1e-95ca-4396-82c1-c34de41a8851/OnTime-front/test/presentation/alarm_allow/alarm_allow_screen_test.dart: shows English precise notification permission rationale
00:43 +849: /Users/ejunpark/.codex/worktrees/1f98bd1e-95ca-4396-82c1-c34de41a8851/OnTime-front/test/presentation/alarm_allow/alarm_allow_screen_test.dart: shows English precise notification permission rationale
00:43 +850: /Users/ejunpark/.codex/worktrees/1f98bd1e-95ca-4396-82c1-c34de41a8851/OnTime-front/test/presentation/alarm_allow/alarm_allow_screen_test.dart: granted Android notification permission enables notifications
00:43 +851: /Users/ejunpark/.codex/worktrees/1f98bd1e-95ca-4396-82c1-c34de41a8851/OnTime-front/test/presentation/alarm_allow/alarm_allow_screen_test.dart: uses alarm language for iOS AlarmKit capability
00:43 +852: /Users/ejunpark/.codex/worktrees/1f98bd1e-95ca-4396-82c1-c34de41a8851/OnTime-front/test/presentation/alarm_allow/alarm_allow_screen_test.dart: dismiss keeps notification delivery when fallback is available
00:43 +853: /Users/ejunpark/.codex/worktrees/1f98bd1e-95ca-4396-82c1-c34de41a8851/OnTime-front/test/presentation/onboarding/screens/onboarding_screen_test.dart: start screen enters the entirely local onboarding flow
00:44 +854: /Users/ejunpark/.codex/worktrees/1f98bd1e-95ca-4396-82c1-c34de41a8851/OnTime-front/test/presentation/recurring/recurring_screens_test.dart: weekly settings support multiple weekdays and positive count without yearly option
00:44 +855: /Users/ejunpark/.codex/worktrees/1f98bd1e-95ca-4396-82c1-c34de41a8851/OnTime-front/test/presentation/recurring/refreshed_screens_test.dart: monthly and end-date controls preserve a valid edited rule
00:44 +856: /Users/ejunpark/.codex/worktrees/1f98bd1e-95ca-4396-82c1-c34de41a8851/OnTime-front/test/presentation/recurring/refreshed_screens_test.dart: monthly and end-date controls preserve a valid edited rule
00:45 +857: /Users/ejunpark/.codex/worktrees/1f98bd1e-95ca-4396-82c1-c34de41a8851/OnTime-front/test/presentation/recurring/refreshed_screens_test.dart: monthly and end-date controls preserve a valid edited rule
00:45 +858: /Users/ejunpark/.codex/worktrees/1f98bd1e-95ca-4396-82c1-c34de41a8851/OnTime-front/test/presentation/recurring/refreshed_screens_test.dart: monthly and end-date controls preserve a valid edited rule
00:45 +859: /Users/ejunpark/.codex/worktrees/1f98bd1e-95ca-4396-82c1-c34de41a8851/OnTime-front/test/presentation/recurring/refreshed_screens_test.dart: monthly and end-date controls preserve a valid edited rule
00:45 +860: /Users/ejunpark/.codex/worktrees/1f98bd1e-95ca-4396-82c1-c34de41a8851/OnTime-front/test/presentation/recurring/recurring_form_integration_test.dart: four-step creation opens recurrence review and saves to the local database
00:45 +861: /Users/ejunpark/.codex/worktrees/1f98bd1e-95ca-4396-82c1-c34de41a8851/OnTime-front/test/presentation/recurring/recurring_form_integration_test.dart: four-step creation opens recurrence review and saves to the local database
00:45 +862: /Users/ejunpark/.codex/worktrees/1f98bd1e-95ca-4396-82c1-c34de41a8851/OnTime-front/test/presentation/recurring/recurring_form_integration_test.dart: four-step creation opens recurrence review and saves to the local database
00:45 +863: /Users/ejunpark/.codex/worktrees/1f98bd1e-95ca-4396-82c1-c34de41a8851/OnTime-front/test/presentation/recurring/recurring_form_integration_test.dart: four-step creation opens recurrence review and saves to the local database
00:45 +864: /Users/ejunpark/.codex/worktrees/1f98bd1e-95ca-4396-82c1-c34de41a8851/OnTime-front/test/presentation/recurring/recurring_form_integration_test.dart: four-step creation opens recurrence review and saves to the local database
00:45 +865: /Users/ejunpark/.codex/worktrees/1f98bd1e-95ca-4396-82c1-c34de41a8851/OnTime-front/test/presentation/recurring/recurring_form_integration_test.dart: four-step creation opens recurrence review and saves to the local database
00:46 +866: /Users/ejunpark/.codex/worktrees/1f98bd1e-95ca-4396-82c1-c34de41a8851/OnTime-front/test/presentation/recurring/recurring_form_integration_test.dart: four-step creation opens recurrence review and saves to the local database
00:46 +867: /Users/ejunpark/.codex/worktrees/1f98bd1e-95ca-4396-82c1-c34de41a8851/OnTime-front/test/presentation/recurring/refreshed_screens_test.dart: scope defaults to only this occurrence and supports following scope
00:46 +868: /Users/ejunpark/.codex/worktrees/1f98bd1e-95ca-4396-82c1-c34de41a8851/OnTime-front/test/presentation/recurring/refreshed_screens_test.dart: scope defaults to only this occurrence and supports following scope
00:46 +869: /Users/ejunpark/.codex/worktrees/1f98bd1e-95ca-4396-82c1-c34de41a8851/OnTime-front/test/presentation/recurring/recurring_form_integration_test.dart: following edit loads the series base and preserves an individual name override
00:46 +870: /Users/ejunpark/.codex/worktrees/1f98bd1e-95ca-4396-82c1-c34de41a8851/OnTime-front/test/presentation/recurring/refreshed_screens_test.dart: recovery confirms before deleting and prevents duplicate resets
00:46 +871: /Users/ejunpark/.codex/worktrees/1f98bd1e-95ca-4396-82c1-c34de41a8851/OnTime-front/test/presentation/recurring/refreshed_screens_test.dart: recovery confirms before deleting and prevents duplicate resets
00:46 +872: /Users/ejunpark/.codex/worktrees/1f98bd1e-95ca-4396-82c1-c34de41a8851/OnTime-front/test/presentation/recurring/refreshed_screens_test.dart: recovery confirms before deleting and prevents duplicate resets
00:46 +873: /Users/ejunpark/.codex/worktrees/1f98bd1e-95ca-4396-82c1-c34de41a8851/OnTime-front/test/presentation/recurring/refreshed_screens_test.dart: recovery confirms before deleting and prevents duplicate resets
00:46 +874: /Users/ejunpark/.codex/worktrees/1f98bd1e-95ca-4396-82c1-c34de41a8851/OnTime-front/test/presentation/recurring/refreshed_screens_test.dart: recovery confirms before deleting and prevents duplicate resets
00:46 +875: /Users/ejunpark/.codex/worktrees/1f98bd1e-95ca-4396-82c1-c34de41a8851/OnTime-front/test/presentation/recurring/refreshed_screens_test.dart: failed reset remains recoverable and never reports success
00:46 +876: /Users/ejunpark/.codex/worktrees/1f98bd1e-95ca-4396-82c1-c34de41a8851/OnTime-front/test/presentation/recurring/refreshed_screens_test.dart: partial reset opens recovery instead of reporting completion
00:46 +877: /Users/ejunpark/.codex/worktrees/1f98bd1e-95ca-4396-82c1-c34de41a8851/OnTime-front/test/presentation/recurring/refreshed_screens_test.dart: privacy keeps all six policy sections scrollable
00:46 +878: /Users/ejunpark/.codex/worktrees/1f98bd1e-95ca-4396-82c1-c34de41a8851/OnTime-front/test/presentation/recurring/refreshed_screens_test.dart: management detail and end confirmation keep independent preparation
00:47 +879: /Users/ejunpark/.codex/worktrees/1f98bd1e-95ca-4396-82c1-c34de41a8851/OnTime-front/test/presentation/recurring/refreshed_screens_test.dart: (tearDownAll)
00:47 +879: /Users/ejunpark/.codex/worktrees/1f98bd1e-95ca-4396-82c1-c34de41a8851/OnTime-front/test/presentation/schedule_create/schedule_spare_and_preparing_time/screens/schedule_spare_and_preparing_time_form_test.dart: renders preparation and user default spare time
00:47 +880: /Users/ejunpark/.codex/worktrees/1f98bd1e-95ca-4396-82c1-c34de41a8851/OnTime-front/test/presentation/schedule_create/schedule_spare_and_preparing_time/screens/schedule_spare_and_preparing_time_form_test.dart: renders preparation and user default spare time
00:47 +881: /Users/ejunpark/.codex/worktrees/1f98bd1e-95ca-4396-82c1-c34de41a8851/OnTime-front/test/presentation/schedule_create/schedule_spare_and_preparing_time/screens/schedule_spare_and_preparing_time_form_test.dart: renders preparation and user default spare time
00:47 +882: /Users/ejunpark/.codex/worktrees/1f98bd1e-95ca-4396-82c1-c34de41a8851/OnTime-front/test/presentation/schedule_create/schedule_spare_and_preparing_time/screens/schedule_spare_and_preparing_time_form_test.dart: renders preparation and user default spare time
00:47 +883: /Users/ejunpark/.codex/worktrees/1f98bd1e-95ca-4396-82c1-c34de41a8851/OnTime-front/test/presentation/schedule_create/schedule_spare_and_preparing_time/screens/schedule_spare_and_preparing_time_form_test.dart: renders preparation and user default spare time
00:47 +884: /Users/ejunpark/.codex/worktrees/1f98bd1e-95ca-4396-82c1-c34de41a8851/OnTime-front/test/presentation/schedule_create/schedule_spare_and_preparing_time/screens/schedule_spare_and_preparing_time_form_test.dart: renders preparation and user default spare time
00:47 +885: /Users/ejunpark/.codex/worktrees/1f98bd1e-95ca-4396-82c1-c34de41a8851/OnTime-front/test/presentation/schedule_create/schedule_spare_and_preparing_time/screens/schedule_spare_and_preparing_time_form_test.dart: renders preparation and user default spare time
00:47 +886: /Users/ejunpark/.codex/worktrees/1f98bd1e-95ca-4396-82c1-c34de41a8851/OnTime-front/test/presentation/schedule_create/schedule_spare_and_preparing_time/screens/schedule_spare_and_preparing_time_form_test.dart: renders preparation and user default spare time
00:47 +887: /Users/ejunpark/.codex/worktrees/1f98bd1e-95ca-4396-82c1-c34de41a8851/OnTime-front/test/presentation/schedule_create/schedule_spare_and_preparing_time/screens/schedule_spare_and_preparing_time_form_test.dart: renders preparation and user default spare time
00:47 +888: /Users/ejunpark/.codex/worktrees/1f98bd1e-95ca-4396-82c1-c34de41a8851/OnTime-front/test/presentation/schedule_create/schedule_spare_and_preparing_time/screens/schedule_spare_and_preparing_time_form_test.dart: renders preparation and user default spare time
00:47 +889: /Users/ejunpark/.codex/worktrees/1f98bd1e-95ca-4396-82c1-c34de41a8851/OnTime-front/test/presentation/schedule_create/schedule_spare_and_preparing_time/screens/schedule_spare_and_preparing_time_form_test.dart: renders preparation and user default spare time
00:47 +890: /Users/ejunpark/.codex/worktrees/1f98bd1e-95ca-4396-82c1-c34de41a8851/OnTime-front/test/presentation/schedule_create/schedule_spare_and_preparing_time/screens/schedule_spare_and_preparing_time_form_test.dart: renders preparation and user default spare time
00:47 +891: /Users/ejunpark/.codex/worktrees/1f98bd1e-95ca-4396-82c1-c34de41a8851/OnTime-front/test/presentation/schedule_create/schedule_spare_and_preparing_time/screens/schedule_spare_and_preparing_time_form_test.dart: renders preparation and user default spare time
00:47 +892: /Users/ejunpark/.codex/worktrees/1f98bd1e-95ca-4396-82c1-c34de41a8851/OnTime-front/test/presentation/schedule_create/schedule_spare_and_preparing_time/screens/schedule_spare_and_preparing_time_form_test.dart: renders preparation and user default spare time
00:47 +893: /Users/ejunpark/.codex/worktrees/1f98bd1e-95ca-4396-82c1-c34de41a8851/OnTime-front/test/presentation/schedule_create/schedule_spare_and_preparing_time/screens/schedule_spare_and_preparing_time_form_test.dart: renders preparation and user default spare time
00:47 +894: /Users/ejunpark/.codex/worktrees/1f98bd1e-95ca-4396-82c1-c34de41a8851/OnTime-front/test/presentation/schedule_create/schedule_spare_and_preparing_time/screens/schedule_spare_and_preparing_time_form_test.dart: renders preparation and user default spare time
00:47 +895: /Users/ejunpark/.codex/worktrees/1f98bd1e-95ca-4396-82c1-c34de41a8851/OnTime-front/test/presentation/schedule_create/schedule_spare_and_preparing_time/screens/schedule_spare_and_preparing_time_form_test.dart: renders preparation and user default spare time
00:47 +896: /Users/ejunpark/.codex/worktrees/1f98bd1e-95ca-4396-82c1-c34de41a8851/OnTime-front/test/presentation/schedule_create/schedule_spare_and_preparing_time/screens/schedule_spare_and_preparing_time_form_test.dart: renders preparation and user default spare time
00:47 +897: /Users/ejunpark/.codex/worktrees/1f98bd1e-95ca-4396-82c1-c34de41a8851/OnTime-front/test/presentation/schedule_create/schedule_spare_and_preparing_time/screens/schedule_spare_and_preparing_time_form_test.dart: renders preparation and user default spare time
00:47 +898: /Users/ejunpark/.codex/worktrees/1f98bd1e-95ca-4396-82c1-c34de41a8851/OnTime-front/test/presentation/schedule_create/schedule_spare_and_preparing_time/screens/schedule_spare_and_preparing_time_form_test.dart: renders preparation and user default spare time
00:47 +899: /Users/ejunpark/.codex/worktrees/1f98bd1e-95ca-4396-82c1-c34de41a8851/OnTime-front/test/presentation/schedule_create/schedule_spare_and_preparing_time/screens/schedule_spare_and_preparing_time_form_test.dart: renders preparation and user default spare time
00:47 +900: /Users/ejunpark/.codex/worktrees/1f98bd1e-95ca-4396-82c1-c34de41a8851/OnTime-front/test/presentation/schedule_create/schedule_spare_and_preparing_time/screens/schedule_spare_and_preparing_time_form_test.dart: warning overlap message names the previous schedule
00:47 +901: /Users/ejunpark/.codex/worktrees/1f98bd1e-95ca-4396-82c1-c34de41a8851/OnTime-front/test/presentation/schedule_create/schedule_spare_and_preparing_time/screens/schedule_spare_and_preparing_time_form_test.dart: error overlap message names the previous schedule
00:47 +902: /Users/ejunpark/.codex/worktrees/1f98bd1e-95ca-4396-82c1-c34de41a8851/OnTime-front/test/presentation/schedule_create/schedule_spare_and_preparing_time/screens/schedule_spare_and_preparing_time_form_test.dart: saving spare-time picker submits chosen duration
00:48 +903: /Users/ejunpark/.codex/worktrees/1f98bd1e-95ca-4396-82c1-c34de41a8851/OnTime-front/test/presentation/schedule_create/schedule_spare_and_preparing_time/screens/schedule_spare_and_preparing_time_form_test.dart: saving spare-time picker submits chosen duration
00:48 +904: /Users/ejunpark/.codex/worktrees/1f98bd1e-95ca-4396-82c1-c34de41a8851/OnTime-front/test/presentation/schedule_create/schedule_spare_and_preparing_time/screens/schedule_spare_and_preparing_time_form_test.dart: saving spare-time picker submits chosen duration
00:48 +905: /Users/ejunpark/.codex/worktrees/1f98bd1e-95ca-4396-82c1-c34de41a8851/OnTime-front/test/presentation/schedule_create/schedule_spare_and_preparing_time/screens/schedule_spare_and_preparing_time_form_test.dart: saving spare-time picker submits chosen duration
00:48 +906: /Users/ejunpark/.codex/worktrees/1f98bd1e-95ca-4396-82c1-c34de41a8851/OnTime-front/test/presentation/schedule_create/schedule_spare_and_preparing_time/screens/schedule_spare_and_preparing_time_form_test.dart: preparation edit route updates preparation from draft
00:48 +907: /Users/ejunpark/.codex/worktrees/1f98bd1e-95ca-4396-82c1-c34de41a8851/OnTime-front/test/presentation/schedule_create/components/keyboard_backed_bottom_sheet_test.dart: fills the bottom safe area while keyboard is hidden
00:48 +908: /Users/ejunpark/.codex/worktrees/1f98bd1e-95ca-4396-82c1-c34de41a8851/OnTime-front/test/presentation/schedule_create/components/schedule_multi_page_form_test.dart: final submit does not close sheet immediately while submitting
00:48 +909: /Users/ejunpark/.codex/worktrees/1f98bd1e-95ca-4396-82c1-c34de41a8851/OnTime-front/test/presentation/schedule_create/components/schedule_multi_page_form_test.dart: final submit does not close sheet immediately while submitting
00:48 +910: /Users/ejunpark/.codex/worktrees/1f98bd1e-95ca-4396-82c1-c34de41a8851/OnTime-front/test/presentation/schedule_create/components/schedule_multi_page_form_test.dart: final submit does not close sheet immediately while submitting
00:49 +911: /Users/ejunpark/.codex/worktrees/1f98bd1e-95ca-4396-82c1-c34de41a8851/OnTime-front/test/presentation/schedule_create/components/schedule_multi_page_form_test.dart: final submit does not close sheet immediately while submitting
00:49 +912: /Users/ejunpark/.codex/worktrees/1f98bd1e-95ca-4396-82c1-c34de41a8851/OnTime-front/test/presentation/schedule_create/components/schedule_multi_page_form_test.dart: final submit does not close sheet immediately while submitting
00:49 +913: /Users/ejunpark/.codex/worktrees/1f98bd1e-95ca-4396-82c1-c34de41a8851/OnTime-front/test/presentation/schedule_create/components/schedule_multi_page_form_test.dart: final submit does not close sheet immediately while submitting
00:49 +914: /Users/ejunpark/.codex/worktrees/1f98bd1e-95ca-4396-82c1-c34de41a8851/OnTime-front/test/presentation/schedule_create/components/schedule_multi_page_form_test.dart: final submit does not close sheet immediately while submitting
00:50 +915: /Users/ejunpark/.codex/worktrees/1f98bd1e-95ca-4396-82c1-c34de41a8851/OnTime-front/test/presentation/schedule_create/components/schedule_multi_page_form_test.dart: final submit does not close sheet immediately while submitting
00:50 +916: /Users/ejunpark/.codex/worktrees/1f98bd1e-95ca-4396-82c1-c34de41a8851/OnTime-front/test/presentation/schedule_create/components/schedule_multi_page_form_test.dart: final submit does not close sheet immediately while submitting
00:50 +917: /Users/ejunpark/.codex/worktrees/1f98bd1e-95ca-4396-82c1-c34de41a8851/OnTime-front/test/presentation/schedule_create/components/schedule_multi_page_form_test.dart: final submit does not close sheet immediately while submitting
00:50 +918: /Users/ejunpark/.codex/worktrees/1f98bd1e-95ca-4396-82c1-c34de41a8851/OnTime-front/test/presentation/schedule_create/components/schedule_multi_page_form_test.dart: final submit does not close sheet immediately while submitting
00:50 +919: /Users/ejunpark/.codex/worktrees/1f98bd1e-95ca-4396-82c1-c34de41a8851/OnTime-front/test/presentation/schedule_create/components/schedule_multi_page_form_test.dart: final submit does not close sheet immediately while submitting
00:50 +920: /Users/ejunpark/.codex/worktrees/1f98bd1e-95ca-4396-82c1-c34de41a8851/OnTime-front/test/presentation/schedule_create/components/schedule_multi_page_form_test.dart: final submit does not close sheet immediately while submitting
00:50 +921: /Users/ejunpark/.codex/worktrees/1f98bd1e-95ca-4396-82c1-c34de41a8851/OnTime-front/test/presentation/schedule_create/components/schedule_multi_page_form_test.dart: final submit does not close sheet immediately while submitting
00:50 +922: /Users/ejunpark/.codex/worktrees/1f98bd1e-95ca-4396-82c1-c34de41a8851/OnTime-front/test/presentation/schedule_create/components/schedule_multi_page_form_test.dart: final submit does not close sheet immediately while submitting
00:50 +923: /Users/ejunpark/.codex/worktrees/1f98bd1e-95ca-4396-82c1-c34de41a8851/OnTime-front/test/presentation/schedule_create/components/schedule_multi_page_form_test.dart: final submit does not close sheet immediately while submitting
00:50 +924: /Users/ejunpark/.codex/worktrees/1f98bd1e-95ca-4396-82c1-c34de41a8851/OnTime-front/test/presentation/schedule_create/schedule_date_time/schedule_date_time_form_test.dart: saves date and time picker selections through the cubit
00:50 +925: /Users/ejunpark/.codex/worktrees/1f98bd1e-95ca-4396-82c1-c34de41a8851/OnTime-front/test/presentation/schedule_create/schedule_date_time/schedule_date_time_form_test.dart: saves date and time picker selections through the cubit
00:50 +926: /Users/ejunpark/.codex/worktrees/1f98bd1e-95ca-4396-82c1-c34de41a8851/OnTime-front/test/presentation/schedule_create/schedule_date_time/schedule_date_time_form_test.dart: saves date and time picker selections through the cubit
00:50 +927: /Users/ejunpark/.codex/worktrees/1f98bd1e-95ca-4396-82c1-c34de41a8851/OnTime-front/test/presentation/schedule_create/components/schedule_multi_page_form_test.dart: sheet closes after successful submit
00:50 +928: /Users/ejunpark/.codex/worktrees/1f98bd1e-95ca-4396-82c1-c34de41a8851/OnTime-front/test/presentation/schedule_create/components/schedule_multi_page_form_test.dart: sheet closes after successful submit
00:50 +929: /Users/ejunpark/.codex/worktrees/1f98bd1e-95ca-4396-82c1-c34de41a8851/OnTime-front/test/presentation/schedule_create/components/schedule_multi_page_form_test.dart: sheet closes after successful submit
00:50 +930: /Users/ejunpark/.codex/worktrees/1f98bd1e-95ca-4396-82c1-c34de41a8851/OnTime-front/test/presentation/schedule_create/components/schedule_multi_page_form_test.dart: sheet stays open and shows error when submit fails
00:50 +931: /Users/ejunpark/.codex/worktrees/1f98bd1e-95ca-4396-82c1-c34de41a8851/OnTime-front/test/presentation/schedule_create/components/schedule_multi_page_form_test.dart: edited name and place are submitted from form steps
00:51 +932: /Users/ejunpark/.codex/worktrees/1f98bd1e-95ca-4396-82c1-c34de41a8851/OnTime-front/test/presentation/schedule_create/components/schedule_multi_page_form_test.dart: edited name and place are submitted from form steps
00:51 +933: /Users/ejunpark/.codex/worktrees/1f98bd1e-95ca-4396-82c1-c34de41a8851/OnTime-front/test/presentation/schedule_create/components/schedule_multi_page_form_test.dart: edited name and place are submitted from form steps
00:51 +934: /Users/ejunpark/.codex/worktrees/1f98bd1e-95ca-4396-82c1-c34de41a8851/OnTime-front/test/presentation/schedule_create/preparation_form/preparation_form_reorderable_list_test.dart: reorderable preparation list wires edits to row callbacks
00:51 +935: /Users/ejunpark/.codex/worktrees/1f98bd1e-95ca-4396-82c1-c34de41a8851/OnTime-front/test/presentation/schedule_create/preparation_form/preparation_form_reorderable_list_test.dart: reorderable preparation list wires edits to row callbacks
00:51 +936: /Users/ejunpark/.codex/worktrees/1f98bd1e-95ca-4396-82c1-c34de41a8851/OnTime-front/test/presentation/schedule_create/preparation_form/preparation_form_reorderable_list_test.dart: reorderable preparation list wires edits to row callbacks
00:51 +937: /Users/ejunpark/.codex/worktrees/1f98bd1e-95ca-4396-82c1-c34de41a8851/OnTime-front/test/presentation/schedule_create/preparation_form/preparation_form_reorderable_list_test.dart: reorderable preparation list wires edits to row callbacks
00:52 +938: /Users/ejunpark/.codex/worktrees/1f98bd1e-95ca-4396-82c1-c34de41a8851/OnTime-front/test/presentation/schedule_create/preparation_form/preparation_form_reorderable_list_test.dart: reorderable preparation list wires edits to row callbacks
00:52 +939: /Users/ejunpark/.codex/worktrees/1f98bd1e-95ca-4396-82c1-c34de41a8851/OnTime-front/test/presentation/schedule_create/preparation_form/preparation_form_reorderable_list_test.dart: reorderable preparation list wires edits to row callbacks
00:52 +940: /Users/ejunpark/.codex/worktrees/1f98bd1e-95ca-4396-82c1-c34de41a8851/OnTime-front/test/presentation/schedule_create/preparation_form/preparation_form_reorderable_list_test.dart: reorderable preparation list wires edits to row callbacks
00:52 +941: /Users/ejunpark/.codex/worktrees/1f98bd1e-95ca-4396-82c1-c34de41a8851/OnTime-front/test/presentation/schedule_create/preparation_form/preparation_form_state_event_test.dart: PreparationFormState orders linked entity steps for editing
00:52 +942: /Users/ejunpark/.codex/worktrees/1f98bd1e-95ca-4396-82c1-c34de41a8851/OnTime-front/test/presentation/schedule_create/preparation_form/preparation_form_state_event_test.dart: PreparationFormState validates fields and converts visible steps
00:52 +943: loading /Users/ejunpark/.codex/worktrees/1f98bd1e-95ca-4396-82c1-c34de41a8851/OnTime-front/test/presentation/schedule_create/preparation_form/preparation_form_list_field_test.dart
00:53 +943: /Users/ejunpark/.codex/worktrees/1f98bd1e-95ca-4396-82c1-c34de41a8851/OnTime-front/test/presentation/schedule_create/preparation_form/preparation_form_list_field_test.dart: editing a saved preparation step reports name changes and save
00:53 +944: /Users/ejunpark/.codex/worktrees/1f98bd1e-95ca-4396-82c1-c34de41a8851/OnTime-front/test/presentation/schedule_create/preparation_form/preparation_form_list_field_test.dart: editing a saved preparation step reports name changes and save
00:53 +945: /Users/ejunpark/.codex/worktrees/1f98bd1e-95ca-4396-82c1-c34de41a8851/OnTime-front/test/presentation/schedule_create/preparation_form/preparation_form_list_field_test.dart: editing a saved preparation step reports name changes and save
00:53 +946: /Users/ejunpark/.codex/worktrees/1f98bd1e-95ca-4396-82c1-c34de41a8851/OnTime-front/test/presentation/schedule_create/preparation_form/preparation_form_list_field_test.dart: editing a saved preparation step reports name changes and save
00:53 +947: /Users/ejunpark/.codex/worktrees/1f98bd1e-95ca-4396-82c1-c34de41a8851/OnTime-front/test/presentation/schedule_create/preparation_form/preparation_form_list_field_test.dart: editing a saved preparation step reports name changes and save
00:53 +948: /Users/ejunpark/.codex/worktrees/1f98bd1e-95ca-4396-82c1-c34de41a8851/OnTime-front/test/presentation/schedule_create/preparation_form/preparation_form_list_field_test.dart: editing a saved preparation step reports name changes and save
00:53 +949: /Users/ejunpark/.codex/worktrees/1f98bd1e-95ca-4396-82c1-c34de41a8851/OnTime-front/test/presentation/schedule_create/preparation_form/preparation_form_list_field_test.dart: editing a saved preparation step reports name changes and save
00:53 +950: /Users/ejunpark/.codex/worktrees/1f98bd1e-95ca-4396-82c1-c34de41a8851/OnTime-front/test/presentation/schedule_create/preparation_form/preparation_form_list_field_test.dart: editing a saved preparation step reports name changes and save
00:53 +951: /Users/ejunpark/.codex/worktrees/1f98bd1e-95ca-4396-82c1-c34de41a8851/OnTime-front/test/presentation/schedule_create/preparation_form/preparation_form_list_field_test.dart: editing a saved preparation step reports name changes and save
00:53 +952: /Users/ejunpark/.codex/worktrees/1f98bd1e-95ca-4396-82c1-c34de41a8851/OnTime-front/test/presentation/schedule_create/preparation_form/preparation_form_list_field_test.dart: editing a saved preparation step reports name changes and save
00:53 +953: /Users/ejunpark/.codex/worktrees/1f98bd1e-95ca-4396-82c1-c34de41a8851/OnTime-front/test/presentation/schedule_create/preparation_form/preparation_form_list_field_test.dart: editing a saved preparation step reports name changes and save
00:53 +954: /Users/ejunpark/.codex/worktrees/1f98bd1e-95ca-4396-82c1-c34de41a8851/OnTime-front/test/presentation/schedule_create/preparation_form/preparation_form_list_field_test.dart: adding row delays interaction-ended while time picker is open
00:53 +955: /Users/ejunpark/.codex/worktrees/1f98bd1e-95ca-4396-82c1-c34de41a8851/OnTime-front/test/presentation/schedule_create/preparation_form/preparation_form_list_field_test.dart: validation errors explain invalid name and preparation time
00:54 +956: /Users/ejunpark/.codex/worktrees/1f98bd1e-95ca-4396-82c1-c34de41a8851/OnTime-front/test/presentation/schedule_create/preparation_form/preparation_form_list_field_test.dart: validation reports too-large preparation time
00:54 +957: /Users/ejunpark/.codex/worktrees/1f98bd1e-95ca-4396-82c1-c34de41a8851/OnTime-front/test/presentation/schedule_create/preparation_form/preparation_form_list_field_test.dart: updates focus listener and field value when row identity changes
00:54 +958: /Users/ejunpark/.codex/worktrees/1f98bd1e-95ca-4396-82c1-c34de41a8851/OnTime-front/test/presentation/schedule_create/preparation_form/preparation_form_list_field_test.dart: row without remove callback renders as a plain editable tile
00:54 +959: All tests passed!
