00:00 +0: loading /Users/ejunpark/.codex/worktrees/1f98bd1e-95ca-4396-82c1-c34de41a8851/OnTime-front/test/repository_structure_test.dart
00:00 +0: /Users/ejunpark/.codex/worktrees/1f98bd1e-95ca-4396-82c1-c34de41a8851/OnTime-front/test/repository_structure_test.dart: repository structure source and test directories do not use .dart suffixes
00:00 +1: /Users/ejunpark/.codex/worktrees/1f98bd1e-95ca-4396-82c1-c34de41a8851/OnTime-front/test/repository_structure_test.dart: repository structure schedule place moving time imports use the folder path
00:00 +2: /Users/ejunpark/.codex/worktrees/1f98bd1e-95ca-4396-82c1-c34de41a8851/OnTime-front/test/core/database/alarm_replacement_integration_test.dart: actual restore waits for late platform completion before replacing database
00:00 +3: /Users/ejunpark/.codex/worktrees/1f98bd1e-95ca-4396-82c1-c34de41a8851/OnTime-front/test/core/database/alarm_replacement_integration_test.dart: actual restore waits for late platform completion before replacing database
00:00 +4: /Users/ejunpark/.codex/worktrees/1f98bd1e-95ca-4396-82c1-c34de41a8851/OnTime-front/test/core/database/alarm_replacement_integration_test.dart: actual restore waits for late platform completion before replacing database
00:00 +5: /Users/ejunpark/.codex/worktrees/1f98bd1e-95ca-4396-82c1-c34de41a8851/OnTime-front/test/core/database/alarm_replacement_integration_test.dart: actual restore waits for late platform completion before replacing database
00:00 +6: /Users/ejunpark/.codex/worktrees/1f98bd1e-95ca-4396-82c1-c34de41a8851/OnTime-front/test/core/database/alarm_replacement_integration_test.dart: actual restore waits for late platform completion before replacing database
00:00 +7: /Users/ejunpark/.codex/worktrees/1f98bd1e-95ca-4396-82c1-c34de41a8851/OnTime-front/test/core/database/alarm_replacement_integration_test.dart: actual restore waits for late platform completion before replacing database
00:00 +8: /Users/ejunpark/.codex/worktrees/1f98bd1e-95ca-4396-82c1-c34de41a8851/OnTime-front/test/core/database/alarm_replacement_integration_test.dart: actual restore waits for late platform completion before replacing database
00:00 +9: /Users/ejunpark/.codex/worktrees/1f98bd1e-95ca-4396-82c1-c34de41a8851/OnTime-front/test/core/database/alarm_replacement_integration_test.dart: actual restore waits for late platform completion before replacing database
00:00 +10: /Users/ejunpark/.codex/worktrees/1f98bd1e-95ca-4396-82c1-c34de41a8851/OnTime-front/test/core/database/alarm_replacement_integration_test.dart: actual restore waits for late platform completion before replacing database
00:01 +11: /Users/ejunpark/.codex/worktrees/1f98bd1e-95ca-4396-82c1-c34de41a8851/OnTime-front/test/core/database/alarm_replacement_integration_test.dart: actual restore waits for late platform completion before replacing database
00:01 +12: /Users/ejunpark/.codex/worktrees/1f98bd1e-95ca-4396-82c1-c34de41a8851/OnTime-front/test/core/database/alarm_replacement_integration_test.dart: actual restore waits for late platform completion before replacing database
00:01 +13: /Users/ejunpark/.codex/worktrees/1f98bd1e-95ca-4396-82c1-c34de41a8851/OnTime-front/test/core/database/alarm_replacement_integration_test.dart: actual restore waits for late platform completion before replacing database
00:01 +14: /Users/ejunpark/.codex/worktrees/1f98bd1e-95ca-4396-82c1-c34de41a8851/OnTime-front/test/core/database/alarm_replacement_integration_test.dart: actual restore waits for late platform completion before replacing database
00:01 +15: /Users/ejunpark/.codex/worktrees/1f98bd1e-95ca-4396-82c1-c34de41a8851/OnTime-front/test/core/database/alarm_replacement_integration_test.dart: actual restore waits for late platform completion before replacing database
00:01 +16: /Users/ejunpark/.codex/worktrees/1f98bd1e-95ca-4396-82c1-c34de41a8851/OnTime-front/test/core/database/alarm_replacement_integration_test.dart: actual restore waits for late platform completion before replacing database
00:01 +17: /Users/ejunpark/.codex/worktrees/1f98bd1e-95ca-4396-82c1-c34de41a8851/OnTime-front/test/core/database/alarm_replacement_integration_test.dart: actual restore waits for late platform completion before replacing database
00:01 +18: /Users/ejunpark/.codex/worktrees/1f98bd1e-95ca-4396-82c1-c34de41a8851/OnTime-front/test/core/database/alarm_replacement_integration_test.dart: actual restore waits for late platform completion before replacing database
00:01 +19: /Users/ejunpark/.codex/worktrees/1f98bd1e-95ca-4396-82c1-c34de41a8851/OnTime-front/test/core/database/alarm_replacement_integration_test.dart: actual restore waits for late platform completion before replacing database
00:01 +20: /Users/ejunpark/.codex/worktrees/1f98bd1e-95ca-4396-82c1-c34de41a8851/OnTime-front/test/core/database/alarm_replacement_integration_test.dart: actual restore waits for late platform completion before replacing database
00:01 +21: /Users/ejunpark/.codex/worktrees/1f98bd1e-95ca-4396-82c1-c34de41a8851/OnTime-front/test/core/database/alarm_replacement_integration_test.dart: actual restore waits for late platform completion before replacing database
00:01 +22: /Users/ejunpark/.codex/worktrees/1f98bd1e-95ca-4396-82c1-c34de41a8851/OnTime-front/test/core/database/alarm_replacement_integration_test.dart: actual restore waits for late platform completion before replacing database
00:01 +23: /Users/ejunpark/.codex/worktrees/1f98bd1e-95ca-4396-82c1-c34de41a8851/OnTime-front/test/core/database/alarm_replacement_integration_test.dart: actual restore waits for late platform completion before replacing database
00:01 +24: /Users/ejunpark/.codex/worktrees/1f98bd1e-95ca-4396-82c1-c34de41a8851/OnTime-front/test/core/database/alarm_replacement_integration_test.dart: actual restore waits for late platform completion before replacing database
00:01 +25: /Users/ejunpark/.codex/worktrees/1f98bd1e-95ca-4396-82c1-c34de41a8851/OnTime-front/test/core/database/alarm_replacement_integration_test.dart: actual restore waits for late platform completion before replacing database
00:01 +26: /Users/ejunpark/.codex/worktrees/1f98bd1e-95ca-4396-82c1-c34de41a8851/OnTime-front/test/core/database/recurring_migration_test.dart: version 1 database upgrades in place preserving user outcomes and schedules
00:01 +27: /Users/ejunpark/.codex/worktrees/1f98bd1e-95ca-4396-82c1-c34de41a8851/OnTime-front/test/core/backup/backup_crypto_test.dart: round trip restores the authenticated plaintext
00:02 +28: /Users/ejunpark/.codex/worktrees/1f98bd1e-95ca-4396-82c1-c34de41a8851/OnTime-front/test/core/backup/backup_crypto_test.dart: round trip restores the authenticated plaintext
00:02 +29: /Users/ejunpark/.codex/worktrees/1f98bd1e-95ca-4396-82c1-c34de41a8851/OnTime-front/test/core/backup/backup_crypto_test.dart: round trip restores the authenticated plaintext
00:02 +30: /Users/ejunpark/.codex/worktrees/1f98bd1e-95ca-4396-82c1-c34de41a8851/OnTime-front/test/core/backup/backup_crypto_test.dart: wrong password cannot produce backup contents
00:02 +31: /Users/ejunpark/.codex/worktrees/1f98bd1e-95ca-4396-82c1-c34de41a8851/OnTime-front/test/core/backup/backup_password_test.dart: normalizes canonically equivalent passwords to the same value
00:02 +32: /Users/ejunpark/.codex/worktrees/1f98bd1e-95ca-4396-82c1-c34de41a8851/OnTime-front/test/core/backup/backup_password_test.dart: normalizes canonically equivalent passwords to the same value
00:02 +33: /Users/ejunpark/.codex/worktrees/1f98bd1e-95ca-4396-82c1-c34de41a8851/OnTime-front/test/core/backup/backup_password_test.dart: normalizes canonically equivalent passwords to the same value
00:02 +34: /Users/ejunpark/.codex/worktrees/1f98bd1e-95ca-4396-82c1-c34de41a8851/OnTime-front/test/core/backup/backup_password_test.dart: normalizes canonically equivalent passwords to the same value
00:02 +35: /Users/ejunpark/.codex/worktrees/1f98bd1e-95ca-4396-82c1-c34de41a8851/OnTime-front/test/core/backup/backup_password_test.dart: normalizes canonically equivalent passwords to the same value
00:02 +36: /Users/ejunpark/.codex/worktrees/1f98bd1e-95ca-4396-82c1-c34de41a8851/OnTime-front/test/core/backup/backup_password_test.dart: normalizes canonically equivalent passwords to the same value
00:02 +37: /Users/ejunpark/.codex/worktrees/1f98bd1e-95ca-4396-82c1-c34de41a8851/OnTime-front/test/core/backup/backup_crypto_test.dart: authenticated encryption detects a modified container
00:02 +38: /Users/ejunpark/.codex/worktrees/1f98bd1e-95ca-4396-82c1-c34de41a8851/OnTime-front/test/core/backup/backup_crypto_test.dart: authenticated encryption detects a modified container
00:02 +39: /Users/ejunpark/.codex/worktrees/1f98bd1e-95ca-4396-82c1-c34de41a8851/OnTime-front/test/core/backup/backup_crypto_test.dart: authenticated encryption detects a modified container
00:02 +40: /Users/ejunpark/.codex/worktrees/1f98bd1e-95ca-4396-82c1-c34de41a8851/OnTime-front/test/core/backup/backup_service_test.dart: saved receipt marks only the captured revision despite an ordinary edit
00:02 +41: /Users/ejunpark/.codex/worktrees/1f98bd1e-95ca-4396-82c1-c34de41a8851/OnTime-front/test/core/backup/backup_service_test.dart: saved receipt marks only the captured revision despite an ordinary edit
00:02 +42: /Users/ejunpark/.codex/worktrees/1f98bd1e-95ca-4396-82c1-c34de41a8851/OnTime-front/test/core/backup/backup_service_test.dart: saved receipt marks only the captured revision despite an ordinary edit
00:02 +43: /Users/ejunpark/.codex/worktrees/1f98bd1e-95ca-4396-82c1-c34de41a8851/OnTime-front/test/core/backup/backup_service_test.dart: saved receipt marks only the captured revision despite an ordinary edit
00:02 +44: /Users/ejunpark/.codex/worktrees/1f98bd1e-95ca-4396-82c1-c34de41a8851/OnTime-front/test/core/backup/backup_service_test.dart: saved receipt marks only the captured revision despite an ordinary edit
00:03 +45: /Users/ejunpark/.codex/worktrees/1f98bd1e-95ca-4396-82c1-c34de41a8851/OnTime-front/test/core/backup/backup_service_test.dart: saved receipt marks only the captured revision despite an ordinary edit
00:03 +46: /Users/ejunpark/.codex/worktrees/1f98bd1e-95ca-4396-82c1-c34de41a8851/OnTime-front/test/core/backup/backup_service_test.dart: saved receipt marks only the captured revision despite an ordinary edit
00:03 +47: /Users/ejunpark/.codex/worktrees/1f98bd1e-95ca-4396-82c1-c34de41a8851/OnTime-front/test/core/backup/backup_service_test.dart: saved receipt marks only the captured revision despite an ordinary edit
00:03 +48: /Users/ejunpark/.codex/worktrees/1f98bd1e-95ca-4396-82c1-c34de41a8851/OnTime-front/test/core/backup/backup_service_test.dart: saved receipt marks only the captured revision despite an ordinary edit
00:03 +49: /Users/ejunpark/.codex/worktrees/1f98bd1e-95ca-4396-82c1-c34de41a8851/OnTime-front/test/core/backup/backup_service_test.dart: saved receipt marks only the captured revision despite an ordinary edit
00:03 +50: /Users/ejunpark/.codex/worktrees/1f98bd1e-95ca-4396-82c1-c34de41a8851/OnTime-front/test/core/backup/backup_service_test.dart: saved receipt marks only the captured revision despite an ordinary edit
00:03 +51: /Users/ejunpark/.codex/worktrees/1f98bd1e-95ca-4396-82c1-c34de41a8851/OnTime-front/test/core/backup/backup_restore_picker_test.dart: cancel does not decrypt and a later valid selection can be previewed
00:03 +52: /Users/ejunpark/.codex/worktrees/1f98bd1e-95ca-4396-82c1-c34de41a8851/OnTime-front/test/core/backup/backup_restore_picker_test.dart: cancel does not decrypt and a later valid selection can be previewed
00:03 +53: /Users/ejunpark/.codex/worktrees/1f98bd1e-95ca-4396-82c1-c34de41a8851/OnTime-front/test/core/backup/backup_restore_picker_test.dart: cancel does not decrypt and a later valid selection can be previewed
00:03 +54: /Users/ejunpark/.codex/worktrees/1f98bd1e-95ca-4396-82c1-c34de41a8851/OnTime-front/test/core/backup/backup_restore_picker_test.dart: cancel does not decrypt and a later valid selection can be previewed
00:03 +55: /Users/ejunpark/.codex/worktrees/1f98bd1e-95ca-4396-82c1-c34de41a8851/OnTime-front/test/core/backup/backup_restore_picker_test.dart: cancel does not decrypt and a later valid selection can be previewed
00:03 +56: /Users/ejunpark/.codex/worktrees/1f98bd1e-95ca-4396-82c1-c34de41a8851/OnTime-front/test/core/backup/backup_restore_picker_test.dart: cancel does not decrypt and a later valid selection can be previewed
00:03 +57: /Users/ejunpark/.codex/worktrees/1f98bd1e-95ca-4396-82c1-c34de41a8851/OnTime-front/test/core/backup/backup_restore_picker_test.dart: cancel does not decrypt and a later valid selection can be previewed
00:03 +58: /Users/ejunpark/.codex/worktrees/1f98bd1e-95ca-4396-82c1-c34de41a8851/OnTime-front/test/core/backup/backup_restore_picker_test.dart: cancel does not decrypt and a later valid selection can be previewed
00:03 +59: /Users/ejunpark/.codex/worktrees/1f98bd1e-95ca-4396-82c1-c34de41a8851/OnTime-front/test/core/backup/backup_restore_picker_test.dart: cancel does not decrypt and a later valid selection can be previewed
00:03 +60: /Users/ejunpark/.codex/worktrees/1f98bd1e-95ca-4396-82c1-c34de41a8851/OnTime-front/test/core/backup/backup_restore_picker_test.dart: cancel does not decrypt and a later valid selection can be previewed
00:03 +61: /Users/ejunpark/.codex/worktrees/1f98bd1e-95ca-4396-82c1-c34de41a8851/OnTime-front/test/core/backup/backup_restore_picker_test.dart: cancel does not decrypt and a later valid selection can be previewed
00:03 +62: /Users/ejunpark/.codex/worktrees/1f98bd1e-95ca-4396-82c1-c34de41a8851/OnTime-front/test/core/backup/backup_restore_picker_test.dart: cancel does not decrypt and a later valid selection can be previewed
00:03 +63: /Users/ejunpark/.codex/worktrees/1f98bd1e-95ca-4396-82c1-c34de41a8851/OnTime-front/test/core/backup/backup_restore_picker_test.dart: cancel does not decrypt and a later valid selection can be previewed
00:03 +64: /Users/ejunpark/.codex/worktrees/1f98bd1e-95ca-4396-82c1-c34de41a8851/OnTime-front/test/core/backup/backup_restore_picker_test.dart: cancel does not decrypt and a later valid selection can be previewed
00:03 +65: /Users/ejunpark/.codex/worktrees/1f98bd1e-95ca-4396-82c1-c34de41a8851/OnTime-front/test/core/backup/backup_restore_picker_test.dart: cancel does not decrypt and a later valid selection can be previewed
00:03 +66: /Users/ejunpark/.codex/worktrees/1f98bd1e-95ca-4396-82c1-c34de41a8851/OnTime-front/test/core/backup/backup_restore_picker_test.dart: cancel does not decrypt and a later valid selection can be previewed
00:03 +67: /Users/ejunpark/.codex/worktrees/1f98bd1e-95ca-4396-82c1-c34de41a8851/OnTime-front/test/core/backup/backup_restore_picker_test.dart: cancel does not decrypt and a later valid selection can be previewed
00:03 +68: /Users/ejunpark/.codex/worktrees/1f98bd1e-95ca-4396-82c1-c34de41a8851/OnTime-front/test/core/backup/backup_restore_picker_test.dart: cancel does not decrypt and a later valid selection can be previewed
00:03 +69: /Users/ejunpark/.codex/worktrees/1f98bd1e-95ca-4396-82c1-c34de41a8851/OnTime-front/test/core/backup/backup_service_test.dart: second export, restore, and destructive operation reject while picker is open
00:03 +70: /Users/ejunpark/.codex/worktrees/1f98bd1e-95ca-4396-82c1-c34de41a8851/OnTime-front/test/core/backup/backup_service_test.dart: second export, restore, and destructive operation reject while picker is open
00:03 +71: /Users/ejunpark/.codex/worktrees/1f98bd1e-95ca-4396-82c1-c34de41a8851/OnTime-front/test/core/backup/backup_service_test.dart: second export, restore, and destructive operation reject while picker is open
00:03 +72: /Users/ejunpark/.codex/worktrees/1f98bd1e-95ca-4396-82c1-c34de41a8851/OnTime-front/test/core/backup/backup_service_test.dart: second export, restore, and destructive operation reject while picker is open
00:03 +73: /Users/ejunpark/.codex/worktrees/1f98bd1e-95ca-4396-82c1-c34de41a8851/OnTime-front/test/core/backup/backup_service_test.dart: second export, restore, and destructive operation reject while picker is open
00:03 +74: /Users/ejunpark/.codex/worktrees/1f98bd1e-95ca-4396-82c1-c34de41a8851/OnTime-front/test/core/backup/backup_service_test.dart: second export, restore, and destructive operation reject while picker is open
00:03 +75: /Users/ejunpark/.codex/worktrees/1f98bd1e-95ca-4396-82c1-c34de41a8851/OnTime-front/test/core/backup/backup_restore_picker_test.dart: corrupted backup is rejected without writes
00:03 +76: /Users/ejunpark/.codex/worktrees/1f98bd1e-95ca-4396-82c1-c34de41a8851/OnTime-front/test/core/backup/backup_restore_picker_test.dart: corrupted backup is rejected without writes
00:04 +77: /Users/ejunpark/.codex/worktrees/1f98bd1e-95ca-4396-82c1-c34de41a8851/OnTime-front/test/core/services/alarm_ownership_journal_test.dart: independent file retains only cancellation identity across reopen
00:04 +78: /Users/ejunpark/.codex/worktrees/1f98bd1e-95ca-4396-82c1-c34de41a8851/OnTime-front/test/core/backup/backup_service_test.dart: late success cannot write freshness after lifecycle invalidation
00:04 +79: /Users/ejunpark/.codex/worktrees/1f98bd1e-95ca-4396-82c1-c34de41a8851/OnTime-front/test/core/backup/backup_service_test.dart: late success cannot write freshness after lifecycle invalidation
00:04 +80: /Users/ejunpark/.codex/worktrees/1f98bd1e-95ca-4396-82c1-c34de41a8851/OnTime-front/test/core/backup/backup_service_test.dart: late success cannot write freshness after lifecycle invalidation
00:04 +81: /Users/ejunpark/.codex/worktrees/1f98bd1e-95ca-4396-82c1-c34de41a8851/OnTime-front/test/core/backup/backup_service_test.dart: late success cannot write freshness after lifecycle invalidation
00:04 +82: /Users/ejunpark/.codex/worktrees/1f98bd1e-95ca-4396-82c1-c34de41a8851/OnTime-front/test/core/backup/backup_service_test.dart: late success cannot write freshness after lifecycle invalidation
00:04 +83: /Users/ejunpark/.codex/worktrees/1f98bd1e-95ca-4396-82c1-c34de41a8851/OnTime-front/test/core/backup/backup_service_test.dart: late success cannot write freshness after lifecycle invalidation
00:04 +84: /Users/ejunpark/.codex/worktrees/1f98bd1e-95ca-4396-82c1-c34de41a8851/OnTime-front/test/core/backup/backup_service_test.dart: late success cannot write freshness after lifecycle invalidation
00:04 +85: /Users/ejunpark/.codex/worktrees/1f98bd1e-95ca-4396-82c1-c34de41a8851/OnTime-front/test/core/backup/backup_restore_picker_test.dart: truncated backup is rejected without writes
00:04 +86: /Users/ejunpark/.codex/worktrees/1f98bd1e-95ca-4396-82c1-c34de41a8851/OnTime-front/test/core/backup/backup_restore_picker_test.dart: truncated backup is rejected without writes
00:04 +87: /Users/ejunpark/.codex/worktrees/1f98bd1e-95ca-4396-82c1-c34de41a8851/OnTime-front/test/core/backup/backup_restore_picker_test.dart: truncated backup is rejected without writes
00:04 +88: /Users/ejunpark/.codex/worktrees/1f98bd1e-95ca-4396-82c1-c34de41a8851/OnTime-front/test/core/backup/backup_restore_picker_test.dart: truncated backup is rejected without writes
00:04 +89: /Users/ejunpark/.codex/worktrees/1f98bd1e-95ca-4396-82c1-c34de41a8851/OnTime-front/test/core/backup/backup_restore_picker_test.dart: truncated backup is rejected without writes
00:04 +90: /Users/ejunpark/.codex/worktrees/1f98bd1e-95ca-4396-82c1-c34de41a8851/OnTime-front/test/core/services/alarm_scheduler_service_test.dart: initializeLaunchHandling dispatches cold-start alarm payload
00:04 +91: /Users/ejunpark/.codex/worktrees/1f98bd1e-95ca-4396-82c1-c34de41a8851/OnTime-front/test/core/services/alarm_scheduler_service_test.dart: initializeLaunchHandling dispatches cold-start alarm payload
00:04 +92: /Users/ejunpark/.codex/worktrees/1f98bd1e-95ca-4396-82c1-c34de41a8851/OnTime-front/test/core/backup/backup_service_test.dart: preview authenticates backup and restore replaces active data
00:04 +93: /Users/ejunpark/.codex/worktrees/1f98bd1e-95ca-4396-82c1-c34de41a8851/OnTime-front/test/core/backup/backup_service_test.dart: preview authenticates backup and restore replaces active data
00:04 +94: /Users/ejunpark/.codex/worktrees/1f98bd1e-95ca-4396-82c1-c34de41a8851/OnTime-front/test/core/backup/backup_service_test.dart: preview authenticates backup and restore replaces active data
00:04 +95: /Users/ejunpark/.codex/worktrees/1f98bd1e-95ca-4396-82c1-c34de41a8851/OnTime-front/test/core/backup/backup_service_test.dart: preview authenticates backup and restore replaces active data
00:04 +96: /Users/ejunpark/.codex/worktrees/1f98bd1e-95ca-4396-82c1-c34de41a8851/OnTime-front/test/core/backup/backup_service_test.dart: preview authenticates backup and restore replaces active data
00:04 +97: /Users/ejunpark/.codex/worktrees/1f98bd1e-95ca-4396-82c1-c34de41a8851/OnTime-front/test/core/backup/backup_service_test.dart: preview authenticates backup and restore replaces active data
00:04 +98: /Users/ejunpark/.codex/worktrees/1f98bd1e-95ca-4396-82c1-c34de41a8851/OnTime-front/test/core/backup/backup_service_test.dart: preview authenticates backup and restore replaces active data
00:04 +99: /Users/ejunpark/.codex/worktrees/1f98bd1e-95ca-4396-82c1-c34de41a8851/OnTime-front/test/core/backup/backup_service_test.dart: preview authenticates backup and restore replaces active data
00:04 +100: /Users/ejunpark/.codex/worktrees/1f98bd1e-95ca-4396-82c1-c34de41a8851/OnTime-front/test/core/backup/backup_service_test.dart: preview authenticates backup and restore replaces active data
00:04 +101: /Users/ejunpark/.codex/worktrees/1f98bd1e-95ca-4396-82c1-c34de41a8851/OnTime-front/test/core/backup/backup_service_test.dart: preview authenticates backup and restore replaces active data
00:04 +102: /Users/ejunpark/.codex/worktrees/1f98bd1e-95ca-4396-82c1-c34de41a8851/OnTime-front/test/core/backup/backup_service_test.dart: preview authenticates backup and restore replaces active data
00:04 +103: /Users/ejunpark/.codex/worktrees/1f98bd1e-95ca-4396-82c1-c34de41a8851/OnTime-front/test/core/backup/backup_service_test.dart: preview authenticates backup and restore replaces active data
00:04 +104: /Users/ejunpark/.codex/worktrees/1f98bd1e-95ca-4396-82c1-c34de41a8851/OnTime-front/test/core/backup/backup_service_test.dart: preview authenticates backup and restore replaces active data
00:04 +105: /Users/ejunpark/.codex/worktrees/1f98bd1e-95ca-4396-82c1-c34de41a8851/OnTime-front/test/core/backup/backup_service_test.dart: preview authenticates backup and restore replaces active data
00:04 +106: /Users/ejunpark/.codex/worktrees/1f98bd1e-95ca-4396-82c1-c34de41a8851/OnTime-front/test/core/backup/backup_service_test.dart: preview authenticates backup and restore replaces active data
00:04 +107: /Users/ejunpark/.codex/worktrees/1f98bd1e-95ca-4396-82c1-c34de41a8851/OnTime-front/test/core/backup/backup_service_test.dart: preview authenticates backup and restore replaces active data
00:04 +108: /Users/ejunpark/.codex/worktrees/1f98bd1e-95ca-4396-82c1-c34de41a8851/OnTime-front/test/core/backup/backup_service_test.dart: preview authenticates backup and restore replaces active data
00:04 +109: /Users/ejunpark/.codex/worktrees/1f98bd1e-95ca-4396-82c1-c34de41a8851/OnTime-front/test/core/backup/backup_service_test.dart: preview authenticates backup and restore replaces active data
00:04 +110: /Users/ejunpark/.codex/worktrees/1f98bd1e-95ca-4396-82c1-c34de41a8851/OnTime-front/test/core/backup/backup_service_test.dart: preview authenticates backup and restore replaces active data
00:04 +111: /Users/ejunpark/.codex/worktrees/1f98bd1e-95ca-4396-82c1-c34de41a8851/OnTime-front/test/core/backup/backup_service_test.dart: preview authenticates backup and restore replaces active data
00:04 +112: /Users/ejunpark/.codex/worktrees/1f98bd1e-95ca-4396-82c1-c34de41a8851/OnTime-front/test/core/backup/backup_restore_picker_test.dart: wrong password is rejected without writes
00:04 +113: /Users/ejunpark/.codex/worktrees/1f98bd1e-95ca-4396-82c1-c34de41a8851/OnTime-front/test/core/backup/backup_service_test.dart: format 2 restores owned preparation and exclusions without regenerating deleted slots
00:04 +114: /Users/ejunpark/.codex/worktrees/1f98bd1e-95ca-4396-82c1-c34de41a8851/OnTime-front/test/core/backup/backup_service_test.dart: format 2 restores owned preparation and exclusions without regenerating deleted slots
00:04 +115: /Users/ejunpark/.codex/worktrees/1f98bd1e-95ca-4396-82c1-c34de41a8851/OnTime-front/test/core/backup/backup_service_test.dart: format 2 restores owned preparation and exclusions without regenerating deleted slots
00:04 +116: /Users/ejunpark/.codex/worktrees/1f98bd1e-95ca-4396-82c1-c34de41a8851/OnTime-front/test/core/backup/backup_service_test.dart: format 2 restores owned preparation and exclusions without regenerating deleted slots
00:04 +117: /Users/ejunpark/.codex/worktrees/1f98bd1e-95ca-4396-82c1-c34de41a8851/OnTime-front/test/core/backup/backup_service_test.dart: format 2 restores owned preparation and exclusions without regenerating deleted slots
00:04 +118: /Users/ejunpark/.codex/worktrees/1f98bd1e-95ca-4396-82c1-c34de41a8851/OnTime-front/test/core/backup/backup_service_test.dart: format 2 restores owned preparation and exclusions without regenerating deleted slots
00:04 +119: /Users/ejunpark/.codex/worktrees/1f98bd1e-95ca-4396-82c1-c34de41a8851/OnTime-front/test/core/backup/backup_service_test.dart: format 2 restores owned preparation and exclusions without regenerating deleted slots
00:04 +120: /Users/ejunpark/.codex/worktrees/1f98bd1e-95ca-4396-82c1-c34de41a8851/OnTime-front/test/core/backup/backup_service_test.dart: format 2 restores owned preparation and exclusions without regenerating deleted slots
00:04 +121: /Users/ejunpark/.codex/worktrees/1f98bd1e-95ca-4396-82c1-c34de41a8851/OnTime-front/test/core/backup/backup_service_test.dart: format 2 restores owned preparation and exclusions without regenerating deleted slots
00:04 +122: /Users/ejunpark/.codex/worktrees/1f98bd1e-95ca-4396-82c1-c34de41a8851/OnTime-front/test/core/backup/backup_service_test.dart: format 1 remains importable and malformed new references never replace data
00:04 +123: /Users/ejunpark/.codex/worktrees/1f98bd1e-95ca-4396-82c1-c34de41a8851/OnTime-front/test/core/backup/backup_service_test.dart: format 1 remains importable and malformed new references never replace data
00:04 +124: /Users/ejunpark/.codex/worktrees/1f98bd1e-95ca-4396-82c1-c34de41a8851/OnTime-front/test/core/backup/backup_service_test.dart: format 1 remains importable and malformed new references never replace data
00:04 +125: /Users/ejunpark/.codex/worktrees/1f98bd1e-95ca-4396-82c1-c34de41a8851/OnTime-front/test/core/backup/backup_service_test.dart: format 1 remains importable and malformed new references never replace data
00:04 +126: /Users/ejunpark/.codex/worktrees/1f98bd1e-95ca-4396-82c1-c34de41a8851/OnTime-front/test/core/backup/backup_service_test.dart: format 1 remains importable and malformed new references never replace data
00:04 +127: /Users/ejunpark/.codex/worktrees/1f98bd1e-95ca-4396-82c1-c34de41a8851/OnTime-front/test/core/backup/backup_service_test.dart: format 1 remains importable and malformed new references never replace data
00:05 +128: /Users/ejunpark/.codex/worktrees/1f98bd1e-95ca-4396-82c1-c34de41a8851/OnTime-front/test/core/backup/backup_service_test.dart: format 1 remains importable and malformed new references never replace data
00:05 +129: /Users/ejunpark/.codex/worktrees/1f98bd1e-95ca-4396-82c1-c34de41a8851/OnTime-front/test/core/backup/backup_service_test.dart: format 1 remains importable and malformed new references never replace data
00:05 +130: /Users/ejunpark/.codex/worktrees/1f98bd1e-95ca-4396-82c1-c34de41a8851/OnTime-front/test/core/backup/backup_service_test.dart: format 1 remains importable and malformed new references never replace data
00:05 +131: /Users/ejunpark/.codex/worktrees/1f98bd1e-95ca-4396-82c1-c34de41a8851/OnTime-front/test/core/backup/backup_service_test.dart: format 1 remains importable and malformed new references never replace data
00:05 +132: /Users/ejunpark/.codex/worktrees/1f98bd1e-95ca-4396-82c1-c34de41a8851/OnTime-front/test/core/backup/backup_service_test.dart: format 1 remains importable and malformed new references never replace data
00:05 +133: /Users/ejunpark/.codex/worktrees/1f98bd1e-95ca-4396-82c1-c34de41a8851/OnTime-front/test/core/backup/backup_service_test.dart: format 1 remains importable and malformed new references never replace data
00:05 +134: /Users/ejunpark/.codex/worktrees/1f98bd1e-95ca-4396-82c1-c34de41a8851/OnTime-front/test/core/backup/backup_service_test.dart: format 1 remains importable and malformed new references never replace data
00:05 +135: /Users/ejunpark/.codex/worktrees/1f98bd1e-95ca-4396-82c1-c34de41a8851/OnTime-front/test/core/backup/backup_service_test.dart: format 1 remains importable and malformed new references never replace data
00:05 +136: /Users/ejunpark/.codex/worktrees/1f98bd1e-95ca-4396-82c1-c34de41a8851/OnTime-front/test/core/backup/backup_service_test.dart: format 1 remains importable and malformed new references never replace data
00:05 +137: /Users/ejunpark/.codex/worktrees/1f98bd1e-95ca-4396-82c1-c34de41a8851/OnTime-front/test/core/backup/backup_service_test.dart: format 1 remains importable and malformed new references never replace data
00:05 +138: /Users/ejunpark/.codex/worktrees/1f98bd1e-95ca-4396-82c1-c34de41a8851/OnTime-front/test/core/backup/backup_service_test.dart: format 1 remains importable and malformed new references never replace data
00:05 +139: /Users/ejunpark/.codex/worktrees/1f98bd1e-95ca-4396-82c1-c34de41a8851/OnTime-front/test/core/backup/backup_service_test.dart: format 1 remains importable and malformed new references never replace data
00:05 +140: /Users/ejunpark/.codex/worktrees/1f98bd1e-95ca-4396-82c1-c34de41a8851/OnTime-front/test/core/backup/backup_service_test.dart: format 1 remains importable and malformed new references never replace data
00:05 +141: /Users/ejunpark/.codex/worktrees/1f98bd1e-95ca-4396-82c1-c34de41a8851/OnTime-front/test/core/backup/backup_service_test.dart: format 1 remains importable and malformed new references never replace data
00:05 +142: /Users/ejunpark/.codex/worktrees/1f98bd1e-95ca-4396-82c1-c34de41a8851/OnTime-front/test/core/backup/backup_service_test.dart: format 1 remains importable and malformed new references never replace data
00:05 +143: /Users/ejunpark/.codex/worktrees/1f98bd1e-95ca-4396-82c1-c34de41a8851/OnTime-front/test/core/backup/backup_service_test.dart: format 1 remains importable and malformed new references never replace data
00:05 +144: /Users/ejunpark/.codex/worktrees/1f98bd1e-95ca-4396-82c1-c34de41a8851/OnTime-front/test/core/backup/backup_service_test.dart: format 1 remains importable and malformed new references never replace data
00:05 +145: /Users/ejunpark/.codex/worktrees/1f98bd1e-95ca-4396-82c1-c34de41a8851/OnTime-front/test/core/backup/backup_service_test.dart: format 1 remains importable and malformed new references never replace data
00:05 +146: /Users/ejunpark/.codex/worktrees/1f98bd1e-95ca-4396-82c1-c34de41a8851/OnTime-front/test/core/backup/backup_service_test.dart: format 1 remains importable and malformed new references never replace data
00:05 +147: /Users/ejunpark/.codex/worktrees/1f98bd1e-95ca-4396-82c1-c34de41a8851/OnTime-front/test/core/backup/backup_service_test.dart: format 1 remains importable and malformed new references never replace data
00:05 +148: /Users/ejunpark/.codex/worktrees/1f98bd1e-95ca-4396-82c1-c34de41a8851/OnTime-front/test/core/backup/backup_service_test.dart: format 1 remains importable and malformed new references never replace data
00:05 +149: /Users/ejunpark/.codex/worktrees/1f98bd1e-95ca-4396-82c1-c34de41a8851/OnTime-front/test/core/services/notification_routing_test.dart: localizedNotificationText selects Korean text only for Korean locale
00:05 +150: /Users/ejunpark/.codex/worktrees/1f98bd1e-95ca-4396-82c1-c34de41a8851/OnTime-front/test/core/services/runtime_privacy_migration_test.dart: all legacy runs migrate, orphans clear, unrelated settings survive
00:05 +151: /Users/ejunpark/.codex/worktrees/1f98bd1e-95ca-4396-82c1-c34de41a8851/OnTime-front/test/core/services/runtime_privacy_migration_test.dart: all legacy runs migrate, orphans clear, unrelated settings survive
00:05 +152: /Users/ejunpark/.codex/worktrees/1f98bd1e-95ca-4396-82c1-c34de41a8851/OnTime-front/test/core/services/runtime_privacy_migration_test.dart: all legacy runs migrate, orphans clear, unrelated settings survive
00:05 +153: /Users/ejunpark/.codex/worktrees/1f98bd1e-95ca-4396-82c1-c34de41a8851/OnTime-front/test/core/services/runtime_privacy_migration_test.dart: all legacy runs migrate, orphans clear, unrelated settings survive
00:05 +154: /Users/ejunpark/.codex/worktrees/1f98bd1e-95ca-4396-82c1-c34de41a8851/OnTime-front/test/core/services/runtime_privacy_migration_test.dart: all legacy runs migrate, orphans clear, unrelated settings survive
00:05 +155: /Users/ejunpark/.codex/worktrees/1f98bd1e-95ca-4396-82c1-c34de41a8851/OnTime-front/test/core/services/runtime_privacy_migration_test.dart: all legacy runs migrate, orphans clear, unrelated settings survive
00:05 +156: /Users/ejunpark/.codex/worktrees/1f98bd1e-95ca-4396-82c1-c34de41a8851/OnTime-front/test/core/services/runtime_privacy_migration_test.dart: all legacy runs migrate, orphans clear, unrelated settings survive
00:05 +157: /Users/ejunpark/.codex/worktrees/1f98bd1e-95ca-4396-82c1-c34de41a8851/OnTime-front/test/core/services/runtime_privacy_migration_test.dart: all legacy runs migrate, orphans clear, unrelated settings survive
00:05 +158: /Users/ejunpark/.codex/worktrees/1f98bd1e-95ca-4396-82c1-c34de41a8851/OnTime-front/test/core/backup/backup_service_test.dart: wrong password leaves current database unchanged
00:05 +159: /Users/ejunpark/.codex/worktrees/1f98bd1e-95ca-4396-82c1-c34de41a8851/OnTime-front/test/core/backup/backup_service_test.dart: wrong password leaves current database unchanged
00:05 +160: /Users/ejunpark/.codex/worktrees/1f98bd1e-95ca-4396-82c1-c34de41a8851/OnTime-front/test/core/backup/backup_service_test.dart: wrong password leaves current database unchanged
00:05 +161: /Users/ejunpark/.codex/worktrees/1f98bd1e-95ca-4396-82c1-c34de41a8851/OnTime-front/test/local_only_boundary_test.dart: product source and release configuration contain no network client
00:05 +162: /Users/ejunpark/.codex/worktrees/1f98bd1e-95ca-4396-82c1-c34de41a8851/OnTime-front/test/local_only_boundary_test.dart: iOS remote notification hooks violate the local-only boundary
00:05 +163: /Users/ejunpark/.codex/worktrees/1f98bd1e-95ca-4396-82c1-c34de41a8851/OnTime-front/test/local_only_boundary_test.dart: web remote bootstrap resources violate the local-only boundary
00:05 +164: /Users/ejunpark/.codex/worktrees/1f98bd1e-95ca-4396-82c1-c34de41a8851/OnTime-front/test/core/services/android_notification_timing_test.dart: fresh permission chooses exact then approximate without full-screen
00:06 +165: /Users/ejunpark/.codex/worktrees/1f98bd1e-95ca-4396-82c1-c34de41a8851/OnTime-front/test/core/services/android_notification_timing_test.dart: explicit exact denial retries once and returns actual approximate receipt
00:06 +166: /Users/ejunpark/.codex/worktrees/1f98bd1e-95ca-4396-82c1-c34de41a8851/OnTime-front/test/core/services/android_notification_timing_test.dart: unrelated provider error is never converted to approximate success
00:06 +167: /Users/ejunpark/.codex/worktrees/1f98bd1e-95ca-4396-82c1-c34de41a8851/OnTime-front/test/core/services/android_notification_timing_test.dart: failed approximate retry stays failed and is not retried again
00:06 +168: /Users/ejunpark/.codex/worktrees/1f98bd1e-95ca-4396-82c1-c34de41a8851/OnTime-front/test/core/services/android_notification_timing_test.dart: unknown timing permission uses approximate rather than claiming exact
00:06 +169: /Users/ejunpark/.codex/worktrees/1f98bd1e-95ca-4396-82c1-c34de41a8851/OnTime-front/test/core/services/android_notification_timing_test.dart: display denial blocks scheduling even with exact access
00:06 +170: /Users/ejunpark/.codex/worktrees/1f98bd1e-95ca-4396-82c1-c34de41a8851/OnTime-front/test/core/services/android_notification_timing_test.dart: settings response is not proof of a grant: permission is reread
00:06 +171: /Users/ejunpark/.codex/worktrees/1f98bd1e-95ca-4396-82c1-c34de41a8851/OnTime-front/test/core/services/android_notification_timing_test.dart: iOS timing access is unsupported without calling Android plugin
00:06 +172: /Users/ejunpark/.codex/worktrees/1f98bd1e-95ca-4396-82c1-c34de41a8851/OnTime-front/test/data/repositories/alarm_registry_repository_impl_test.dart: real storage retains every failed platform ownership for the same Schedule
00:06 +173: /Users/ejunpark/.codex/worktrees/1f98bd1e-95ca-4396-82c1-c34de41a8851/OnTime-front/test/data/repositories/alarm_registry_repository_impl_test.dart: real registry preserves duplicate ownership until confirmed cancellation: failure=false
00:06 +174: /Users/ejunpark/.codex/worktrees/1f98bd1e-95ca-4396-82c1-c34de41a8851/OnTime-front/test/data/repositories/alarm_registry_repository_impl_test.dart: real registry preserves duplicate ownership until confirmed cancellation: failure=true
00:06 +175: /Users/ejunpark/.codex/worktrees/1f98bd1e-95ca-4396-82c1-c34de41a8851/OnTime-front/test/data/repositories/recurring_schedule_repository_test.dart: series owns reusable preparation and create retries are idempotent
00:06 +176: /Users/ejunpark/.codex/worktrees/1f98bd1e-95ca-4396-82c1-c34de41a8851/OnTime-front/test/data/repositories/recurring_schedule_repository_test.dart: series owns reusable preparation and create retries are idempotent
00:06 +177: /Users/ejunpark/.codex/worktrees/1f98bd1e-95ca-4396-82c1-c34de41a8851/OnTime-front/test/data/repositories/recurring_schedule_repository_test.dart: series owns reusable preparation and create retries are idempotent
00:06 +178: /Users/ejunpark/.codex/worktrees/1f98bd1e-95ca-4396-82c1-c34de41a8851/OnTime-front/test/data/repositories/recurring_schedule_repository_test.dart: series owns reusable preparation and create retries are idempotent
00:06 +179: /Users/ejunpark/.codex/worktrees/1f98bd1e-95ca-4396-82c1-c34de41a8851/OnTime-front/test/data/repositories/recurring_schedule_repository_test.dart: series owns reusable preparation and create retries are idempotent
00:06 +180: /Users/ejunpark/.codex/worktrees/1f98bd1e-95ca-4396-82c1-c34de41a8851/OnTime-front/test/data/repositories/recurring_schedule_repository_test.dart: series owns reusable preparation and create retries are idempotent
00:06 +181: /Users/ejunpark/.codex/worktrees/1f98bd1e-95ca-4396-82c1-c34de41a8851/OnTime-front/test/data/repositories/early_start_session_repository_impl_test.dart: getSession returns null and clear removes saved session
00:06 +182: /Users/ejunpark/.codex/worktrees/1f98bd1e-95ca-4396-82c1-c34de41a8851/OnTime-front/test/data/repositories/recurring_schedule_repository_test.dart: deleting one occurrence never refills the count after rematerialization
00:06 +183: /Users/ejunpark/.codex/worktrees/1f98bd1e-95ca-4396-82c1-c34de41a8851/OnTime-front/test/data/repositories/recurring_schedule_repository_test.dart: after three elapsed slots, two detached overrides leave five recurring and two standalone
00:06 +184: /Users/ejunpark/.codex/worktrees/1f98bd1e-95ca-4396-82c1-c34de41a8851/OnTime-front/test/data/repositories/recurring_schedule_repository_test.dart: a detached occurrence and a later new slot on its original date remain distinct
00:06 +185: /Users/ejunpark/.codex/worktrees/1f98bd1e-95ca-4396-82c1-c34de41a8851/OnTime-front/test/data/repositories/local_schedule_score_test.dart: normal and late finishes contribute once while deletion preserves aggregate
00:06 +186: /Users/ejunpark/.codex/worktrees/1f98bd1e-95ca-4396-82c1-c34de41a8851/OnTime-front/test/data/repositories/local_schedule_score_test.dart: normal and late finishes contribute once while deletion preserves aggregate
00:06 +187: /Users/ejunpark/.codex/worktrees/1f98bd1e-95ca-4396-82c1-c34de41a8851/OnTime-front/test/data/repositories/local_schedule_score_test.dart: normal and late finishes contribute once while deletion preserves aggregate
00:06 +188: /Users/ejunpark/.codex/worktrees/1f98bd1e-95ca-4396-82c1-c34de41a8851/OnTime-front/test/data/repositories/local_schedule_score_test.dart: normal and late finishes contribute once while deletion preserves aggregate
00:06 +189: /Users/ejunpark/.codex/worktrees/1f98bd1e-95ca-4396-82c1-c34de41a8851/OnTime-front/test/data/repositories/local_schedule_score_test.dart: normal and late finishes contribute once while deletion preserves aggregate
00:06 +190: /Users/ejunpark/.codex/worktrees/1f98bd1e-95ca-4396-82c1-c34de41a8851/OnTime-front/test/data/repositories/local_schedule_score_test.dart: normal and late finishes contribute once while deletion preserves aggregate
00:06 +191: /Users/ejunpark/.codex/worktrees/1f98bd1e-95ca-4396-82c1-c34de41a8851/OnTime-front/test/data/repositories/recurring_schedule_repository_test.dart: stale first occurrence approval asks for review without changing durable data
00:06 +192: /Users/ejunpark/.codex/worktrees/1f98bd1e-95ca-4396-82c1-c34de41a8851/OnTime-front/test/data/repositories/recurring_schedule_repository_test.dart: explicit count edit replaces the remaining budget
00:06 +193: /Users/ejunpark/.codex/worktrees/1f98bd1e-95ca-4396-82c1-c34de41a8851/OnTime-front/test/data/repositories/recurring_schedule_repository_test.dart: a deleted slot remains consumed when the new weekdays omit that date
00:06 +194: /Users/ejunpark/.codex/worktrees/1f98bd1e-95ca-4396-82c1-c34de41a8851/OnTime-front/test/data/repositories/recurring_schedule_repository_test.dart: unbounded series detects persistent rule collisions and stores only nearby occurrences
00:06 +195: /Users/ejunpark/.codex/worktrees/1f98bd1e-95ca-4396-82c1-c34de41a8851/OnTime-front/test/data/repositories/profile_write_preservation_test.dart: alarm repository returns preserved offset and detail preference from the DB
00:06 +196: /Users/ejunpark/.codex/worktrees/1f98bd1e-95ca-4396-82c1-c34de41a8851/OnTime-front/test/data/repositories/profile_write_preservation_test.dart: alarm repository returns preserved offset and detail preference from the DB
00:06 +197: /Users/ejunpark/.codex/worktrees/1f98bd1e-95ca-4396-82c1-c34de41a8851/OnTime-front/test/data/repositories/profile_write_preservation_test.dart: alarm repository returns preserved offset and detail preference from the DB
00:06 +198: /Users/ejunpark/.codex/worktrees/1f98bd1e-95ca-4396-82c1-c34de41a8851/OnTime-front/test/data/repositories/profile_write_preservation_test.dart: alarm repository returns preserved offset and detail preference from the DB
00:06 +199: /Users/ejunpark/.codex/worktrees/1f98bd1e-95ca-4396-82c1-c34de41a8851/OnTime-front/test/data/repositories/profile_write_preservation_test.dart: alarm repository returns preserved offset and detail preference from the DB
00:06 +200: /Users/ejunpark/.codex/worktrees/1f98bd1e-95ca-4396-82c1-c34de41a8851/OnTime-front/test/data/repositories/recurring_schedule_repository_test.dart: unbounded daily intervals prove conflicts beyond deleted occurrences
00:06 +201: /Users/ejunpark/.codex/worktrees/1f98bd1e-95ca-4396-82c1-c34de41a8851/OnTime-front/test/data/repositories/recurring_schedule_repository_test.dart: unbounded daily intervals prove conflicts beyond deleted occurrences
00:06 +202: /Users/ejunpark/.codex/worktrees/1f98bd1e-95ca-4396-82c1-c34de41a8851/OnTime-front/test/data/repositories/recurring_schedule_repository_test.dart: unbounded daily intervals prove conflicts beyond deleted occurrences
00:06 +203: /Users/ejunpark/.codex/worktrees/1f98bd1e-95ca-4396-82c1-c34de41a8851/OnTime-front/test/data/repositories/recurring_schedule_repository_test.dart: unbounded daily intervals prove conflicts beyond deleted occurrences
00:06 +204: /Users/ejunpark/.codex/worktrees/1f98bd1e-95ca-4396-82c1-c34de41a8851/OnTime-front/test/data/repositories/recurring_schedule_repository_test.dart: unbounded daily intervals prove conflicts beyond deleted occurrences
00:06 +205: /Users/ejunpark/.codex/worktrees/1f98bd1e-95ca-4396-82c1-c34de41a8851/OnTime-front/test/data/repositories/recurring_schedule_repository_test.dart: unbounded daily intervals prove conflicts beyond deleted occurrences
00:06 +206: /Users/ejunpark/.codex/worktrees/1f98bd1e-95ca-4396-82c1-c34de41a8851/OnTime-front/test/data/repositories/recurring_schedule_repository_test.dart: unbounded daily intervals prove conflicts beyond deleted occurrences
00:06 +207: /Users/ejunpark/.codex/worktrees/1f98bd1e-95ca-4396-82c1-c34de41a8851/OnTime-front/test/data/repositories/recurring_schedule_repository_test.dart: unbounded daily intervals prove conflicts beyond deleted occurrences
00:06 +208: /Users/ejunpark/.codex/worktrees/1f98bd1e-95ca-4396-82c1-c34de41a8851/OnTime-front/test/data/repositories/recurring_schedule_repository_test.dart: unbounded daily intervals prove conflicts beyond deleted occurrences
00:06 +209: /Users/ejunpark/.codex/worktrees/1f98bd1e-95ca-4396-82c1-c34de41a8851/OnTime-front/test/data/repositories/profile_write_preservation_test.dart: score reset starts a new aggregate without recounting old completions
00:06 +210: /Users/ejunpark/.codex/worktrees/1f98bd1e-95ca-4396-82c1-c34de41a8851/OnTime-front/test/data/data_sources/schedule_local_data_source_test.dart: creates and reads a schedule with its place
00:06 +211: /Users/ejunpark/.codex/worktrees/1f98bd1e-95ca-4396-82c1-c34de41a8851/OnTime-front/test/data/data_sources/schedule_local_data_source_test.dart: creates and reads a schedule with its place
00:06 +212: /Users/ejunpark/.codex/worktrees/1f98bd1e-95ca-4396-82c1-c34de41a8851/OnTime-front/test/data/data_sources/schedule_local_data_source_test.dart: creates and reads a schedule with its place
00:07 +213: /Users/ejunpark/.codex/worktrees/1f98bd1e-95ca-4396-82c1-c34de41a8851/OnTime-front/test/data/data_sources/schedule_local_data_source_test.dart: creates and reads a schedule with its place
00:07 +214: /Users/ejunpark/.codex/worktrees/1f98bd1e-95ca-4396-82c1-c34de41a8851/OnTime-front/test/data/data_sources/schedule_local_data_source_test.dart: creates and reads a schedule with its place
00:07 +215: /Users/ejunpark/.codex/worktrees/1f98bd1e-95ca-4396-82c1-c34de41a8851/OnTime-front/test/data/data_sources/schedule_local_data_source_test.dart: creates and reads a schedule with its place
00:07 +216: /Users/ejunpark/.codex/worktrees/1f98bd1e-95ca-4396-82c1-c34de41a8851/OnTime-front/test/data/data_sources/schedule_local_data_source_test.dart: creates and reads a schedule with its place
00:07 +217: /Users/ejunpark/.codex/worktrees/1f98bd1e-95ca-4396-82c1-c34de41a8851/OnTime-front/test/data/data_sources/schedule_local_data_source_test.dart: creates and reads a schedule with its place
00:07 +218: /Users/ejunpark/.codex/worktrees/1f98bd1e-95ca-4396-82c1-c34de41a8851/OnTime-front/test/data/data_sources/schedule_local_data_source_test.dart: creates and reads a schedule with its place
00:07 +219: /Users/ejunpark/.codex/worktrees/1f98bd1e-95ca-4396-82c1-c34de41a8851/OnTime-front/test/data/repositories/profile_write_preservation_test.dart: revision failure rolls back schedule result and score together
00:07 +220: /Users/ejunpark/.codex/worktrees/1f98bd1e-95ca-4396-82c1-c34de41a8851/OnTime-front/test/data/data_sources/schedule_local_data_source_test.dart: filters schedules by date range and updates schedule fields
00:07 +221: /Users/ejunpark/.codex/worktrees/1f98bd1e-95ca-4396-82c1-c34de41a8851/OnTime-front/test/data/repositories/profile_write_preservation_test.dart: onboarding preparation and profile roll back if revision fails
00:07 +222: /Users/ejunpark/.codex/worktrees/1f98bd1e-95ca-4396-82c1-c34de41a8851/OnTime-front/test/data/repositories/profile_write_preservation_test.dart: onboarding preparation and profile roll back if revision fails
00:07 +223: /Users/ejunpark/.codex/worktrees/1f98bd1e-95ca-4396-82c1-c34de41a8851/OnTime-front/test/data/data_sources/schedule_local_data_source_test.dart: deleteSchedule removes only the requested schedule
00:07 +224: /Users/ejunpark/.codex/worktrees/1f98bd1e-95ca-4396-82c1-c34de41a8851/OnTime-front/test/data/repositories/profile_write_preservation_test.dart: multiple preparation steps are a no-op even when caller omits links
00:07 +225: /Users/ejunpark/.codex/worktrees/1f98bd1e-95ca-4396-82c1-c34de41a8851/OnTime-front/test/data/repositories/profile_write_preservation_test.dart: missing profile rejects updates and never reports a successful mutation
00:07 +226: /Users/ejunpark/.codex/worktrees/1f98bd1e-95ca-4396-82c1-c34de41a8851/OnTime-front/test/data/repositories/profile_write_preservation_test.dart: empty profile starts without a durable revision and creation is race safe
00:07 +227: /Users/ejunpark/.codex/worktrees/1f98bd1e-95ca-4396-82c1-c34de41a8851/OnTime-front/test/data/repositories/profile_write_preservation_test.dart: raw revision update notifies DB watchers and failed profile write publishes no success
00:07 +228: /Users/ejunpark/.codex/worktrees/1f98bd1e-95ca-4396-82c1-c34de41a8851/OnTime-front/test/data/data_sources/preparation_with_time_local_data_source_test.dart: savePreparation persists elapsed step state for a schedule
00:07 +229: /Users/ejunpark/.codex/worktrees/1f98bd1e-95ca-4396-82c1-c34de41a8851/OnTime-front/test/data/data_sources/preparation_with_time_local_data_source_test.dart: savePreparation persists preparation run action events
00:07 +230: /Users/ejunpark/.codex/worktrees/1f98bd1e-95ca-4396-82c1-c34de41a8851/OnTime-front/test/data/data_sources/preparation_with_time_local_data_source_test.dart: loadPreparation returns null for missing or corrupt snapshots
00:07 +231: /Users/ejunpark/.codex/worktrees/1f98bd1e-95ca-4396-82c1-c34de41a8851/OnTime-front/test/data/data_sources/preparation_with_time_local_data_source_test.dart: loadPreparation rejects unverifiable legacy snapshots
00:07 +232: /Users/ejunpark/.codex/worktrees/1f98bd1e-95ca-4396-82c1-c34de41a8851/OnTime-front/test/data/data_sources/preparation_with_time_local_data_source_test.dart: clearPreparation removes only the requested schedule snapshot
00:07 +233: /Users/ejunpark/.codex/worktrees/1f98bd1e-95ca-4396-82c1-c34de41a8851/OnTime-front/test/data/data_sources/preparation_with_time_local_data_source_test.dart: explicit malformed events and negative progress invalidate whole snapshot
00:07 +234: /Users/ejunpark/.codex/worktrees/1f98bd1e-95ca-4396-82c1-c34de41a8851/OnTime-front/test/data/data_sources/preparation_with_time_local_data_source_test.dart: TimedPreparationRepositoryImpl delegates cache lifecycle operations
00:07 +235: /Users/ejunpark/.codex/worktrees/1f98bd1e-95ca-4396-82c1-c34de41a8851/OnTime-front/test/data/data_sources/preparation_local_data_source_test.dart: creates and updates the default user preparation
00:07 +236: /Users/ejunpark/.codex/worktrees/1f98bd1e-95ca-4396-82c1-c34de41a8851/OnTime-front/test/data/data_sources/preparation_local_data_source_test.dart: creates, reads, updates, and deletes custom schedule preparation
00:07 +237: /Users/ejunpark/.codex/worktrees/1f98bd1e-95ca-4396-82c1-c34de41a8851/OnTime-front/test/data/data_sources/preparation_local_data_source_test.dart: deletePreparation rejects empty preparation entities
00:07 +238: /Users/ejunpark/.codex/worktrees/1f98bd1e-95ca-4396-82c1-c34de41a8851/OnTime-front/test/data/data_sources/early_start_session_local_data_source_test.dart: saves and loads the early start timestamp per schedule
00:07 +239: /Users/ejunpark/.codex/worktrees/1f98bd1e-95ca-4396-82c1-c34de41a8851/OnTime-front/test/data/data_sources/early_start_session_local_data_source_test.dart: returns null for missing, corrupt, and incomplete session payloads
00:07 +240: /Users/ejunpark/.codex/worktrees/1f98bd1e-95ca-4396-82c1-c34de41a8851/OnTime-front/test/data/data_sources/early_start_session_local_data_source_test.dart: clearSession removes only the requested schedule session
00:07 +241: /Users/ejunpark/.codex/worktrees/1f98bd1e-95ca-4396-82c1-c34de41a8851/OnTime-front/test/data/mappers/domain_persistence_mappers_test.dart: domain persistence mappers map schedules to and from database rows preserving stored fields
00:07 +242: /Users/ejunpark/.codex/worktrees/1f98bd1e-95ca-4396-82c1-c34de41a8851/OnTime-front/test/data/mappers/domain_persistence_mappers_test.dart: domain persistence mappers maps users to and from database rows preserving profile values
00:07 +243: /Users/ejunpark/.codex/worktrees/1f98bd1e-95ca-4396-82c1-c34de41a8851/OnTime-front/test/data/mappers/domain_persistence_mappers_test.dart: domain persistence mappers empty users cannot be converted to database rows
00:07 +244: /Users/ejunpark/.codex/worktrees/1f98bd1e-95ca-4396-82c1-c34de41a8851/OnTime-front/test/data/mappers/domain_persistence_mappers_test.dart: domain persistence mappers maps places and preparation steps to database rows
00:08 +245: /Users/ejunpark/.codex/worktrees/1f98bd1e-95ca-4396-82c1-c34de41a8851/OnTime-front/test/data/daos/user_dao_test.dart: createUser persists the user profile fields
00:08 +246: /Users/ejunpark/.codex/worktrees/1f98bd1e-95ca-4396-82c1-c34de41a8851/OnTime-front/test/data/daos/preparation_user_dao_test.dart: createPreparationUser should insert preparation steps and link them as a linked list
00:08 +247: /Users/ejunpark/.codex/worktrees/1f98bd1e-95ca-4396-82c1-c34de41a8851/OnTime-front/test/data/daos/preparation_user_dao_test.dart: createPreparationUser should insert preparation steps and link them as a linked list
00:08 +248: /Users/ejunpark/.codex/worktrees/1f98bd1e-95ca-4396-82c1-c34de41a8851/OnTime-front/test/data/daos/preparation_user_dao_test.dart: createPreparationUser should insert preparation steps and link them as a linked list
00:08 +249: /Users/ejunpark/.codex/worktrees/1f98bd1e-95ca-4396-82c1-c34de41a8851/OnTime-front/test/data/daos/preparation_user_dao_test.dart: getPreparationUsersByUserId should return an empty preparation list when user has no steps
00:08 +250: /Users/ejunpark/.codex/worktrees/1f98bd1e-95ca-4396-82c1-c34de41a8851/OnTime-front/test/data/daos/preparation_user_dao_test.dart: getPreparationUsersByUserId should return ordered preparation steps for a given user
00:08 +251: /Users/ejunpark/.codex/worktrees/1f98bd1e-95ca-4396-82c1-c34de41a8851/OnTime-front/test/data/daos/preparation_user_dao_test.dart: getPreparationUsersByUserId should return ordered preparation steps when rows are out of order
00:08 +252: /Users/ejunpark/.codex/worktrees/1f98bd1e-95ca-4396-82c1-c34de41a8851/OnTime-front/test/data/daos/preparation_user_dao_test.dart: getPreparationUsersByUserId should keep remaining preparation steps when a link is broken
00:08 +253: /Users/ejunpark/.codex/worktrees/1f98bd1e-95ca-4396-82c1-c34de41a8851/OnTime-front/test/data/daos/preparation_user_dao_test.dart: getPreparationUsersByUserId should return each preparation step once when links form a cycle
00:08 +254: /Users/ejunpark/.codex/worktrees/1f98bd1e-95ca-4396-82c1-c34de41a8851/OnTime-front/test/data/daos/preparation_user_dao_test.dart: getPreparationStepById should return one preparation step by id
00:08 +255: /Users/ejunpark/.codex/worktrees/1f98bd1e-95ca-4396-82c1-c34de41a8851/OnTime-front/test/data/daos/preparation_user_dao_test.dart: getPreparationStepById should throw when the preparation step does not exist
00:08 +256: /Users/ejunpark/.codex/worktrees/1f98bd1e-95ca-4396-82c1-c34de41a8851/OnTime-front/test/data/daos/preparation_user_dao_test.dart: deletePreparationUser should delete a preparation step and relink the list
00:08 +257: /Users/ejunpark/.codex/worktrees/1f98bd1e-95ca-4396-82c1-c34de41a8851/OnTime-front/test/data/daos/preparation_user_dao_test.dart: updatePreparationUser should update a preparation step
00:08 +258: /Users/ejunpark/.codex/worktrees/1f98bd1e-95ca-4396-82c1-c34de41a8851/OnTime-front/test/data/daos/preparation_schedule_dao_test.dart: createPreparationUser should insert preparation steps and link them as a linked list
00:08 +259: /Users/ejunpark/.codex/worktrees/1f98bd1e-95ca-4396-82c1-c34de41a8851/OnTime-front/test/data/daos/schedule_dao_test.dart: missing schedule has typed absence while database failure stays an error
00:08 +260: /Users/ejunpark/.codex/worktrees/1f98bd1e-95ca-4396-82c1-c34de41a8851/OnTime-front/test/data/daos/schedule_dao_test.dart: missing schedule has typed absence while database failure stays an error
00:08 +261: /Users/ejunpark/.codex/worktrees/1f98bd1e-95ca-4396-82c1-c34de41a8851/OnTime-front/test/data/daos/preparation_schedule_dao_test.dart: deletePreparationUser should delete a preparation step and relink the list
00:08 +262: /Users/ejunpark/.codex/worktrees/1f98bd1e-95ca-4396-82c1-c34de41a8851/OnTime-front/test/data/daos/schedule_dao_test.dart: createSchedule should insert a schedule into the database
00:08 +263: /Users/ejunpark/.codex/worktrees/1f98bd1e-95ca-4396-82c1-c34de41a8851/OnTime-front/test/data/daos/schedule_dao_test.dart: createSchedule should insert a schedule into the database
00:08 +264: /Users/ejunpark/.codex/worktrees/1f98bd1e-95ca-4396-82c1-c34de41a8851/OnTime-front/test/data/daos/preparation_schedule_dao_test.dart: schedule preparations createPreparationSchedule stores steps as an ordered linked list
00:08 +265: /Users/ejunpark/.codex/worktrees/1f98bd1e-95ca-4396-82c1-c34de41a8851/OnTime-front/test/data/daos/schedule_dao_test.dart: updateSchedule should update a schedule in the database
00:08 +266: /Users/ejunpark/.codex/worktrees/1f98bd1e-95ca-4396-82c1-c34de41a8851/OnTime-front/test/data/daos/schedule_dao_test.dart: updateSchedule should update a schedule in the database
00:08 +267: /Users/ejunpark/.codex/worktrees/1f98bd1e-95ca-4396-82c1-c34de41a8851/OnTime-front/test/data/daos/preparation_schedule_dao_test.dart: schedule preparations getPreparationSchedulesByScheduleId orders three linked steps when rows are out of order
00:08 +268: /Users/ejunpark/.codex/worktrees/1f98bd1e-95ca-4396-82c1-c34de41a8851/OnTime-front/test/data/daos/schedule_dao_test.dart: deleteSchedule should delete a schedule from the database
00:08 +269: /Users/ejunpark/.codex/worktrees/1f98bd1e-95ca-4396-82c1-c34de41a8851/OnTime-front/test/data/daos/preparation_schedule_dao_test.dart: schedule preparations getPreparationSchedulesByScheduleId keeps remaining steps when a link is broken
00:08 +270: /Users/ejunpark/.codex/worktrees/1f98bd1e-95ca-4396-82c1-c34de41a8851/OnTime-front/test/data/daos/schedule_dao_test.dart: getScheduleById should return a schedule from the database of given [id]
00:08 +271: /Users/ejunpark/.codex/worktrees/1f98bd1e-95ca-4396-82c1-c34de41a8851/OnTime-front/test/data/daos/schedule_dao_test.dart: getScheduleById should return a schedule from the database of given [id]
00:08 +272: /Users/ejunpark/.codex/worktrees/1f98bd1e-95ca-4396-82c1-c34de41a8851/OnTime-front/test/data/daos/preparation_schedule_dao_test.dart: schedule preparations getPreparationStepById returns the stored step contract
00:08 +273: /Users/ejunpark/.codex/worktrees/1f98bd1e-95ca-4396-82c1-c34de41a8851/OnTime-front/test/data/daos/schedule_dao_test.dart: getSchedulesByDate includes start date and excludes exact end date
00:08 +274: /Users/ejunpark/.codex/worktrees/1f98bd1e-95ca-4396-82c1-c34de41a8851/OnTime-front/test/data/daos/preparation_schedule_dao_test.dart: schedule preparations getPreparationStepById throws for a missing step
00:08 +275: /Users/ejunpark/.codex/worktrees/1f98bd1e-95ca-4396-82c1-c34de41a8851/OnTime-front/test/data/daos/schedule_dao_test.dart: getSchedulesByDate should return a list of schedules between [startDate] and [endDate]
00:08 +276: /Users/ejunpark/.codex/worktrees/1f98bd1e-95ca-4396-82c1-c34de41a8851/OnTime-front/test/data/daos/preparation_schedule_dao_test.dart: schedule preparations updatePreparationSchedule changes name time and next pointer
00:08 +277: /Users/ejunpark/.codex/worktrees/1f98bd1e-95ca-4396-82c1-c34de41a8851/OnTime-front/test/data/daos/schedule_dao_test.dart: getSchedulesByDate should return a list of schedules later then [startDate] if [endDate] is null
00:08 +278: /Users/ejunpark/.codex/worktrees/1f98bd1e-95ca-4396-82c1-c34de41a8851/OnTime-front/test/data/daos/preparation_schedule_dao_test.dart: schedule preparations deletePreparationSchedule removes middle step and relinks neighbors
00:08 +279: /Users/ejunpark/.codex/worktrees/1f98bd1e-95ca-4396-82c1-c34de41a8851/OnTime-front/test/domain/use-cases/reconcile_alarms_use_case_test.dart: Android grant and revoke replace timing while preserving capacity and ownership
00:09 +280: /Users/ejunpark/.codex/worktrees/1f98bd1e-95ca-4396-82c1-c34de41a8851/OnTime-front/test/domain/recurrence/recurrence_engine_test.dart: monthly 31st counts real dates and skips short months
00:09 +281: /Users/ejunpark/.codex/worktrees/1f98bd1e-95ca-4396-82c1-c34de41a8851/OnTime-front/test/domain/recurrence/recurrence_engine_test.dart: monthly 31st counts real dates and skips short months
00:09 +282: /Users/ejunpark/.codex/worktrees/1f98bd1e-95ca-4396-82c1-c34de41a8851/OnTime-front/test/domain/recurrence/recurrence_engine_test.dart: monthly 31st counts real dates and skips short months
00:09 +283: /Users/ejunpark/.codex/worktrees/1f98bd1e-95ca-4396-82c1-c34de41a8851/OnTime-front/test/domain/recurrence/recurrence_engine_test.dart: monthly 31st counts real dates and skips short months
00:09 +284: /Users/ejunpark/.codex/worktrees/1f98bd1e-95ca-4396-82c1-c34de41a8851/OnTime-front/test/domain/recurrence/recurrence_engine_test.dart: monthly 31st counts real dates and skips short months
00:09 +285: /Users/ejunpark/.codex/worktrees/1f98bd1e-95ca-4396-82c1-c34de41a8851/OnTime-front/test/domain/recurrence/recurrence_engine_test.dart: monthly 31st counts real dates and skips short months
00:09 +286: /Users/ejunpark/.codex/worktrees/1f98bd1e-95ca-4396-82c1-c34de41a8851/OnTime-front/test/domain/recurrence/recurrence_engine_test.dart: monthly 31st counts real dates and skips short months
00:09 +287: /Users/ejunpark/.codex/worktrees/1f98bd1e-95ca-4396-82c1-c34de41a8851/OnTime-front/test/domain/recurrence/recurrence_engine_test.dart: monthly 31st counts real dates and skips short months
00:09 +288: /Users/ejunpark/.codex/worktrees/1f98bd1e-95ca-4396-82c1-c34de41a8851/OnTime-front/test/domain/recurrence/recurrence_engine_test.dart: monthly 31st counts real dates and skips short months
00:09 +289: /Users/ejunpark/.codex/worktrees/1f98bd1e-95ca-4396-82c1-c34de41a8851/OnTime-front/test/domain/recurrence/recurrence_engine_test.dart: monthly 31st counts real dates and skips short months
00:09 +290: /Users/ejunpark/.codex/worktrees/1f98bd1e-95ca-4396-82c1-c34de41a8851/OnTime-front/test/domain/recurrence/recurrence_engine_test.dart: monthly 31st counts real dates and skips short months
00:09 +291: /Users/ejunpark/.codex/worktrees/1f98bd1e-95ca-4396-82c1-c34de41a8851/OnTime-front/test/domain/recurrence/recurrence_engine_test.dart: monthly 31st counts real dates and skips short months
00:09 +292: /Users/ejunpark/.codex/worktrees/1f98bd1e-95ca-4396-82c1-c34de41a8851/OnTime-front/test/domain/use-cases/reconcile_alarms_use_case_test.dart: arms only the nearest 60 future alarms and reports the overflow
00:09 +293: /Users/ejunpark/.codex/worktrees/1f98bd1e-95ca-4396-82c1-c34de41a8851/OnTime-front/test/domain/use-cases/reconcile_alarms_use_case_test.dart: arms only the nearest 60 future alarms and reports the overflow
00:09 +294: /Users/ejunpark/.codex/worktrees/1f98bd1e-95ca-4396-82c1-c34de41a8851/OnTime-front/test/domain/use-cases/reconcile_alarms_use_case_test.dart: arms only the nearest 60 future alarms and reports the overflow
00:09 +295: /Users/ejunpark/.codex/worktrees/1f98bd1e-95ca-4396-82c1-c34de41a8851/OnTime-front/test/domain/use-cases/reconcile_alarms_use_case_test.dart: arms only the nearest 60 future alarms and reports the overflow
00:09 +296: /Users/ejunpark/.codex/worktrees/1f98bd1e-95ca-4396-82c1-c34de41a8851/OnTime-front/test/domain/use-cases/reconcile_alarms_use_case_test.dart: arms only the nearest 60 future alarms and reports the overflow
00:09 +297: /Users/ejunpark/.codex/worktrees/1f98bd1e-95ca-4396-82c1-c34de41a8851/OnTime-front/test/domain/use-cases/reconcile_alarms_use_case_test.dart: arms only the nearest 60 future alarms and reports the overflow
00:09 +298: /Users/ejunpark/.codex/worktrees/1f98bd1e-95ca-4396-82c1-c34de41a8851/OnTime-front/test/domain/use-cases/reconcile_alarms_use_case_test.dart: arms only the nearest 60 future alarms and reports the overflow
00:09 +299: /Users/ejunpark/.codex/worktrees/1f98bd1e-95ca-4396-82c1-c34de41a8851/OnTime-front/test/domain/use-cases/reconcile_alarms_use_case_test.dart: arms only the nearest 60 future alarms and reports the overflow
00:09 +300: /Users/ejunpark/.codex/worktrees/1f98bd1e-95ca-4396-82c1-c34de41a8851/OnTime-front/test/domain/use-cases/reconcile_alarms_use_case_test.dart: arms only the nearest 60 future alarms and reports the overflow
00:09 +301: /Users/ejunpark/.codex/worktrees/1f98bd1e-95ca-4396-82c1-c34de41a8851/OnTime-front/test/domain/use-cases/reconcile_alarms_use_case_test.dart: arms only the nearest 60 future alarms and reports the overflow
00:09 +302: /Users/ejunpark/.codex/worktrees/1f98bd1e-95ca-4396-82c1-c34de41a8851/OnTime-front/test/domain/use-cases/reconcile_alarms_use_case_test.dart: arms only the nearest 60 future alarms and reports the overflow
00:09 +303: /Users/ejunpark/.codex/worktrees/1f98bd1e-95ca-4396-82c1-c34de41a8851/OnTime-front/test/domain/use-cases/reconcile_alarms_use_case_test.dart: arms only the nearest 60 future alarms and reports the overflow
00:09 +304: /Users/ejunpark/.codex/worktrees/1f98bd1e-95ca-4396-82c1-c34de41a8851/OnTime-front/test/domain/use-cases/reconcile_alarms_use_case_test.dart: keeps alarm content private unless detailed content is enabled
00:09 +305: /Users/ejunpark/.codex/worktrees/1f98bd1e-95ca-4396-82c1-c34de41a8851/OnTime-front/test/domain/use-cases/reconcile_alarms_use_case_test.dart: replaces an existing detailed registration when details are disabled
00:09 +306: /Users/ejunpark/.codex/worktrees/1f98bd1e-95ca-4396-82c1-c34de41a8851/OnTime-front/test/domain/use-cases/reconcile_alarms_use_case_test.dart: does not report private armed or discard evidence when detailed cancellation fails
00:09 +307: /Users/ejunpark/.codex/worktrees/1f98bd1e-95ca-4396-82c1-c34de41a8851/OnTime-front/test/domain/use-cases/reconcile_alarms_use_case_test.dart: changes detailed titles but does not reschedule private title-only edits
00:09 +308: /Users/ejunpark/.codex/worktrees/1f98bd1e-95ca-4396-82c1-c34de41a8851/OnTime-front/test/domain/use-cases/reconcile_alarms_use_case_test.dart: reconciles locale and visible time zone using one content snapshot
00:09 +309: /Users/ejunpark/.codex/worktrees/1f98bd1e-95ca-4396-82c1-c34de41a8851/OnTime-front/test/domain/use-cases/reconcile_alarms_use_case_test.dart: legacy content metadata is replaced once and current persisted metadata is stable
00:09 +310: /Users/ejunpark/.codex/worktrees/1f98bd1e-95ca-4396-82c1-c34de41a8851/OnTime-front/test/domain/use-cases/reconcile_alarms_use_case_test.dart: cancellation failure survives restart, blocks only that ID and retries after recovery
00:09 +311: /Users/ejunpark/.codex/worktrees/1f98bd1e-95ca-4396-82c1-c34de41a8851/OnTime-front/test/domain/use-cases/reconcile_alarms_use_case_test.dart: private scheduling failure never restores details and retries next time
00:09 +312: /Users/ejunpark/.codex/worktrees/1f98bd1e-95ca-4396-82c1-c34de41a8851/OnTime-front/test/domain/use-cases/reconcile_alarms_use_case_test.dart: global disable retains failed cancellation instead of claiming disabled
00:09 +313: /Users/ejunpark/.codex/worktrees/1f98bd1e-95ca-4396-82c1-c34de41a8851/OnTime-front/test/domain/use-cases/reconcile_alarms_use_case_test.dart: cleans a past owned notification without re-emitting it or canceling other IDs
00:09 +314: /Users/ejunpark/.codex/worktrees/1f98bd1e-95ca-4396-82c1-c34de41a8851/OnTime-front/test/domain/use-cases/reconcile_alarms_use_case_test.dart: an already started preparation never receives a new start notification
00:09 +315: /Users/ejunpark/.codex/worktrees/1f98bd1e-95ca-4396-82c1-c34de41a8851/OnTime-front/test/domain/use-cases/reconcile_alarms_use_case_test.dart: iOS native privacy cancellation also preserves failed evidence and retries
00:09 +316: /Users/ejunpark/.codex/worktrees/1f98bd1e-95ca-4396-82c1-c34de41a8851/OnTime-front/test/domain/use-cases/reconcile_alarms_use_case_test.dart: overlapping requests each observe their requested pass
00:09 +317: /Users/ejunpark/.codex/worktrees/1f98bd1e-95ca-4396-82c1-c34de41a8851/OnTime-front/test/domain/use-cases/reconcile_alarms_use_case_test.dart: cancels stale record before rescheduling changed fingerprint
00:09 +318: /Users/ejunpark/.codex/worktrees/1f98bd1e-95ca-4396-82c1-c34de41a8851/OnTime-front/test/domain/use-cases/reconcile_alarms_use_case_test.dart: replaces matching Android native registry record with notification
00:09 +319: /Users/ejunpark/.codex/worktrees/1f98bd1e-95ca-4396-82c1-c34de41a8851/OnTime-front/test/domain/use-cases/reconcile_alarms_use_case_test.dart: keeps matching iOS fallback only when OS pending confirms it
00:09 +320: /Users/ejunpark/.codex/worktrees/1f98bd1e-95ca-4396-82c1-c34de41a8851/OnTime-front/test/domain/use-cases/reconcile_alarms_use_case_test.dart: reschedules stale record with old alarm launch payload version
00:09 +321: /Users/ejunpark/.codex/worktrees/1f98bd1e-95ca-4396-82c1-c34de41a8851/OnTime-front/test/domain/use-cases/reconcile_alarms_use_case_test.dart: uses local notification fallback when native alarms are unsupported
00:09 +322: /Users/ejunpark/.codex/worktrees/1f98bd1e-95ca-4396-82c1-c34de41a8851/OnTime-front/test/domain/use-cases/reconcile_alarms_use_case_test.dart: uses local notification fallback when exact alarm permission is denied
00:09 +323: /Users/ejunpark/.codex/worktrees/1f98bd1e-95ca-4396-82c1-c34de41a8851/OnTime-front/test/domain/use-cases/reconcile_alarms_use_case_test.dart: falls back to local notification when native scheduling fails
00:09 +324: /Users/ejunpark/.codex/worktrees/1f98bd1e-95ca-4396-82c1-c34de41a8851/OnTime-front/test/domain/use-cases/reconcile_alarms_use_case_test.dart: reports notification permission when only fallback delivery is denied
00:09 +325: /Users/ejunpark/.codex/worktrees/1f98bd1e-95ca-4396-82c1-c34de41a8851/OnTime-front/test/domain/use-cases/reconcile_alarms_use_case_test.dart: reports permissionNeeded when exact alarm and fallback permissions are denied
00:09 +326: /Users/ejunpark/.codex/worktrees/1f98bd1e-95ca-4396-82c1-c34de41a8851/OnTime-front/test/domain/use-cases/reconcile_alarms_use_case_test.dart: does not use notification fallback when fallback provider is disabled
00:09 +327: /Users/ejunpark/.codex/worktrees/1f98bd1e-95ca-4396-82c1-c34de41a8851/OnTime-front/test/domain/use-cases/reconcile_alarms_use_case_test.dart: settingsUnavailable reports without canceling existing registry
00:09 +328: /Users/ejunpark/.codex/worktrees/1f98bd1e-95ca-4396-82c1-c34de41a8851/OnTime-front/test/domain/use-cases/reconcile_alarms_use_case_test.dart: alarm window failure reports partial without throwing
00:09 +329: /Users/ejunpark/.codex/worktrees/1f98bd1e-95ca-4396-82c1-c34de41a8851/OnTime-front/test/domain/use-cases/get_nearest_upcoming_schedule_use_case_test.dart: swallows background week load failures before streaming cache
00:09 +330: /Users/ejunpark/.codex/worktrees/1f98bd1e-95ca-4396-82c1-c34de41a8851/OnTime-front/test/domain/use-cases/get_nearest_upcoming_schedule_use_case_test.dart: swallows background week load failures before streaming cache
00:09 +331: /Users/ejunpark/.codex/worktrees/1f98bd1e-95ca-4396-82c1-c34de41a8851/OnTime-front/test/domain/use-cases/get_nearest_upcoming_schedule_use_case_test.dart: swallows background week load failures before streaming cache
00:09 +332: /Users/ejunpark/.codex/worktrees/1f98bd1e-95ca-4396-82c1-c34de41a8851/OnTime-front/test/domain/use-cases/get_nearest_upcoming_schedule_use_case_test.dart: swallows background week load failures before streaming cache
00:09 +333: /Users/ejunpark/.codex/worktrees/1f98bd1e-95ca-4396-82c1-c34de41a8851/OnTime-front/test/domain/use-cases/get_nearest_upcoming_schedule_use_case_test.dart: swallows background week load failures before streaming cache
00:09 +334: /Users/ejunpark/.codex/worktrees/1f98bd1e-95ca-4396-82c1-c34de41a8851/OnTime-front/test/domain/use-cases/get_nearest_upcoming_schedule_use_case_test.dart: swallows background week load failures before streaming cache
00:09 +335: /Users/ejunpark/.codex/worktrees/1f98bd1e-95ca-4396-82c1-c34de41a8851/OnTime-front/test/domain/use-cases/get_nearest_upcoming_schedule_use_case_test.dart: swallows background week load failures before streaming cache
00:09 +336: /Users/ejunpark/.codex/worktrees/1f98bd1e-95ca-4396-82c1-c34de41a8851/OnTime-front/test/domain/use-cases/get_nearest_upcoming_schedule_use_case_test.dart: swallows background week load failures before streaming cache
00:09 +337: /Users/ejunpark/.codex/worktrees/1f98bd1e-95ca-4396-82c1-c34de41a8851/OnTime-front/test/domain/use-cases/reconcile_alarms_use_case_test.dart: cancel failures retain retry evidence without claiming armed
00:09 +338: /Users/ejunpark/.codex/worktrees/1f98bd1e-95ca-4396-82c1-c34de41a8851/OnTime-front/test/domain/use-cases/load_schedule_form_draft_use_case_test.dart: create draft uses default preparation, user spare time, generated ids, and seeded date
00:09 +339: /Users/ejunpark/.codex/worktrees/1f98bd1e-95ca-4396-82c1-c34de41a8851/OnTime-front/test/domain/use-cases/timed_preparation_use_cases_test.dart: SaveTimedPreparationUseCase stores a fingerprinted snapshot
00:09 +340: /Users/ejunpark/.codex/worktrees/1f98bd1e-95ca-4396-82c1-c34de41a8851/OnTime-front/test/domain/use-cases/timed_preparation_use_cases_test.dart: timed preparation read and clear use cases delegate by schedule id
00:09 +341: /Users/ejunpark/.codex/worktrees/1f98bd1e-95ca-4396-82c1-c34de41a8851/OnTime-front/test/domain/use-cases/timed_preparation_use_cases_test.dart: early start session use cases mark read and clear one schedule
00:09 +342: /Users/ejunpark/.codex/worktrees/1f98bd1e-95ca-4396-82c1-c34de41a8851/OnTime-front/test/domain/use-cases/timed_preparation_use_cases_test.dart: timed preparation snapshots copy changed cache fields
00:09 +343: /Users/ejunpark/.codex/worktrees/1f98bd1e-95ca-4396-82c1-c34de41a8851/OnTime-front/test/domain/use-cases/timed_preparation_use_cases_test.dart: LoadAdjacentScheduleWithPreparationUseCase loads each schedule prep
00:09 +344: /Users/ejunpark/.codex/worktrees/1f98bd1e-95ca-4396-82c1-c34de41a8851/OnTime-front/test/domain/use-cases/timed_preparation_use_cases_test.dart: GetPreparationByScheduleIdUseCase waits for matching cache entry
00:09 +345: /Users/ejunpark/.codex/worktrees/1f98bd1e-95ca-4396-82c1-c34de41a8851/OnTime-front/test/domain/use-cases/timed_preparation_use_cases_test.dart: preparation use cases delegate to repository with explicit arguments
00:09 +346: /Users/ejunpark/.codex/worktrees/1f98bd1e-95ca-4396-82c1-c34de41a8851/OnTime-front/test/domain/use-cases/timed_preparation_use_cases_test.dart: default and stream preparation use cases expose repository values
00:09 +347: /Users/ejunpark/.codex/worktrees/1f98bd1e-95ca-4396-82c1-c34de41a8851/OnTime-front/test/domain/use-cases/timed_preparation_use_cases_test.dart: GetNearestUpcomingScheduleUseCase loads prep for nearest active schedule
00:09 +348: /Users/ejunpark/.codex/worktrees/1f98bd1e-95ca-4396-82c1-c34de41a8851/OnTime-front/test/domain/use-cases/schedule_preparation_session_use_case_test.dart: early start begins the schedule preparation session once and saves progress
00:09 +349: /Users/ejunpark/.codex/worktrees/1f98bd1e-95ca-4396-82c1-c34de41a8851/OnTime-front/test/domain/use-cases/schedule_preparation_session_use_case_test.dart: cancellation failure does not undo committed start or skip its snapshot
00:09 +350: /Users/ejunpark/.codex/worktrees/1f98bd1e-95ca-4396-82c1-c34de41a8851/OnTime-front/test/domain/use-cases/schedule_preparation_session_use_case_test.dart: cancellation failure after finish still clears completed runtime
00:09 +351: /Users/ejunpark/.codex/worktrees/1f98bd1e-95ca-4396-82c1-c34de41a8851/OnTime-front/test/domain/use-cases/schedule_preparation_session_use_case_test.dart: matching timed preparation snapshot restores elapsed session progress
00:09 +352: /Users/ejunpark/.codex/worktrees/1f98bd1e-95ca-4396-82c1-c34de41a8851/OnTime-front/test/domain/use-cases/schedule_preparation_session_use_case_test.dart: stale timed preparation snapshot clears persisted session state
00:09 +353: /Users/ejunpark/.codex/worktrees/1f98bd1e-95ca-4396-82c1-c34de41a8851/OnTime-front/test/domain/use-cases/schedule_preparation_session_use_case_test.dart: ended prompted schedule is rejected and scheduled delivery is cancelled
00:09 +354: /Users/ejunpark/.codex/worktrees/1f98bd1e-95ca-4396-82c1-c34de41a8851/OnTime-front/test/domain/use-cases/schedule_preparation_session_use_case_test.dart: valid prompted schedule loads preparation and returns ready schedule
00:09 +355: /Users/ejunpark/.codex/worktrees/1f98bd1e-95ca-4396-82c1-c34de41a8851/OnTime-front/test/domain/use-cases/schedule_preparation_session_use_case_test.dart: database failure retains both prompt kinds as unavailable
00:09 +356: /Users/ejunpark/.codex/worktrees/1f98bd1e-95ca-4396-82c1-c34de41a8851/OnTime-front/test/domain/use-cases/schedule_preparation_session_use_case_test.dart: BehaviorSubject replay resolves the loaded map and stream errors stay unavailable
00:09 +357: /Users/ejunpark/.codex/worktrees/1f98bd1e-95ca-4396-82c1-c34de41a8851/OnTime-front/test/domain/use-cases/schedule_preparation_session_use_case_test.dart: definitive missing is rejected without treating storage failure as missing
00:09 +358: /Users/ejunpark/.codex/worktrees/1f98bd1e-95ca-4396-82c1-c34de41a8851/OnTime-front/test/domain/use-cases/schedule_preparation_session_use_case_test.dart: finish completes the preparation session and clears scheduled delivery
00:09 +359: /Users/ejunpark/.codex/worktrees/1f98bd1e-95ca-4396-82c1-c34de41a8851/OnTime-front/test/domain/use-cases/recurring_alarm_integration_test.dart: actual create/update entrypoints rerun after snapshot and retain nearest 60 without materialize loop
00:10 +360: /Users/ejunpark/.codex/worktrees/1f98bd1e-95ca-4396-82c1-c34de41a8851/OnTime-front/test/domain/use-cases/recurring_alarm_integration_test.dart: actual create/update entrypoints rerun after snapshot and retain nearest 60 without materialize loop
00:10 +361: /Users/ejunpark/.codex/worktrees/1f98bd1e-95ca-4396-82c1-c34de41a8851/OnTime-front/test/domain/use-cases/recurring_alarm_integration_test.dart: actual create/update entrypoints rerun after snapshot and retain nearest 60 without materialize loop
00:10 +362: /Users/ejunpark/.codex/worktrees/1f98bd1e-95ca-4396-82c1-c34de41a8851/OnTime-front/test/domain/use-cases/recurring_alarm_integration_test.dart: actual create/update entrypoints rerun after snapshot and retain nearest 60 without materialize loop
00:10 +363: /Users/ejunpark/.codex/worktrees/1f98bd1e-95ca-4396-82c1-c34de41a8851/OnTime-front/test/domain/use-cases/recurring_alarm_integration_test.dart: actual create/update entrypoints rerun after snapshot and retain nearest 60 without materialize loop
00:10 +364: /Users/ejunpark/.codex/worktrees/1f98bd1e-95ca-4396-82c1-c34de41a8851/OnTime-front/test/domain/use-cases/recurring_alarm_integration_test.dart: actual create/update entrypoints rerun after snapshot and retain nearest 60 without materialize loop
00:10 +365: /Users/ejunpark/.codex/worktrees/1f98bd1e-95ca-4396-82c1-c34de41a8851/OnTime-front/test/domain/use-cases/recurring_alarm_integration_test.dart: actual create/update entrypoints rerun after snapshot and retain nearest 60 without materialize loop
00:10 +366: /Users/ejunpark/.codex/worktrees/1f98bd1e-95ca-4396-82c1-c34de41a8851/OnTime-front/test/domain/use-cases/recurring_alarm_integration_test.dart: actual create/update entrypoints rerun after snapshot and retain nearest 60 without materialize loop
00:10 +367: /Users/ejunpark/.codex/worktrees/1f98bd1e-95ca-4396-82c1-c34de41a8851/OnTime-front/test/domain/use-cases/recurring_alarm_integration_test.dart: actual create/update entrypoints rerun after snapshot and retain nearest 60 without materialize loop
00:10 +368: /Users/ejunpark/.codex/worktrees/1f98bd1e-95ca-4396-82c1-c34de41a8851/OnTime-front/test/domain/use-cases/recurring_alarm_integration_test.dart: actual create/update entrypoints rerun after snapshot and retain nearest 60 without materialize loop
00:10 +369: /Users/ejunpark/.codex/worktrees/1f98bd1e-95ca-4396-82c1-c34de41a8851/OnTime-front/test/domain/use-cases/recurring_alarm_integration_test.dart: actual create/update entrypoints rerun after snapshot and retain nearest 60 without materialize loop
00:10 +370: /Users/ejunpark/.codex/worktrees/1f98bd1e-95ca-4396-82c1-c34de41a8851/OnTime-front/test/domain/use-cases/recurring_alarm_integration_test.dart: actual create/update entrypoints rerun after snapshot and retain nearest 60 without materialize loop
00:10 +371: /Users/ejunpark/.codex/worktrees/1f98bd1e-95ca-4396-82c1-c34de41a8851/OnTime-front/test/domain/use-cases/recurring_alarm_integration_test.dart: actual create/update entrypoints rerun after snapshot and retain nearest 60 without materialize loop
00:10 +372: /Users/ejunpark/.codex/worktrees/1f98bd1e-95ca-4396-82c1-c34de41a8851/OnTime-front/test/domain/use-cases/recurring_alarm_integration_test.dart: actual create/update entrypoints rerun after snapshot and retain nearest 60 without materialize loop
00:10 +373: /Users/ejunpark/.codex/worktrees/1f98bd1e-95ca-4396-82c1-c34de41a8851/OnTime-front/test/domain/use-cases/recurring_alarm_integration_test.dart: actual create/update entrypoints rerun after snapshot and retain nearest 60 without materialize loop
00:10 +374: /Users/ejunpark/.codex/worktrees/1f98bd1e-95ca-4396-82c1-c34de41a8851/OnTime-front/test/domain/use-cases/recurring_alarm_integration_test.dart: actual create/update entrypoints rerun after snapshot and retain nearest 60 without materialize loop
00:10 +375: /Users/ejunpark/.codex/worktrees/1f98bd1e-95ca-4396-82c1-c34de41a8851/OnTime-front/test/domain/use-cases/recurring_alarm_integration_test.dart: actual create/update entrypoints rerun after snapshot and retain nearest 60 without materialize loop
00:10 +376: /Users/ejunpark/.codex/worktrees/1f98bd1e-95ca-4396-82c1-c34de41a8851/OnTime-front/test/domain/use-cases/recurring_alarm_integration_test.dart: actual default and custom preparation commits request latest delivery timing
00:10 +377: /Users/ejunpark/.codex/worktrees/1f98bd1e-95ca-4396-82c1-c34de41a8851/OnTime-front/test/domain/use-cases/recurring_alarm_integration_test.dart: two unbounded series share the nearest 60 alarms and survive reopening
00:10 +378: /Users/ejunpark/.codex/worktrees/1f98bd1e-95ca-4396-82c1-c34de41a8851/OnTime-front/test/domain/use-cases/recurring_alarm_integration_test.dart: deletion cancels one alarm, refills capacity and stays excluded
00:11 +379: /Users/ejunpark/.codex/worktrees/1f98bd1e-95ca-4396-82c1-c34de41a8851/OnTime-front/test/domain/use-cases/recurring_alarm_integration_test.dart: deletion cancels one alarm, refills capacity and stays excluded
00:11 +380: /Users/ejunpark/.codex/worktrees/1f98bd1e-95ca-4396-82c1-c34de41a8851/OnTime-front/test/domain/use-cases/recurring_alarm_integration_test.dart: deletion cancels one alarm, refills capacity and stays excluded
00:11 +381: /Users/ejunpark/.codex/worktrees/1f98bd1e-95ca-4396-82c1-c34de41a8851/OnTime-front/test/domain/use-cases/recurring_alarm_integration_test.dart: deletion cancels one alarm, refills capacity and stays excluded
00:11 +382: /Users/ejunpark/.codex/worktrees/1f98bd1e-95ca-4396-82c1-c34de41a8851/OnTime-front/test/domain/use-cases/recurring_alarm_integration_test.dart: deletion cancels one alarm, refills capacity and stays excluded
00:11 +383: /Users/ejunpark/.codex/worktrees/1f98bd1e-95ca-4396-82c1-c34de41a8851/OnTime-front/test/domain/use-cases/recurring_alarm_integration_test.dart: deletion cancels one alarm, refills capacity and stays excluded
00:11 +384: /Users/ejunpark/.codex/worktrees/1f98bd1e-95ca-4396-82c1-c34de41a8851/OnTime-front/test/domain/use-cases/recurring_alarm_integration_test.dart: deletion cancels one alarm, refills capacity and stays excluded
00:11 +385: /Users/ejunpark/.codex/worktrees/1f98bd1e-95ca-4396-82c1-c34de41a8851/OnTime-front/test/domain/use-cases/recurring_alarm_integration_test.dart: deletion cancels one alarm, refills capacity and stays excluded
00:11 +386: /Users/ejunpark/.codex/worktrees/1f98bd1e-95ca-4396-82c1-c34de41a8851/OnTime-front/test/domain/use-cases/recurring_alarm_integration_test.dart: deletion cancels one alarm, refills capacity and stays excluded
00:11 +387: /Users/ejunpark/.codex/worktrees/1f98bd1e-95ca-4396-82c1-c34de41a8851/OnTime-front/test/domain/use-cases/recurring_alarm_integration_test.dart: deletion cancels one alarm, refills capacity and stays excluded
00:11 +388: /Users/ejunpark/.codex/worktrees/1f98bd1e-95ca-4396-82c1-c34de41a8851/OnTime-front/test/domain/use-cases/recurring_alarm_integration_test.dart: deletion cancels one alarm, refills capacity and stays excluded
00:11 +389: /Users/ejunpark/.codex/worktrees/1f98bd1e-95ca-4396-82c1-c34de41a8851/OnTime-front/test/domain/use-cases/recurring_alarm_integration_test.dart: deletion cancels one alarm, refills capacity and stays excluded
00:11 +390: /Users/ejunpark/.codex/worktrees/1f98bd1e-95ca-4396-82c1-c34de41a8851/OnTime-front/test/domain/use-cases/recurring_alarm_integration_test.dart: deletion cancels one alarm, refills capacity and stays excluded
00:11 +391: /Users/ejunpark/.codex/worktrees/1f98bd1e-95ca-4396-82c1-c34de41a8851/OnTime-front/test/domain/use-cases/recurring_alarm_integration_test.dart: deletion cancels one alarm, refills capacity and stays excluded
00:11 +392: /Users/ejunpark/.codex/worktrees/1f98bd1e-95ca-4396-82c1-c34de41a8851/OnTime-front/test/domain/use-cases/recurring_alarm_integration_test.dart: deletion cancels one alarm, refills capacity and stays excluded
00:11 +393: /Users/ejunpark/.codex/worktrees/1f98bd1e-95ca-4396-82c1-c34de41a8851/OnTime-front/test/domain/use-cases/recurring_alarm_integration_test.dart: deletion cancels one alarm, refills capacity and stays excluded
00:11 +394: /Users/ejunpark/.codex/worktrees/1f98bd1e-95ca-4396-82c1-c34de41a8851/OnTime-front/test/domain/use-cases/recurring_alarm_integration_test.dart: deletion cancels one alarm, refills capacity and stays excluded
00:11 +395: /Users/ejunpark/.codex/worktrees/1f98bd1e-95ca-4396-82c1-c34de41a8851/OnTime-front/test/domain/use-cases/recurring_alarm_integration_test.dart: deletion cancels one alarm, refills capacity and stays excluded
00:11 +396: /Users/ejunpark/.codex/worktrees/1f98bd1e-95ca-4396-82c1-c34de41a8851/OnTime-front/test/domain/use-cases/recurring_alarm_integration_test.dart: deletion cancels one alarm, refills capacity and stays excluded
00:11 +397: /Users/ejunpark/.codex/worktrees/1f98bd1e-95ca-4396-82c1-c34de41a8851/OnTime-front/test/domain/use-cases/recurring_alarm_integration_test.dart: deletion cancels one alarm, refills capacity and stays excluded
00:11 +398: /Users/ejunpark/.codex/worktrees/1f98bd1e-95ca-4396-82c1-c34de41a8851/OnTime-front/test/domain/use-cases/recurring_alarm_integration_test.dart: deletion cancels one alarm, refills capacity and stays excluded
00:11 +399: /Users/ejunpark/.codex/worktrees/1f98bd1e-95ca-4396-82c1-c34de41a8851/OnTime-front/test/domain/use-cases/recurring_alarm_integration_test.dart: deletion cancels one alarm, refills capacity and stays excluded
00:11 +400: /Users/ejunpark/.codex/worktrees/1f98bd1e-95ca-4396-82c1-c34de41a8851/OnTime-front/test/domain/use-cases/recurring_alarm_integration_test.dart: deletion cancels one alarm, refills capacity and stays excluded
00:11 +401: /Users/ejunpark/.codex/worktrees/1f98bd1e-95ca-4396-82c1-c34de41a8851/OnTime-front/test/domain/use-cases/recurring_alarm_integration_test.dart: deletion cancels one alarm, refills capacity and stays excluded
00:11 +402: /Users/ejunpark/.codex/worktrees/1f98bd1e-95ca-4396-82c1-c34de41a8851/OnTime-front/test/domain/use-cases/recurring_alarm_integration_test.dart: deletion cancels one alarm, refills capacity and stays excluded
00:11 +403: /Users/ejunpark/.codex/worktrees/1f98bd1e-95ca-4396-82c1-c34de41a8851/OnTime-front/test/domain/use-cases/recurring_alarm_integration_test.dart: deletion cancels one alarm, refills capacity and stays excluded
00:11 +404: /Users/ejunpark/.codex/worktrees/1f98bd1e-95ca-4396-82c1-c34de41a8851/OnTime-front/test/domain/use-cases/recurring_alarm_integration_test.dart: deletion cancels one alarm, refills capacity and stays excluded
00:11 +405: /Users/ejunpark/.codex/worktrees/1f98bd1e-95ca-4396-82c1-c34de41a8851/OnTime-front/test/domain/use-cases/recurring_alarm_integration_test.dart: deletion cancels one alarm, refills capacity and stays excluded
00:11 +406: /Users/ejunpark/.codex/worktrees/1f98bd1e-95ca-4396-82c1-c34de41a8851/OnTime-front/test/domain/use-cases/recurring_alarm_integration_test.dart: deletion cancels one alarm, refills capacity and stays excluded
00:11 +407: /Users/ejunpark/.codex/worktrees/1f98bd1e-95ca-4396-82c1-c34de41a8851/OnTime-front/test/domain/use-cases/recurring_alarm_integration_test.dart: deletion cancels one alarm, refills capacity and stays excluded
00:11 +408: /Users/ejunpark/.codex/worktrees/1f98bd1e-95ca-4396-82c1-c34de41a8851/OnTime-front/test/domain/use-cases/recurring_alarm_integration_test.dart: deletion cancels one alarm, refills capacity and stays excluded
00:11 +409: /Users/ejunpark/.codex/worktrees/1f98bd1e-95ca-4396-82c1-c34de41a8851/OnTime-front/test/domain/use-cases/delivery_reconciliation_test.dart: orphan cancellation failure persists its real platform ID and retries while disabled
00:11 +410: /Users/ejunpark/.codex/worktrees/1f98bd1e-95ca-4396-82c1-c34de41a8851/OnTime-front/test/domain/use-cases/recurring_alarm_integration_test.dart: a previous civil date in a negative offset still supplies a future alarm
00:11 +411: /Users/ejunpark/.codex/worktrees/1f98bd1e-95ca-4396-82c1-c34de41a8851/OnTime-front/test/domain/use-cases/recurring_alarm_integration_test.dart: a previous civil date in a negative offset still supplies a future alarm
00:11 +412: /Users/ejunpark/.codex/worktrees/1f98bd1e-95ca-4396-82c1-c34de41a8851/OnTime-front/test/domain/use-cases/recurring_alarm_integration_test.dart: a previous civil date in a negative offset still supplies a future alarm
00:11 +413: /Users/ejunpark/.codex/worktrees/1f98bd1e-95ca-4396-82c1-c34de41a8851/OnTime-front/test/domain/entities/schedule_notification_status_test.dart: only all successful exact receipts produce precise status
00:11 +414: /Users/ejunpark/.codex/worktrees/1f98bd1e-95ca-4396-82c1-c34de41a8851/OnTime-front/test/domain/entities/schedule_notification_status_test.dart: off retains a cleanup warning and denial never becomes precise
00:11 +415: /Users/ejunpark/.codex/worktrees/1f98bd1e-95ca-4396-82c1-c34de41a8851/OnTime-front/test/domain/entities/schedule_notification_status_test.dart: no future registrations never becomes precise from capability
00:11 +416: /Users/ejunpark/.codex/worktrees/1f98bd1e-95ca-4396-82c1-c34de41a8851/OnTime-front/test/domain/entities/schedule_notification_status_test.dart: iOS alarm and notification language remains capability appropriate
00:11 +417: /Users/ejunpark/.codex/worktrees/1f98bd1e-95ca-4396-82c1-c34de41a8851/OnTime-front/test/domain/entities/user_entity_test.dart: local profile derives punctuality from eligible outcomes
00:11 +418: /Users/ejunpark/.codex/worktrees/1f98bd1e-95ca-4396-82c1-c34de41a8851/OnTime-front/test/domain/entities/user_entity_test.dart: empty user exposes null convenience values
00:11 +419: /Users/ejunpark/.codex/worktrees/1f98bd1e-95ca-4396-82c1-c34de41a8851/OnTime-front/test/domain/entities/alarm_delivery_policy_test.dart: native grant uses the native alarm provider
00:11 +420: /Users/ejunpark/.codex/worktrees/1f98bd1e-95ca-4396-82c1-c34de41a8851/OnTime-front/test/domain/entities/alarm_delivery_policy_test.dart: native denial with granted fallback keeps delivery enabled without a blocking issue
00:11 +421: /Users/ejunpark/.codex/worktrees/1f98bd1e-95ca-4396-82c1-c34de41a8851/OnTime-front/test/domain/entities/alarm_delivery_policy_test.dart: native denial with denied fallback blocks delivery on native permission
00:11 +422: /Users/ejunpark/.codex/worktrees/1f98bd1e-95ca-4396-82c1-c34de41a8851/OnTime-front/test/domain/entities/alarm_delivery_policy_test.dart: unsupported native alarms use granted fallback delivery
00:11 +423: /Users/ejunpark/.codex/worktrees/1f98bd1e-95ca-4396-82c1-c34de41a8851/OnTime-front/test/domain/entities/alarm_delivery_policy_test.dart: all unavailable reports unsupported without disabling alarms
00:11 +424: /Users/ejunpark/.codex/worktrees/1f98bd1e-95ca-4396-82c1-c34de41a8851/OnTime-front/test/domain/entities/preparation_timing_entity_test.dart: Preparation timing entities orders linked preparation steps before timing conversion
00:11 +425: /Users/ejunpark/.codex/worktrees/1f98bd1e-95ca-4396-82c1-c34de41a8851/OnTime-front/test/domain/entities/preparation_timing_entity_test.dart: Preparation timing entities calculates left time before leave with explicit now
00:11 +426: /Users/ejunpark/.codex/worktrees/1f98bd1e-95ca-4396-82c1-c34de41a8851/OnTime-front/test/domain/entities/domain_entity_boundary_test.dart: domain entities do not import lower architectural layers
00:11 +427: /Users/ejunpark/.codex/worktrees/1f98bd1e-95ca-4396-82c1-c34de41a8851/OnTime-front/test/domain/entities/domain_entity_boundary_test.dart: domain entities do not import lower architectural layers
00:11 +428: /Users/ejunpark/.codex/worktrees/1f98bd1e-95ca-4396-82c1-c34de41a8851/OnTime-front/test/domain/entities/domain_entity_boundary_test.dart: domain entities do not import lower architectural layers
00:11 +429: /Users/ejunpark/.codex/worktrees/1f98bd1e-95ca-4396-82c1-c34de41a8851/OnTime-front/test/domain/entities/domain_entity_boundary_test.dart: domain entities do not import lower architectural layers
00:11 +430: /Users/ejunpark/.codex/worktrees/1f98bd1e-95ca-4396-82c1-c34de41a8851/OnTime-front/test/domain/entities/domain_entity_boundary_test.dart: domain entities do not import lower architectural layers
00:11 +431: /Users/ejunpark/.codex/worktrees/1f98bd1e-95ca-4396-82c1-c34de41a8851/OnTime-front/test/domain/entities/domain_entity_boundary_test.dart: domain entities do not import lower architectural layers
00:11 +432: /Users/ejunpark/.codex/worktrees/1f98bd1e-95ca-4396-82c1-c34de41a8851/OnTime-front/test/domain/entities/domain_entity_boundary_test.dart: domain entities do not import lower architectural layers
00:11 +433: /Users/ejunpark/.codex/worktrees/1f98bd1e-95ca-4396-82c1-c34de41a8851/OnTime-front/test/domain/entities/domain_entity_boundary_test.dart: domain entities do not import lower architectural layers
00:11 +434: /Users/ejunpark/.codex/worktrees/1f98bd1e-95ca-4396-82c1-c34de41a8851/OnTime-front/test/domain/entities/domain_entity_boundary_test.dart: domain entities do not import lower architectural layers
00:11 +435: /Users/ejunpark/.codex/worktrees/1f98bd1e-95ca-4396-82c1-c34de41a8851/OnTime-front/test/domain/entities/preparation_timing_entity_test.dart: Preparation timing entities schedule with preparation derives start time and total duration
00:11 +436: /Users/ejunpark/.codex/worktrees/1f98bd1e-95ca-4396-82c1-c34de41a8851/OnTime-front/test/domain/entities/domain_entity_boundary_test.dart: domain entities do not expose persistence mapper methods
00:11 +437: /Users/ejunpark/.codex/worktrees/1f98bd1e-95ca-4396-82c1-c34de41a8851/OnTime-front/test/domain/entities/domain_entity_boundary_test.dart: domain entities do not expose persistence mapper methods
00:11 +438: /Users/ejunpark/.codex/worktrees/1f98bd1e-95ca-4396-82c1-c34de41a8851/OnTime-front/test/domain/entities/preparation_timing_entity_test.dart: ScheduleEntity diagnostics string representation includes schedule identity for diagnostics
00:11 +439: /Users/ejunpark/.codex/worktrees/1f98bd1e-95ca-4396-82c1-c34de41a8851/OnTime-front/test/domain/entities/preparation_timing_entity_test.dart: ScheduleState timing helper durationUntilPreparationStartAt uses injected now deterministically
00:12 +440: /Users/ejunpark/.codex/worktrees/1f98bd1e-95ca-4396-82c1-c34de41a8851/OnTime-front/test/domain/entities/preparation_snapshot_validation_test.dart: identity separates timing, ordered shape, content and delimiters
00:12 +441: /Users/ejunpark/.codex/worktrees/1f98bd1e-95ca-4396-82c1-c34de41a8851/OnTime-front/test/domain/entities/preparation_snapshot_validation_test.dart: every identity-affecting edit invalidates progress without mutating data
00:12 +442: /Users/ejunpark/.codex/worktrees/1f98bd1e-95ca-4396-82c1-c34de41a8851/OnTime-front/test/domain/entities/preparation_snapshot_validation_test.dart: minimal progress hydrates names/durations from current source only
00:12 +443: /Users/ejunpark/.codex/worktrees/1f98bd1e-95ca-4396-82c1-c34de41a8851/OnTime-front/test/domain/entities/preparation_snapshot_validation_test.dart: legacy exact fingerprint additionally requires all step fields
00:12 +444: /Users/ejunpark/.codex/worktrees/1f98bd1e-95ca-4396-82c1-c34de41a8851/OnTime-front/test/domain/entities/preparation_snapshot_validation_test.dart: legacy launch becomes a minimal versioned route, never a start command
00:12 +445: /Users/ejunpark/.codex/worktrees/1f98bd1e-95ca-4396-82c1-c34de41a8851/OnTime-front/test/presentation/home/utils/today_tile_navigation_test.dart: Today tile navigation resolver returns early-start scheduleStart target in upcoming when schedule exists
00:12 +446: /Users/ejunpark/.codex/worktrees/1f98bd1e-95ca-4396-82c1-c34de41a8851/OnTime-front/test/presentation/home/utils/today_tile_navigation_test.dart: Today tile navigation resolver returns alarmScreen target in ongoing when schedule exists
00:12 +447: /Users/ejunpark/.codex/worktrees/1f98bd1e-95ca-4396-82c1-c34de41a8851/OnTime-front/test/presentation/home/utils/today_tile_navigation_test.dart: Today tile navigation resolver returns alarmScreen target in started when schedule exists
00:12 +448: /Users/ejunpark/.codex/worktrees/1f98bd1e-95ca-4396-82c1-c34de41a8851/OnTime-front/test/presentation/home/utils/today_tile_navigation_test.dart: Today tile navigation resolver returns null when no schedule exists
00:12 +449: /Users/ejunpark/.codex/worktrees/1f98bd1e-95ca-4396-82c1-c34de41a8851/OnTime-front/test/presentation/home/utils/today_tile_navigation_test.dart: Today tile navigation resolver returns null in initial and notExists
00:13 +450: /Users/ejunpark/.codex/worktrees/1f98bd1e-95ca-4396-82c1-c34de41a8851/OnTime-front/test/presentation/home/screens/home_screen_tmp_test.dart: (setUpAll)
00:13 +450: /Users/ejunpark/.codex/worktrees/1f98bd1e-95ca-4396-82c1-c34de41a8851/OnTime-front/test/presentation/home/screens/home_screen_tmp_test.dart: 430 portrait home fits actual font, schedule=false
00:13 +451: /Users/ejunpark/.codex/worktrees/1f98bd1e-95ca-4396-82c1-c34de41a8851/OnTime-front/test/presentation/home/screens/home_screen_tmp_test.dart: 430 portrait home fits actual font, schedule=false
00:13 +452: /Users/ejunpark/.codex/worktrees/1f98bd1e-95ca-4396-82c1-c34de41a8851/OnTime-front/test/presentation/home/screens/home_screen_tmp_test.dart: 430 portrait home fits actual font, schedule=false
00:13 +453: /Users/ejunpark/.codex/worktrees/1f98bd1e-95ca-4396-82c1-c34de41a8851/OnTime-front/test/presentation/home/screens/home_screen_tmp_test.dart: 430 portrait home fits actual font, schedule=false
00:13 +454: /Users/ejunpark/.codex/worktrees/1f98bd1e-95ca-4396-82c1-c34de41a8851/OnTime-front/test/presentation/home/screens/home_screen_tmp_test.dart: 430 portrait home fits actual font, schedule=false
00:13 +455: /Users/ejunpark/.codex/worktrees/1f98bd1e-95ca-4396-82c1-c34de41a8851/OnTime-front/test/presentation/home/screens/home_screen_tmp_test.dart: 430 portrait home fits actual font, schedule=false
00:13 +456: /Users/ejunpark/.codex/worktrees/1f98bd1e-95ca-4396-82c1-c34de41a8851/OnTime-front/test/presentation/home/screens/home_screen_tmp_test.dart: 430 portrait home fits actual font, schedule=false
00:13 +457: /Users/ejunpark/.codex/worktrees/1f98bd1e-95ca-4396-82c1-c34de41a8851/OnTime-front/test/presentation/home/screens/home_screen_tmp_test.dart: 430 portrait home fits actual font, schedule=false
00:13 +458: /Users/ejunpark/.codex/worktrees/1f98bd1e-95ca-4396-82c1-c34de41a8851/OnTime-front/test/presentation/home/screens/home_screen_tmp_test.dart: 430 portrait home fits actual font, schedule=false
00:13 +459: /Users/ejunpark/.codex/worktrees/1f98bd1e-95ca-4396-82c1-c34de41a8851/OnTime-front/test/presentation/home/screens/home_screen_tmp_test.dart: 430 portrait home fits actual font, schedule=false
00:13 +460: /Users/ejunpark/.codex/worktrees/1f98bd1e-95ca-4396-82c1-c34de41a8851/OnTime-front/test/presentation/home/screens/home_screen_tmp_test.dart: 430 portrait home fits actual font, schedule=false
00:13 +461: /Users/ejunpark/.codex/worktrees/1f98bd1e-95ca-4396-82c1-c34de41a8851/OnTime-front/test/presentation/home/screens/home_screen_tmp_test.dart: 430 portrait home fits actual font, schedule=false
00:13 +462: /Users/ejunpark/.codex/worktrees/1f98bd1e-95ca-4396-82c1-c34de41a8851/OnTime-front/test/presentation/home/screens/home_screen_tmp_test.dart: 430 portrait home fits actual font, schedule=false
00:13 +463: /Users/ejunpark/.codex/worktrees/1f98bd1e-95ca-4396-82c1-c34de41a8851/OnTime-front/test/presentation/home/components/month_calendar_test.dart: selecting a day reports the selected calendar date
00:14 +464: /Users/ejunpark/.codex/worktrees/1f98bd1e-95ca-4396-82c1-c34de41a8851/OnTime-front/test/presentation/home/components/week_calendar_test.dart: renders one week and reports the tapped date
00:14 +465: /Users/ejunpark/.codex/worktrees/1f98bd1e-95ca-4396-82c1-c34de41a8851/OnTime-front/test/presentation/home/components/week_calendar_test.dart: renders one week and reports the tapped date
00:14 +466: /Users/ejunpark/.codex/worktrees/1f98bd1e-95ca-4396-82c1-c34de41a8851/OnTime-front/test/presentation/home/components/week_calendar_test.dart: renders one week and reports the tapped date
00:14 +467: /Users/ejunpark/.codex/worktrees/1f98bd1e-95ca-4396-82c1-c34de41a8851/OnTime-front/test/presentation/home/components/month_calendar_test.dart: compact height clamps calendar rows without overflow
00:14 +468: /Users/ejunpark/.codex/worktrees/1f98bd1e-95ca-4396-82c1-c34de41a8851/OnTime-front/test/presentation/home/screens/home_screen_tmp_test.dart: 430 home last calendar day and primary routes remain tappable
00:14 +469: /Users/ejunpark/.codex/worktrees/1f98bd1e-95ca-4396-82c1-c34de41a8851/OnTime-front/test/presentation/home/screens/home_screen_tmp_test.dart: 430 home last calendar day and primary routes remain tappable
00:14 +470: /Users/ejunpark/.codex/worktrees/1f98bd1e-95ca-4396-82c1-c34de41a8851/OnTime-front/test/presentation/home/screens/home_screen_tmp_test.dart: 430 home last calendar day and primary routes remain tappable
00:14 +471: /Users/ejunpark/.codex/worktrees/1f98bd1e-95ca-4396-82c1-c34de41a8851/OnTime-front/test/presentation/home/screens/home_screen_tmp_test.dart: 430 home last calendar day and primary routes remain tappable
00:14 +472: /Users/ejunpark/.codex/worktrees/1f98bd1e-95ca-4396-82c1-c34de41a8851/OnTime-front/test/presentation/home/screens/home_screen_tmp_test.dart: 430 home last calendar day and primary routes remain tappable
00:14 +473: /Users/ejunpark/.codex/worktrees/1f98bd1e-95ca-4396-82c1-c34de41a8851/OnTime-front/test/presentation/home/screens/home_screen_tmp_test.dart: 430 home last calendar day and primary routes remain tappable
00:14 +474: /Users/ejunpark/.codex/worktrees/1f98bd1e-95ca-4396-82c1-c34de41a8851/OnTime-front/test/presentation/home/screens/home_screen_tmp_test.dart: 430 home last calendar day and primary routes remain tappable
00:14 +475: /Users/ejunpark/.codex/worktrees/1f98bd1e-95ca-4396-82c1-c34de41a8851/OnTime-front/test/presentation/home/screens/home_screen_tmp_test.dart: compact portrait home fits without scroll at 1.3 text scale
00:14 +476: /Users/ejunpark/.codex/worktrees/1f98bd1e-95ca-4396-82c1-c34de41a8851/OnTime-front/test/presentation/calendar/component/schedule_detail_test.dart: expanded tile shows travel, preparation, spare in order
00:14 +477: /Users/ejunpark/.codex/worktrees/1f98bd1e-95ca-4396-82c1-c34de41a8851/OnTime-front/test/presentation/calendar/component/schedule_detail_test.dart: expanded tile shows travel, preparation, spare in order
00:14 +478: /Users/ejunpark/.codex/worktrees/1f98bd1e-95ca-4396-82c1-c34de41a8851/OnTime-front/test/presentation/calendar/component/schedule_detail_test.dart: expanded tile shows travel, preparation, spare in order
00:15 +479: /Users/ejunpark/.codex/worktrees/1f98bd1e-95ca-4396-82c1-c34de41a8851/OnTime-front/test/presentation/calendar/component/schedule_detail_test.dart: expanded tile shows travel, preparation, spare in order
00:15 +480: /Users/ejunpark/.codex/worktrees/1f98bd1e-95ca-4396-82c1-c34de41a8851/OnTime-front/test/presentation/calendar/component/schedule_detail_test.dart: expanded tile shows travel, preparation, spare in order
00:15 +481: /Users/ejunpark/.codex/worktrees/1f98bd1e-95ca-4396-82c1-c34de41a8851/OnTime-front/test/presentation/calendar/component/schedule_detail_test.dart: expanded tile shows travel, preparation, spare in order
00:15 +482: /Users/ejunpark/.codex/worktrees/1f98bd1e-95ca-4396-82c1-c34de41a8851/OnTime-front/test/presentation/calendar/component/schedule_detail_test.dart: expanded tile shows travel, preparation, spare in order
00:15 +483: /Users/ejunpark/.codex/worktrees/1f98bd1e-95ca-4396-82c1-c34de41a8851/OnTime-front/test/presentation/calendar/component/schedule_detail_test.dart: expanded tile shows travel, preparation, spare in order
00:15 +484: /Users/ejunpark/.codex/worktrees/1f98bd1e-95ca-4396-82c1-c34de41a8851/OnTime-front/test/presentation/calendar/component/schedule_detail_test.dart: expanded tile shows travel, preparation, spare in order
00:15 +485: /Users/ejunpark/.codex/worktrees/1f98bd1e-95ca-4396-82c1-c34de41a8851/OnTime-front/test/presentation/calendar/component/schedule_detail_test.dart: expanded tile shows travel, preparation, spare in order
00:15 +486: /Users/ejunpark/.codex/worktrees/1f98bd1e-95ca-4396-82c1-c34de41a8851/OnTime-front/test/presentation/calendar/component/schedule_detail_test.dart: expanded tile shows travel, preparation, spare in order
00:15 +487: /Users/ejunpark/.codex/worktrees/1f98bd1e-95ca-4396-82c1-c34de41a8851/OnTime-front/test/presentation/calendar/component/schedule_detail_test.dart: expanded tile shows travel, preparation, spare in order
00:15 +488: /Users/ejunpark/.codex/worktrees/1f98bd1e-95ca-4396-82c1-c34de41a8851/OnTime-front/test/presentation/calendar/component/schedule_detail_test.dart: expanded tile shows travel, preparation, spare in order
00:15 +489: /Users/ejunpark/.codex/worktrees/1f98bd1e-95ca-4396-82c1-c34de41a8851/OnTime-front/test/presentation/calendar/component/schedule_detail_test.dart: expanded tile shows travel, preparation, spare in order
00:15 +490: /Users/ejunpark/.codex/worktrees/1f98bd1e-95ca-4396-82c1-c34de41a8851/OnTime-front/test/presentation/calendar/component/schedule_detail_test.dart: expanded tile shows travel, preparation, spare in order
00:15 +491: /Users/ejunpark/.codex/worktrees/1f98bd1e-95ca-4396-82c1-c34de41a8851/OnTime-front/test/presentation/calendar/component/schedule_detail_test.dart: expanded tile shows travel, preparation, spare in order
00:15 +492: /Users/ejunpark/.codex/worktrees/1f98bd1e-95ca-4396-82c1-c34de41a8851/OnTime-front/test/presentation/calendar/component/schedule_detail_test.dart: expanded tile shows travel, preparation, spare in order
00:15 +493: /Users/ejunpark/.codex/worktrees/1f98bd1e-95ca-4396-82c1-c34de41a8851/OnTime-front/test/presentation/calendar/component/schedule_detail_test.dart: expanded tile shows travel, preparation, spare in order
00:15 +494: /Users/ejunpark/.codex/worktrees/1f98bd1e-95ca-4396-82c1-c34de41a8851/OnTime-front/test/presentation/calendar/component/schedule_detail_test.dart: expanded tile shows travel, preparation, spare in order
00:15 +495: /Users/ejunpark/.codex/worktrees/1f98bd1e-95ca-4396-82c1-c34de41a8851/OnTime-front/test/presentation/calendar/component/schedule_detail_test.dart: expanded tile shows travel, preparation, spare in order
00:15 +496: /Users/ejunpark/.codex/worktrees/1f98bd1e-95ca-4396-82c1-c34de41a8851/OnTime-front/test/presentation/calendar/component/schedule_detail_test.dart: expanded tile shows travel, preparation, spare in order
00:15 +497: /Users/ejunpark/.codex/worktrees/1f98bd1e-95ca-4396-82c1-c34de41a8851/OnTime-front/test/presentation/calendar/component/schedule_detail_test.dart: expanded tile shows travel, preparation, spare in order
00:15 +498: /Users/ejunpark/.codex/worktrees/1f98bd1e-95ca-4396-82c1-c34de41a8851/OnTime-front/test/presentation/calendar/component/schedule_detail_test.dart: expanded tile shows travel, preparation, spare in order
00:15 +499: /Users/ejunpark/.codex/worktrees/1f98bd1e-95ca-4396-82c1-c34de41a8851/OnTime-front/test/presentation/calendar/component/schedule_detail_test.dart: expanded tile shows travel, preparation, spare in order
00:15 +500: /Users/ejunpark/.codex/worktrees/1f98bd1e-95ca-4396-82c1-c34de41a8851/OnTime-front/test/presentation/calendar/component/schedule_detail_test.dart: expanded tile shows travel, preparation, spare in order
00:15 +501: /Users/ejunpark/.codex/worktrees/1f98bd1e-95ca-4396-82c1-c34de41a8851/OnTime-front/test/presentation/calendar/component/schedule_detail_test.dart: expanded tile shows travel, preparation, spare in order
00:15 +502: /Users/ejunpark/.codex/worktrees/1f98bd1e-95ca-4396-82c1-c34de41a8851/OnTime-front/test/presentation/calendar/component/schedule_detail_test.dart: expanded tile shows travel, preparation, spare in order
00:15 +503: /Users/ejunpark/.codex/worktrees/1f98bd1e-95ca-4396-82c1-c34de41a8851/OnTime-front/test/presentation/calendar/component/schedule_detail_test.dart: expanded tile shows travel, preparation, spare in order
00:15 +504: /Users/ejunpark/.codex/worktrees/1f98bd1e-95ca-4396-82c1-c34de41a8851/OnTime-front/test/presentation/calendar/component/schedule_detail_test.dart: expanded tile shows travel, preparation, spare in order
00:15 +505: /Users/ejunpark/.codex/worktrees/1f98bd1e-95ca-4396-82c1-c34de41a8851/OnTime-front/test/presentation/calendar/component/schedule_detail_test.dart: expanded tile shows travel, preparation, spare in order
00:15 +506: /Users/ejunpark/.codex/worktrees/1f98bd1e-95ca-4396-82c1-c34de41a8851/OnTime-front/test/presentation/calendar/component/schedule_detail_test.dart: expanded tile shows travel, preparation, spare in order
00:15 +507: /Users/ejunpark/.codex/worktrees/1f98bd1e-95ca-4396-82c1-c34de41a8851/OnTime-front/test/presentation/calendar/component/schedule_detail_test.dart: expanded tile shows travel, preparation, spare in order
00:15 +508: /Users/ejunpark/.codex/worktrees/1f98bd1e-95ca-4396-82c1-c34de41a8851/OnTime-front/test/presentation/calendar/component/schedule_detail_test.dart: expanded tile shows travel, preparation, spare in order
00:15 +509: /Users/ejunpark/.codex/worktrees/1f98bd1e-95ca-4396-82c1-c34de41a8851/OnTime-front/test/presentation/calendar/component/schedule_detail_test.dart: expanded tile shows travel, preparation, spare in order
00:15 +510: /Users/ejunpark/.codex/worktrees/1f98bd1e-95ca-4396-82c1-c34de41a8851/OnTime-front/test/presentation/calendar/component/schedule_detail_test.dart: expanded tile shows travel, preparation, spare in order
00:15 +511: /Users/ejunpark/.codex/worktrees/1f98bd1e-95ca-4396-82c1-c34de41a8851/OnTime-front/test/presentation/calendar/component/schedule_detail_test.dart: expanded tile shows travel, preparation, spare in order
00:15 +512: /Users/ejunpark/.codex/worktrees/1f98bd1e-95ca-4396-82c1-c34de41a8851/OnTime-front/test/presentation/calendar/component/schedule_detail_test.dart: expanded tile shows travel, preparation, spare in order
00:15 +513: /Users/ejunpark/.codex/worktrees/1f98bd1e-95ca-4396-82c1-c34de41a8851/OnTime-front/test/presentation/calendar/component/schedule_detail_test.dart: expanded tile shows travel, preparation, spare in order
00:15 +514: /Users/ejunpark/.codex/worktrees/1f98bd1e-95ca-4396-82c1-c34de41a8851/OnTime-front/test/presentation/calendar/component/schedule_detail_test.dart: expanded tile shows travel, preparation, spare in order
00:15 +515: /Users/ejunpark/.codex/worktrees/1f98bd1e-95ca-4396-82c1-c34de41a8851/OnTime-front/test/presentation/calendar/component/schedule_detail_test.dart: expanded tile shows travel, preparation, spare in order
00:15 +516: /Users/ejunpark/.codex/worktrees/1f98bd1e-95ca-4396-82c1-c34de41a8851/OnTime-front/test/presentation/calendar/component/schedule_detail_test.dart: expanded tile shows travel, preparation, spare in order
00:15 +517: /Users/ejunpark/.codex/worktrees/1f98bd1e-95ca-4396-82c1-c34de41a8851/OnTime-front/test/presentation/calendar/component/schedule_detail_test.dart: expanded tile shows travel, preparation, spare in order
00:15 +518: /Users/ejunpark/.codex/worktrees/1f98bd1e-95ca-4396-82c1-c34de41a8851/OnTime-front/test/presentation/calendar/screens/calendar_screen_test.dart: compact future empty state fits with add button
00:15 +519: /Users/ejunpark/.codex/worktrees/1f98bd1e-95ca-4396-82c1-c34de41a8851/OnTime-front/test/presentation/calendar/screens/calendar_screen_test.dart: compact future empty state fits with add button
00:15 +520: /Users/ejunpark/.codex/worktrees/1f98bd1e-95ca-4396-82c1-c34de41a8851/OnTime-front/test/presentation/calendar/component/schedule_detail_test.dart: swipe action button height increases when schedule is expanded
00:15 +521: /Users/ejunpark/.codex/worktrees/1f98bd1e-95ca-4396-82c1-c34de41a8851/OnTime-front/test/presentation/calendar/screens/calendar_screen_test.dart: short past empty state fits without add button
00:15 +522: /Users/ejunpark/.codex/worktrees/1f98bd1e-95ca-4396-82c1-c34de41a8851/OnTime-front/test/presentation/calendar/screens/calendar_screen_test.dart: short past empty state fits without add button
00:15 +523: /Users/ejunpark/.codex/worktrees/1f98bd1e-95ca-4396-82c1-c34de41a8851/OnTime-front/test/presentation/calendar/component/schedule_detail_test.dart: edit action is available before preparation starts
00:15 +524: /Users/ejunpark/.codex/worktrees/1f98bd1e-95ca-4396-82c1-c34de41a8851/OnTime-front/test/presentation/calendar/component/schedule_detail_test.dart: edit action is available before preparation starts
00:15 +525: /Users/ejunpark/.codex/worktrees/1f98bd1e-95ca-4396-82c1-c34de41a8851/OnTime-front/test/presentation/calendar/component/schedule_detail_test.dart: edit action is available before preparation starts
00:15 +526: /Users/ejunpark/.codex/worktrees/1f98bd1e-95ca-4396-82c1-c34de41a8851/OnTime-front/test/presentation/calendar/component/schedule_detail_test.dart: edit action is available before preparation starts
00:15 +527: /Users/ejunpark/.codex/worktrees/1f98bd1e-95ca-4396-82c1-c34de41a8851/OnTime-front/test/presentation/calendar/component/schedule_detail_test.dart: edit action is available before preparation starts
00:15 +528: /Users/ejunpark/.codex/worktrees/1f98bd1e-95ca-4396-82c1-c34de41a8851/OnTime-front/test/presentation/calendar/component/schedule_detail_test.dart: edit action is available before preparation starts
00:15 +529: /Users/ejunpark/.codex/worktrees/1f98bd1e-95ca-4396-82c1-c34de41a8851/OnTime-front/test/presentation/calendar/component/schedule_detail_test.dart: edit action is available before preparation starts
00:15 +530: /Users/ejunpark/.codex/worktrees/1f98bd1e-95ca-4396-82c1-c34de41a8851/OnTime-front/test/presentation/calendar/screens/calendar_screen_test.dart: compact selected day with schedules scrolls without overflow
00:16 +531: /Users/ejunpark/.codex/worktrees/1f98bd1e-95ca-4396-82c1-c34de41a8851/OnTime-front/test/presentation/calendar/screens/calendar_screen_test.dart: compact selected day with schedules scrolls without overflow
00:16 +532: /Users/ejunpark/.codex/worktrees/1f98bd1e-95ca-4396-82c1-c34de41a8851/OnTime-front/test/presentation/calendar/screens/calendar_screen_test.dart: compact selected day with schedules scrolls without overflow
00:16 +533: /Users/ejunpark/.codex/worktrees/1f98bd1e-95ca-4396-82c1-c34de41a8851/OnTime-front/test/presentation/calendar/screens/calendar_screen_test.dart: compact selected day with schedules scrolls without overflow
00:16 +534: /Users/ejunpark/.codex/worktrees/1f98bd1e-95ca-4396-82c1-c34de41a8851/OnTime-front/test/presentation/calendar/screens/calendar_screen_test.dart: compact selected day with schedules scrolls without overflow
00:16 +535: /Users/ejunpark/.codex/worktrees/1f98bd1e-95ca-4396-82c1-c34de41a8851/OnTime-front/test/presentation/calendar/screens/calendar_screen_test.dart: compact selected day with schedules scrolls without overflow
00:16 +536: /Users/ejunpark/.codex/worktrees/1f98bd1e-95ca-4396-82c1-c34de41a8851/OnTime-front/test/presentation/calendar/screens/calendar_screen_test.dart: compact selected day with schedules scrolls without overflow
00:16 +537: /Users/ejunpark/.codex/worktrees/1f98bd1e-95ca-4396-82c1-c34de41a8851/OnTime-front/test/presentation/calendar/screens/calendar_screen_test.dart: compact selected day with schedules scrolls without overflow
00:16 +538: /Users/ejunpark/.codex/worktrees/1f98bd1e-95ca-4396-82c1-c34de41a8851/OnTime-front/test/presentation/calendar/screens/calendar_screen_test.dart: compact selected day with schedules scrolls without overflow
00:16 +539: /Users/ejunpark/.codex/worktrees/1f98bd1e-95ca-4396-82c1-c34de41a8851/OnTime-front/test/presentation/calendar/screens/calendar_screen_test.dart: compact selected day with schedules scrolls without overflow
00:16 +540: /Users/ejunpark/.codex/worktrees/1f98bd1e-95ca-4396-82c1-c34de41a8851/OnTime-front/test/presentation/calendar/screens/calendar_screen_test.dart: compact selected day with schedules scrolls without overflow
00:16 +541: /Users/ejunpark/.codex/worktrees/1f98bd1e-95ca-4396-82c1-c34de41a8851/OnTime-front/test/presentation/app/bloc/schedule/schedule_bloc_test.dart: ScheduleBloc preparation runtime flow at preparation start boundary it transitions to started and navigates once
00:16 +542: /Users/ejunpark/.codex/worktrees/1f98bd1e-95ca-4396-82c1-c34de41a8851/OnTime-front/test/presentation/app/bloc/schedule/schedule_bloc_test.dart: ScheduleBloc preparation runtime flow at preparation start boundary it transitions to started and navigates once
00:16 +543: /Users/ejunpark/.codex/worktrees/1f98bd1e-95ca-4396-82c1-c34de41a8851/OnTime-front/test/presentation/app/bloc/schedule/schedule_bloc_test.dart: ScheduleBloc preparation runtime flow at preparation start boundary it transitions to started and navigates once
00:16 +544: /Users/ejunpark/.codex/worktrees/1f98bd1e-95ca-4396-82c1-c34de41a8851/OnTime-front/test/presentation/app/bloc/schedule/schedule_bloc_test.dart: ScheduleBloc preparation runtime flow at preparation start boundary it transitions to started and navigates once
00:16 +545: /Users/ejunpark/.codex/worktrees/1f98bd1e-95ca-4396-82c1-c34de41a8851/OnTime-front/test/presentation/app/bloc/schedule/schedule_bloc_test.dart: ScheduleBloc preparation runtime flow at preparation start boundary it transitions to started and navigates once
00:16 +546: /Users/ejunpark/.codex/worktrees/1f98bd1e-95ca-4396-82c1-c34de41a8851/OnTime-front/test/presentation/calendar/screens/calendar_screen_test.dart: initial date before supported range is clamped to first month
00:16 +547: /Users/ejunpark/.codex/worktrees/1f98bd1e-95ca-4396-82c1-c34de41a8851/OnTime-front/test/presentation/calendar/screens/calendar_screen_test.dart: initial date before supported range is clamped to first month
00:16 +548: /Users/ejunpark/.codex/worktrees/1f98bd1e-95ca-4396-82c1-c34de41a8851/OnTime-front/test/presentation/calendar/screens/calendar_screen_test.dart: initial date before supported range is clamped to first month
00:16 +549: /Users/ejunpark/.codex/worktrees/1f98bd1e-95ca-4396-82c1-c34de41a8851/OnTime-front/test/presentation/calendar/screens/calendar_screen_test.dart: initial date before supported range is clamped to first month
00:16 +550: /Users/ejunpark/.codex/worktrees/1f98bd1e-95ca-4396-82c1-c34de41a8851/OnTime-front/test/presentation/app/bloc/schedule/schedule_bloc_test.dart: ScheduleBloc preparation runtime flow entering ongoing applies catch-up tick and accepts later ticks
00:16 +551: /Users/ejunpark/.codex/worktrees/1f98bd1e-95ca-4396-82c1-c34de41a8851/OnTime-front/test/presentation/calendar/screens/calendar_screen_test.dart: calendar header arrows move the visible month
00:16 +552: /Users/ejunpark/.codex/worktrees/1f98bd1e-95ca-4396-82c1-c34de41a8851/OnTime-front/test/presentation/calendar/screens/calendar_screen_test.dart: calendar header arrows move the visible month
00:16 +553: /Users/ejunpark/.codex/worktrees/1f98bd1e-95ca-4396-82c1-c34de41a8851/OnTime-front/test/presentation/calendar/screens/calendar_screen_test.dart: calendar header arrows move the visible month
00:16 +554: /Users/ejunpark/.codex/worktrees/1f98bd1e-95ca-4396-82c1-c34de41a8851/OnTime-front/test/presentation/calendar/screens/calendar_screen_test.dart: calendar header arrows move the visible month
00:16 +555: /Users/ejunpark/.codex/worktrees/1f98bd1e-95ca-4396-82c1-c34de41a8851/OnTime-front/test/presentation/calendar/screens/calendar_screen_test.dart: calendar header arrows move the visible month
00:16 +556: /Users/ejunpark/.codex/worktrees/1f98bd1e-95ca-4396-82c1-c34de41a8851/OnTime-front/test/presentation/calendar/screens/calendar_screen_test.dart: calendar header arrows move the visible month
00:16 +557: /Users/ejunpark/.codex/worktrees/1f98bd1e-95ca-4396-82c1-c34de41a8851/OnTime-front/test/presentation/calendar/screens/calendar_screen_test.dart: calendar header arrows move the visible month
00:16 +558: /Users/ejunpark/.codex/worktrees/1f98bd1e-95ca-4396-82c1-c34de41a8851/OnTime-front/test/presentation/calendar/screens/calendar_screen_test.dart: calendar header arrows move the visible month
00:16 +559: /Users/ejunpark/.codex/worktrees/1f98bd1e-95ca-4396-82c1-c34de41a8851/OnTime-front/test/presentation/calendar/screens/calendar_screen_test.dart: calendar header arrows move the visible month
00:16 +560: /Users/ejunpark/.codex/worktrees/1f98bd1e-95ca-4396-82c1-c34de41a8851/OnTime-front/test/presentation/calendar/screens/calendar_screen_test.dart: calendar header arrows move the visible month
00:16 +561: /Users/ejunpark/.codex/worktrees/1f98bd1e-95ca-4396-82c1-c34de41a8851/OnTime-front/test/presentation/calendar/screens/calendar_screen_test.dart: calendar header arrows move the visible month
00:16 +562: /Users/ejunpark/.codex/worktrees/1f98bd1e-95ca-4396-82c1-c34de41a8851/OnTime-front/test/presentation/app/bloc/schedule/schedule_bloc_test.dart: ScheduleBloc preparation runtime flow new upcoming schedule cancels old timer and tracks latest schedule
00:16 +563: /Users/ejunpark/.codex/worktrees/1f98bd1e-95ca-4396-82c1-c34de41a8851/OnTime-front/test/presentation/app/bloc/schedule/schedule_bloc_test.dart: ScheduleBloc preparation runtime flow new upcoming schedule cancels old timer and tracks latest schedule
00:16 +564: /Users/ejunpark/.codex/worktrees/1f98bd1e-95ca-4396-82c1-c34de41a8851/OnTime-front/test/presentation/app/bloc/schedule/schedule_bloc_test.dart: ScheduleBloc preparation runtime flow new upcoming schedule cancels old timer and tracks latest schedule
00:16 +565: /Users/ejunpark/.codex/worktrees/1f98bd1e-95ca-4396-82c1-c34de41a8851/OnTime-front/test/presentation/app/bloc/schedule/schedule_bloc_test.dart: ScheduleBloc preparation runtime flow new upcoming schedule cancels old timer and tracks latest schedule
00:16 +566: /Users/ejunpark/.codex/worktrees/1f98bd1e-95ca-4396-82c1-c34de41a8851/OnTime-front/test/presentation/app/bloc/schedule/schedule_bloc_test.dart: ScheduleBloc preparation runtime flow new upcoming schedule cancels old timer and tracks latest schedule
00:16 +567: /Users/ejunpark/.codex/worktrees/1f98bd1e-95ca-4396-82c1-c34de41a8851/OnTime-front/test/presentation/calendar/screens/calendar_screen_test.dart: saved create sheet refreshes the selected calendar date
00:16 +568: /Users/ejunpark/.codex/worktrees/1f98bd1e-95ca-4396-82c1-c34de41a8851/OnTime-front/test/presentation/calendar/screens/calendar_screen_test.dart: saved create sheet refreshes the selected calendar date
00:16 +569: /Users/ejunpark/.codex/worktrees/1f98bd1e-95ca-4396-82c1-c34de41a8851/OnTime-front/test/presentation/calendar/screens/calendar_screen_test.dart: saved create sheet refreshes the selected calendar date
00:16 +570: /Users/ejunpark/.codex/worktrees/1f98bd1e-95ca-4396-82c1-c34de41a8851/OnTime-front/test/presentation/calendar/screens/calendar_screen_test.dart: saved create sheet refreshes the selected calendar date
00:16 +571: /Users/ejunpark/.codex/worktrees/1f98bd1e-95ca-4396-82c1-c34de41a8851/OnTime-front/test/presentation/app/bloc/schedule/schedule_bloc_test.dart: ScheduleBloc preparation runtime flow future upcoming schedule stops active preparation timer
00:16 +572: /Users/ejunpark/.codex/worktrees/1f98bd1e-95ca-4396-82c1-c34de41a8851/OnTime-front/test/presentation/app/bloc/schedule/schedule_bloc_test.dart: ScheduleBloc preparation runtime flow future upcoming schedule stops active preparation timer
00:17 +573: /Users/ejunpark/.codex/worktrees/1f98bd1e-95ca-4396-82c1-c34de41a8851/OnTime-front/test/presentation/app/bloc/schedule/schedule_bloc_test.dart: ScheduleBloc preparation runtime flow future upcoming schedule stops active preparation timer
00:17 +574: /Users/ejunpark/.codex/worktrees/1f98bd1e-95ca-4396-82c1-c34de41a8851/OnTime-front/test/presentation/app/bloc/schedule/schedule_bloc_test.dart: ScheduleBloc preparation runtime flow future upcoming schedule stops active preparation timer
00:17 +575: /Users/ejunpark/.codex/worktrees/1f98bd1e-95ca-4396-82c1-c34de41a8851/OnTime-front/test/presentation/app/bloc/schedule/schedule_bloc_test.dart: ScheduleBloc preparation runtime flow future upcoming schedule stops active preparation timer
00:17 +576: /Users/ejunpark/.codex/worktrees/1f98bd1e-95ca-4396-82c1-c34de41a8851/OnTime-front/test/presentation/app/bloc/schedule/schedule_bloc_test.dart: ScheduleBloc preparation runtime flow future upcoming schedule stops active preparation timer
00:17 +577: /Users/ejunpark/.codex/worktrees/1f98bd1e-95ca-4396-82c1-c34de41a8851/OnTime-front/test/presentation/app/bloc/schedule/schedule_bloc_test.dart: ScheduleBloc preparation runtime flow future upcoming schedule stops active preparation timer
00:17 +578: /Users/ejunpark/.codex/worktrees/1f98bd1e-95ca-4396-82c1-c34de41a8851/OnTime-front/test/presentation/app/bloc/schedule/schedule_bloc_test.dart: ScheduleBloc preparation runtime flow future upcoming schedule stops active preparation timer
00:17 +579: /Users/ejunpark/.codex/worktrees/1f98bd1e-95ca-4396-82c1-c34de41a8851/OnTime-front/test/presentation/app/bloc/schedule/schedule_bloc_test.dart: ScheduleBloc preparation runtime flow future upcoming schedule stops active preparation timer
00:17 +580: /Users/ejunpark/.codex/worktrees/1f98bd1e-95ca-4396-82c1-c34de41a8851/OnTime-front/test/presentation/app/bloc/schedule/schedule_bloc_test.dart: ScheduleBloc preparation runtime flow future upcoming schedule stops active preparation timer
00:17 +581: /Users/ejunpark/.codex/worktrees/1f98bd1e-95ca-4396-82c1-c34de41a8851/OnTime-front/test/presentation/app/bloc/schedule/schedule_bloc_test.dart: ScheduleBloc preparation runtime flow future upcoming schedule stops active preparation timer
00:17 +582: /Users/ejunpark/.codex/worktrees/1f98bd1e-95ca-4396-82c1-c34de41a8851/OnTime-front/test/presentation/app/bloc/schedule/schedule_bloc_test.dart: ScheduleBloc preparation runtime flow future upcoming schedule stops active preparation timer
00:17 +583: /Users/ejunpark/.codex/worktrees/1f98bd1e-95ca-4396-82c1-c34de41a8851/OnTime-front/test/presentation/app/bloc/schedule/schedule_bloc_test.dart: ScheduleBloc preparation runtime flow future upcoming schedule stops active preparation timer
00:17 +584: /Users/ejunpark/.codex/worktrees/1f98bd1e-95ca-4396-82c1-c34de41a8851/OnTime-front/test/presentation/app/bloc/schedule/schedule_bloc_test.dart: ScheduleBloc preparation runtime flow future upcoming schedule stops active preparation timer
00:17 +585: /Users/ejunpark/.codex/worktrees/1f98bd1e-95ca-4396-82c1-c34de41a8851/OnTime-front/test/presentation/app/bloc/schedule/schedule_bloc_test.dart: ScheduleBloc preparation runtime flow future upcoming schedule stops active preparation timer
00:17 +586: /Users/ejunpark/.codex/worktrees/1f98bd1e-95ca-4396-82c1-c34de41a8851/OnTime-front/test/presentation/app/bloc/schedule/schedule_bloc_test.dart: ScheduleBloc preparation runtime flow future upcoming schedule stops active preparation timer
00:17 +587: /Users/ejunpark/.codex/worktrees/1f98bd1e-95ca-4396-82c1-c34de41a8851/OnTime-front/test/presentation/app/bloc/schedule/schedule_bloc_test.dart: ScheduleBloc preparation runtime flow future upcoming schedule stops active preparation timer
00:17 +588: /Users/ejunpark/.codex/worktrees/1f98bd1e-95ca-4396-82c1-c34de41a8851/OnTime-front/test/presentation/shared/components/custom_alert_dialog_test.dart: renders title, content, and actions with configured spacing
00:18 +589: /Users/ejunpark/.codex/worktrees/1f98bd1e-95ca-4396-82c1-c34de41a8851/OnTime-front/test/presentation/shared/components/custom_alert_dialog_test.dart: renders title, content, and actions with configured spacing
00:18 +590: /Users/ejunpark/.codex/worktrees/1f98bd1e-95ca-4396-82c1-c34de41a8851/OnTime-front/test/presentation/shared/components/custom_alert_dialog_test.dart: renders title, content, and actions with configured spacing
00:18 +591: /Users/ejunpark/.codex/worktrees/1f98bd1e-95ca-4396-82c1-c34de41a8851/OnTime-front/test/presentation/shared/components/custom_alert_dialog_test.dart: renders title, content, and actions with configured spacing
00:18 +592: /Users/ejunpark/.codex/worktrees/1f98bd1e-95ca-4396-82c1-c34de41a8851/OnTime-front/test/presentation/shared/components/custom_alert_dialog_test.dart: renders title, content, and actions with configured spacing
00:18 +593: /Users/ejunpark/.codex/worktrees/1f98bd1e-95ca-4396-82c1-c34de41a8851/OnTime-front/test/presentation/shared/components/custom_alert_dialog_test.dart: renders title, content, and actions with configured spacing
00:18 +594: /Users/ejunpark/.codex/worktrees/1f98bd1e-95ca-4396-82c1-c34de41a8851/OnTime-front/test/presentation/shared/components/custom_alert_dialog_test.dart: renders title, content, and actions with configured spacing
00:18 +595: /Users/ejunpark/.codex/worktrees/1f98bd1e-95ca-4396-82c1-c34de41a8851/OnTime-front/test/presentation/shared/components/custom_alert_dialog_test.dart: renders title, content, and actions with configured spacing
00:18 +596: /Users/ejunpark/.codex/worktrees/1f98bd1e-95ca-4396-82c1-c34de41a8851/OnTime-front/test/presentation/shared/components/custom_alert_dialog_test.dart: renders title, content, and actions with configured spacing
00:18 +597: /Users/ejunpark/.codex/worktrees/1f98bd1e-95ca-4396-82c1-c34de41a8851/OnTime-front/test/presentation/shared/components/custom_alert_dialog_test.dart: renders title, content, and actions with configured spacing
00:18 +598: /Users/ejunpark/.codex/worktrees/1f98bd1e-95ca-4396-82c1-c34de41a8851/OnTime-front/test/presentation/shared/components/custom_alert_dialog_test.dart: renders title, content, and actions with configured spacing
00:18 +599: /Users/ejunpark/.codex/worktrees/1f98bd1e-95ca-4396-82c1-c34de41a8851/OnTime-front/test/presentation/shared/components/custom_alert_dialog_test.dart: renders title, content, and actions with configured spacing
00:18 +600: /Users/ejunpark/.codex/worktrees/1f98bd1e-95ca-4396-82c1-c34de41a8851/OnTime-front/test/presentation/shared/components/custom_alert_dialog_test.dart: renders title, content, and actions with configured spacing
00:18 +601: /Users/ejunpark/.codex/worktrees/1f98bd1e-95ca-4396-82c1-c34de41a8851/OnTime-front/test/presentation/shared/components/custom_alert_dialog_test.dart: renders title, content, and actions with configured spacing
00:18 +602: /Users/ejunpark/.codex/worktrees/1f98bd1e-95ca-4396-82c1-c34de41a8851/OnTime-front/test/presentation/shared/components/two_button_delete_dialog_test.dart: delete dialog wrapper returns false on cancel
00:18 +603: /Users/ejunpark/.codex/worktrees/1f98bd1e-95ca-4396-82c1-c34de41a8851/OnTime-front/test/presentation/shared/components/two_button_delete_dialog_test.dart: delete dialog wrapper returns false on cancel
00:18 +604: /Users/ejunpark/.codex/worktrees/1f98bd1e-95ca-4396-82c1-c34de41a8851/OnTime-front/test/presentation/shared/components/two_button_delete_dialog_test.dart: delete dialog wrapper returns false on cancel
00:18 +605: /Users/ejunpark/.codex/worktrees/1f98bd1e-95ca-4396-82c1-c34de41a8851/OnTime-front/test/presentation/shared/components/two_button_delete_dialog_test.dart: delete dialog wrapper returns false on cancel
00:18 +606: /Users/ejunpark/.codex/worktrees/1f98bd1e-95ca-4396-82c1-c34de41a8851/OnTime-front/test/presentation/shared/components/two_button_delete_dialog_test.dart: delete dialog wrapper returns false on cancel
00:18 +607: /Users/ejunpark/.codex/worktrees/1f98bd1e-95ca-4396-82c1-c34de41a8851/OnTime-front/test/presentation/shared/components/two_button_delete_dialog_test.dart: delete dialog wrapper returns false on cancel
00:18 +608: /Users/ejunpark/.codex/worktrees/1f98bd1e-95ca-4396-82c1-c34de41a8851/OnTime-front/test/presentation/shared/components/modal_wide_button_test.dart: renders destructive fixed button text
00:18 +609: /Users/ejunpark/.codex/worktrees/1f98bd1e-95ca-4396-82c1-c34de41a8851/OnTime-front/test/presentation/shared/components/modal_wide_button_test.dart: renders destructive fixed button text
00:18 +610: /Users/ejunpark/.codex/worktrees/1f98bd1e-95ca-4396-82c1-c34de41a8851/OnTime-front/test/presentation/shared/components/modal_wide_button_test.dart: renders destructive fixed button text
00:18 +611: /Users/ejunpark/.codex/worktrees/1f98bd1e-95ca-4396-82c1-c34de41a8851/OnTime-front/test/presentation/shared/components/cupertino_picker_modal_test.dart: minute picker saves the selected duration and disposes
00:18 +612: /Users/ejunpark/.codex/worktrees/1f98bd1e-95ca-4396-82c1-c34de41a8851/OnTime-front/test/presentation/shared/components/cupertino_picker_modal_test.dart: minute picker saves the selected duration and disposes
00:19 +613: /Users/ejunpark/.codex/worktrees/1f98bd1e-95ca-4396-82c1-c34de41a8851/OnTime-front/test/presentation/shared/arc_indicator_test.dart: ArcIndicator paints background and progress arcs without throwing
00:19 +614: /Users/ejunpark/.codex/worktrees/1f98bd1e-95ca-4396-82c1-c34de41a8851/OnTime-front/test/presentation/shared/components/cupertino_picker_modal_test.dart: minute picker cancel disposes without saving
00:19 +615: /Users/ejunpark/.codex/worktrees/1f98bd1e-95ca-4396-82c1-c34de41a8851/OnTime-front/test/presentation/shared/components/cupertino_picker_modal_test.dart: timer picker saves the initial timer duration
00:19 +616: /Users/ejunpark/.codex/worktrees/1f98bd1e-95ca-4396-82c1-c34de41a8851/OnTime-front/test/presentation/shared/components/cupertino_picker_modal_test.dart: date picker saves the initial date value
00:20 +617: /Users/ejunpark/.codex/worktrees/1f98bd1e-95ca-4396-82c1-c34de41a8851/OnTime-front/test/presentation/shared/theme/tile_style_test.dart: copyWith keeps existing tile style values when not overridden
00:20 +618: /Users/ejunpark/.codex/worktrees/1f98bd1e-95ca-4396-82c1-c34de41a8851/OnTime-front/test/presentation/shared/theme/tile_style_test.dart: lerp interpolates all tile style dimensions
00:20 +619: /Users/ejunpark/.codex/worktrees/1f98bd1e-95ca-4396-82c1-c34de41a8851/OnTime-front/test/presentation/shared/router/app_route_transition_test.dart: standard app route fades and glides into place
00:20 +620: /Users/ejunpark/.codex/worktrees/1f98bd1e-95ca-4396-82c1-c34de41a8851/OnTime-front/test/presentation/shared/router/app_route_transition_test.dart: standard app route fades and glides into place
00:20 +621: /Users/ejunpark/.codex/worktrees/1f98bd1e-95ca-4396-82c1-c34de41a8851/OnTime-front/test/presentation/shared/router/app_route_transition_test.dart: standard app route fades and glides into place
00:20 +622: /Users/ejunpark/.codex/worktrees/1f98bd1e-95ca-4396-82c1-c34de41a8851/OnTime-front/test/presentation/shared/theme/button_and_calendar_theme_test.dart: calendar theme can be derived from build context
00:20 +623: /Users/ejunpark/.codex/worktrees/1f98bd1e-95ca-4396-82c1-c34de41a8851/OnTime-front/test/presentation/shared/theme/button_and_calendar_theme_test.dart: calendar theme can be derived from build context
00:20 +624: /Users/ejunpark/.codex/worktrees/1f98bd1e-95ca-4396-82c1-c34de41a8851/OnTime-front/test/presentation/shared/theme/button_and_calendar_theme_test.dart: calendar theme can be derived from build context
00:20 +625: /Users/ejunpark/.codex/worktrees/1f98bd1e-95ca-4396-82c1-c34de41a8851/OnTime-front/test/presentation/shared/theme/button_and_calendar_theme_test.dart: (tearDownAll)
00:20 +625: /Users/ejunpark/.codex/worktrees/1f98bd1e-95ca-4396-82c1-c34de41a8851/OnTime-front/test/presentation/shared/router/notification_launch_widget_test.dart: (setUpAll)
00:20 +625: /Users/ejunpark/.codex/worktrees/1f98bd1e-95ca-4396-82c1-c34de41a8851/OnTime-front/test/presentation/shared/router/notification_launch_widget_test.dart: production router gates, exact target, dedupe and retap from old B at 390.0
00:20 +626: /Users/ejunpark/.codex/worktrees/1f98bd1e-95ca-4396-82c1-c34de41a8851/OnTime-front/test/presentation/shared/router/notification_launch_widget_test.dart: production router gates, exact target, dedupe and retap from old B at 390.0
00:21 +627: /Users/ejunpark/.codex/worktrees/1f98bd1e-95ca-4396-82c1-c34de41a8851/OnTime-front/test/presentation/shared/router/notification_launch_widget_test.dart: production router gates, exact target, dedupe and retap from old B at 390.0
00:21 +628: /Users/ejunpark/.codex/worktrees/1f98bd1e-95ca-4396-82c1-c34de41a8851/OnTime-front/test/presentation/shared/router/notification_launch_widget_test.dart: production router gates, exact target, dedupe and retap from old B at 390.0
00:21 +629: /Users/ejunpark/.codex/worktrees/1f98bd1e-95ca-4396-82c1-c34de41a8851/OnTime-front/test/presentation/shared/router/notification_launch_widget_test.dart: production router gates, exact target, dedupe and retap from old B at 390.0
00:21 +630: /Users/ejunpark/.codex/worktrees/1f98bd1e-95ca-4396-82c1-c34de41a8851/OnTime-front/test/presentation/shared/router/notification_launch_widget_test.dart: production router gates, exact target, dedupe and retap from old B at 390.0
00:21 +631: /Users/ejunpark/.codex/worktrees/1f98bd1e-95ca-4396-82c1-c34de41a8851/OnTime-front/test/presentation/shared/router/notification_launch_widget_test.dart: production router gates, exact target, dedupe and retap from old B at 390.0
00:21 +632: /Users/ejunpark/.codex/worktrees/1f98bd1e-95ca-4396-82c1-c34de41a8851/OnTime-front/test/presentation/shared/router/notification_launch_widget_test.dart: production router gates, exact target, dedupe and retap from old B at 390.0
00:21 +633: /Users/ejunpark/.codex/worktrees/1f98bd1e-95ca-4396-82c1-c34de41a8851/OnTime-front/test/presentation/shared/router/notification_launch_widget_test.dart: production router gates, exact target, dedupe and retap from old B at 390.0
00:21 +634: /Users/ejunpark/.codex/worktrees/1f98bd1e-95ca-4396-82c1-c34de41a8851/OnTime-front/test/presentation/shared/router/notification_launch_widget_test.dart: production router gates, exact target, dedupe and retap from old B at 390.0
00:21 +635: /Users/ejunpark/.codex/worktrees/1f98bd1e-95ca-4396-82c1-c34de41a8851/OnTime-front/test/presentation/shared/router/notification_launch_widget_test.dart: production router gates, exact target, dedupe and retap from old B at 390.0
00:21 +636: /Users/ejunpark/.codex/worktrees/1f98bd1e-95ca-4396-82c1-c34de41a8851/OnTime-front/test/presentation/shared/router/notification_launch_widget_test.dart: production router gates, exact target, dedupe and retap from old B at 390.0
00:21 +637: /Users/ejunpark/.codex/worktrees/1f98bd1e-95ca-4396-82c1-c34de41a8851/OnTime-front/test/presentation/shared/router/notification_launch_widget_test.dart: production router gates, exact target, dedupe and retap from old B at 390.0
00:21 +638: /Users/ejunpark/.codex/worktrees/1f98bd1e-95ca-4396-82c1-c34de41a8851/OnTime-front/test/presentation/shared/router/notification_launch_widget_test.dart: production router gates, exact target, dedupe and retap from old B at 390.0
00:21 +639: /Users/ejunpark/.codex/worktrees/1f98bd1e-95ca-4396-82c1-c34de41a8851/OnTime-front/test/presentation/shared/router/notification_launch_widget_test.dart: production router gates, exact target, dedupe and retap from old B at 390.0
00:22 +640: /Users/ejunpark/.codex/worktrees/1f98bd1e-95ca-4396-82c1-c34de41a8851/OnTime-front/test/presentation/shared/router/notification_launch_widget_test.dart: production router gates, exact target, dedupe and retap from old B at 390.0
00:22 +641: /Users/ejunpark/.codex/worktrees/1f98bd1e-95ca-4396-82c1-c34de41a8851/OnTime-front/test/presentation/shared/router/notification_launch_widget_test.dart: production router gates, exact target, dedupe and retap from old B at 390.0
00:22 +642: /Users/ejunpark/.codex/worktrees/1f98bd1e-95ca-4396-82c1-c34de41a8851/OnTime-front/test/presentation/shared/router/notification_launch_widget_test.dart: production router gates, exact target, dedupe and retap from old B at 390.0
00:22 +643: /Users/ejunpark/.codex/worktrees/1f98bd1e-95ca-4396-82c1-c34de41a8851/OnTime-front/test/presentation/shared/router/notification_launch_widget_test.dart: production router gates, exact target, dedupe and retap from old B at 390.0
00:22 +644: /Users/ejunpark/.codex/worktrees/1f98bd1e-95ca-4396-82c1-c34de41a8851/OnTime-front/test/presentation/shared/router/notification_launch_widget_test.dart: production router gates, exact target, dedupe and retap from old B at 390.0
00:22 +645: /Users/ejunpark/.codex/worktrees/1f98bd1e-95ca-4396-82c1-c34de41a8851/OnTime-front/test/presentation/shared/router/notification_launch_widget_test.dart: production router gates, exact target, dedupe and retap from old B at 390.0
00:22 +646: /Users/ejunpark/.codex/worktrees/1f98bd1e-95ca-4396-82c1-c34de41a8851/OnTime-front/test/presentation/shared/router/notification_launch_widget_test.dart: production router gates, exact target, dedupe and retap from old B at 390.0
00:22 +647: /Users/ejunpark/.codex/worktrees/1f98bd1e-95ca-4396-82c1-c34de41a8851/OnTime-front/test/presentation/shared/router/notification_launch_widget_test.dart: production router gates, exact target, dedupe and retap from old B at 390.0
00:22 +648: /Users/ejunpark/.codex/worktrees/1f98bd1e-95ca-4396-82c1-c34de41a8851/OnTime-front/test/presentation/shared/router/notification_launch_widget_test.dart: production router gates, exact target, dedupe and retap from old B at 390.0
00:22 +649: /Users/ejunpark/.codex/worktrees/1f98bd1e-95ca-4396-82c1-c34de41a8851/OnTime-front/test/presentation/my_page/my_data_export_test.dart: 암호화 백업 내보내기 password cancel disposes only after exit transition
00:22 +650: /Users/ejunpark/.codex/worktrees/1f98bd1e-95ca-4396-82c1-c34de41a8851/OnTime-front/test/presentation/my_page/my_data_export_test.dart: 암호화 백업 내보내기 password cancel disposes only after exit transition
00:22 +651: /Users/ejunpark/.codex/worktrees/1f98bd1e-95ca-4396-82c1-c34de41a8851/OnTime-front/test/presentation/my_page/my_page_screen_test.dart: shows only local data and device settings
00:23 +652: /Users/ejunpark/.codex/worktrees/1f98bd1e-95ca-4396-82c1-c34de41a8851/OnTime-front/test/presentation/shared/router/notification_launch_widget_test.dart: production router gates, exact target, dedupe and retap from old old at 390.0
00:23 +653: /Users/ejunpark/.codex/worktrees/1f98bd1e-95ca-4396-82c1-c34de41a8851/OnTime-front/test/presentation/shared/router/notification_launch_widget_test.dart: production router gates, exact target, dedupe and retap from old old at 390.0
00:23 +654: /Users/ejunpark/.codex/worktrees/1f98bd1e-95ca-4396-82c1-c34de41a8851/OnTime-front/test/presentation/shared/router/notification_launch_widget_test.dart: production router gates, exact target, dedupe and retap from old old at 390.0
00:23 +655: /Users/ejunpark/.codex/worktrees/1f98bd1e-95ca-4396-82c1-c34de41a8851/OnTime-front/test/presentation/shared/router/notification_launch_widget_test.dart: production router gates, exact target, dedupe and retap from old old at 390.0
00:23 +656: /Users/ejunpark/.codex/worktrees/1f98bd1e-95ca-4396-82c1-c34de41a8851/OnTime-front/test/presentation/shared/router/notification_launch_widget_test.dart: production router gates, exact target, dedupe and retap from old old at 390.0
00:23 +657: /Users/ejunpark/.codex/worktrees/1f98bd1e-95ca-4396-82c1-c34de41a8851/OnTime-front/test/presentation/shared/router/notification_launch_widget_test.dart: production router gates, exact target, dedupe and retap from old old at 390.0
00:23 +658: /Users/ejunpark/.codex/worktrees/1f98bd1e-95ca-4396-82c1-c34de41a8851/OnTime-front/test/presentation/shared/router/notification_launch_widget_test.dart: production router gates, exact target, dedupe and retap from old old at 390.0
00:23 +659: /Users/ejunpark/.codex/worktrees/1f98bd1e-95ca-4396-82c1-c34de41a8851/OnTime-front/test/presentation/shared/router/notification_launch_widget_test.dart: production router gates, exact target, dedupe and retap from old old at 390.0
00:23 +660: /Users/ejunpark/.codex/worktrees/1f98bd1e-95ca-4396-82c1-c34de41a8851/OnTime-front/test/presentation/shared/router/notification_launch_widget_test.dart: production router gates, exact target, dedupe and retap from old old at 390.0
00:23 +661: /Users/ejunpark/.codex/worktrees/1f98bd1e-95ca-4396-82c1-c34de41a8851/OnTime-front/test/presentation/shared/router/notification_launch_widget_test.dart: production router gates, exact target, dedupe and retap from old old at 390.0
00:23 +662: /Users/ejunpark/.codex/worktrees/1f98bd1e-95ca-4396-82c1-c34de41a8851/OnTime-front/test/presentation/shared/router/notification_launch_widget_test.dart: production router gates, exact target, dedupe and retap from old old at 390.0
00:23 +663: /Users/ejunpark/.codex/worktrees/1f98bd1e-95ca-4396-82c1-c34de41a8851/OnTime-front/test/presentation/shared/router/notification_launch_widget_test.dart: production router gates, exact target, dedupe and retap from old old at 390.0
00:23 +664: /Users/ejunpark/.codex/worktrees/1f98bd1e-95ca-4396-82c1-c34de41a8851/OnTime-front/test/presentation/shared/router/notification_launch_widget_test.dart: production router gates, exact target, dedupe and retap from old old at 390.0
00:23 +665: /Users/ejunpark/.codex/worktrees/1f98bd1e-95ca-4396-82c1-c34de41a8851/OnTime-front/test/presentation/shared/router/notification_launch_widget_test.dart: production router gates, exact target, dedupe and retap from old old at 390.0
00:23 +666: /Users/ejunpark/.codex/worktrees/1f98bd1e-95ca-4396-82c1-c34de41a8851/OnTime-front/test/presentation/shared/router/notification_launch_widget_test.dart: production router gates, exact target, dedupe and retap from old old at 390.0
00:23 +667: /Users/ejunpark/.codex/worktrees/1f98bd1e-95ca-4396-82c1-c34de41a8851/OnTime-front/test/presentation/my_page/my_data_restore_test.dart: validated preview cancellation never applies backup
00:23 +668: /Users/ejunpark/.codex/worktrees/1f98bd1e-95ca-4396-82c1-c34de41a8851/OnTime-front/test/presentation/my_page/my_data_restore_test.dart: validated preview cancellation never applies backup
00:23 +669: /Users/ejunpark/.codex/worktrees/1f98bd1e-95ca-4396-82c1-c34de41a8851/OnTime-front/test/presentation/my_page/my_data_restore_test.dart: validated preview cancellation never applies backup
00:24 +670: /Users/ejunpark/.codex/worktrees/1f98bd1e-95ca-4396-82c1-c34de41a8851/OnTime-front/test/presentation/my_page/my_data_restore_test.dart: validated preview cancellation never applies backup
00:24 +671: /Users/ejunpark/.codex/worktrees/1f98bd1e-95ca-4396-82c1-c34de41a8851/OnTime-front/test/presentation/my_page/my_data_restore_test.dart: validated preview cancellation never applies backup
00:24 +672: /Users/ejunpark/.codex/worktrees/1f98bd1e-95ca-4396-82c1-c34de41a8851/OnTime-front/test/presentation/my_page/my_data_restore_test.dart: validated preview cancellation never applies backup
00:24 +673: /Users/ejunpark/.codex/worktrees/1f98bd1e-95ca-4396-82c1-c34de41a8851/OnTime-front/test/presentation/my_page/my_data_restore_test.dart: validated preview cancellation never applies backup
00:24 +674: /Users/ejunpark/.codex/worktrees/1f98bd1e-95ca-4396-82c1-c34de41a8851/OnTime-front/test/presentation/my_page/my_data_restore_test.dart: validated preview cancellation never applies backup
00:24 +675: /Users/ejunpark/.codex/worktrees/1f98bd1e-95ca-4396-82c1-c34de41a8851/OnTime-front/test/presentation/my_page/my_data_restore_test.dart: validated preview cancellation never applies backup
00:24 +676: /Users/ejunpark/.codex/worktrees/1f98bd1e-95ca-4396-82c1-c34de41a8851/OnTime-front/test/presentation/my_page/my_data_restore_test.dart: validated preview cancellation never applies backup
00:24 +677: /Users/ejunpark/.codex/worktrees/1f98bd1e-95ca-4396-82c1-c34de41a8851/OnTime-front/test/presentation/my_page/my_data_restore_test.dart: validated preview cancellation never applies backup
00:24 +678: /Users/ejunpark/.codex/worktrees/1f98bd1e-95ca-4396-82c1-c34de41a8851/OnTime-front/test/presentation/my_page/my_data_restore_test.dart: validated preview cancellation never applies backup
00:24 +679: /Users/ejunpark/.codex/worktrees/1f98bd1e-95ca-4396-82c1-c34de41a8851/OnTime-front/test/presentation/my_page/my_data_restore_test.dart: validated preview cancellation never applies backup
00:24 +680: /Users/ejunpark/.codex/worktrees/1f98bd1e-95ca-4396-82c1-c34de41a8851/OnTime-front/test/presentation/my_page/my_data_restore_test.dart: validated preview cancellation never applies backup
00:24 +681: /Users/ejunpark/.codex/worktrees/1f98bd1e-95ca-4396-82c1-c34de41a8851/OnTime-front/test/presentation/my_page/my_data_restore_test.dart: validated preview cancellation never applies backup
00:24 +682: /Users/ejunpark/.codex/worktrees/1f98bd1e-95ca-4396-82c1-c34de41a8851/OnTime-front/test/presentation/my_page/my_data_restore_test.dart: validated preview cancellation never applies backup
00:24 +683: /Users/ejunpark/.codex/worktrees/1f98bd1e-95ca-4396-82c1-c34de41a8851/OnTime-front/test/presentation/my_page/my_data_restore_test.dart: validated preview cancellation never applies backup
00:24 +684: /Users/ejunpark/.codex/worktrees/1f98bd1e-95ca-4396-82c1-c34de41a8851/OnTime-front/test/presentation/my_page/my_data_restore_test.dart: validated preview cancellation never applies backup
00:24 +685: /Users/ejunpark/.codex/worktrees/1f98bd1e-95ca-4396-82c1-c34de41a8851/OnTime-front/test/presentation/my_page/my_data_restore_test.dart: validated preview cancellation never applies backup
00:24 +686: /Users/ejunpark/.codex/worktrees/1f98bd1e-95ca-4396-82c1-c34de41a8851/OnTime-front/test/presentation/my_page/my_data_restore_test.dart: validated preview cancellation never applies backup
00:24 +687: /Users/ejunpark/.codex/worktrees/1f98bd1e-95ca-4396-82c1-c34de41a8851/OnTime-front/test/presentation/my_page/my_data_restore_test.dart: validated preview cancellation never applies backup
00:24 +688: /Users/ejunpark/.codex/worktrees/1f98bd1e-95ca-4396-82c1-c34de41a8851/OnTime-front/test/presentation/my_page/my_data_restore_test.dart: validated preview cancellation never applies backup
00:24 +689: /Users/ejunpark/.codex/worktrees/1f98bd1e-95ca-4396-82c1-c34de41a8851/OnTime-front/test/presentation/my_page/my_data_restore_test.dart: validated preview cancellation never applies backup
00:25 +690: /Users/ejunpark/.codex/worktrees/1f98bd1e-95ca-4396-82c1-c34de41a8851/OnTime-front/test/presentation/shared/router/notification_launch_widget_test.dart: production router gates, exact target, dedupe and retap from old old at 430.0
00:25 +691: /Users/ejunpark/.codex/worktrees/1f98bd1e-95ca-4396-82c1-c34de41a8851/OnTime-front/test/presentation/alarm/screens/preparation_flow_widget_test.dart: Preparation flow widgets official start prompt uses one action and opens alarm
00:25 +692: /Users/ejunpark/.codex/worktrees/1f98bd1e-95ca-4396-82c1-c34de41a8851/OnTime-front/test/presentation/alarm/screens/preparation_flow_widget_test.dart: Preparation flow widgets official start prompt uses one action and opens alarm
00:25 +693: /Users/ejunpark/.codex/worktrees/1f98bd1e-95ca-4396-82c1-c34de41a8851/OnTime-front/test/presentation/my_page/my_data_restore_test.dart: invalid selected file reports failure and permits another attempt
00:25 +694: /Users/ejunpark/.codex/worktrees/1f98bd1e-95ca-4396-82c1-c34de41a8851/OnTime-front/test/presentation/my_page/my_data_restore_test.dart: invalid selected file reports failure and permits another attempt
00:25 +695: /Users/ejunpark/.codex/worktrees/1f98bd1e-95ca-4396-82c1-c34de41a8851/OnTime-front/test/presentation/my_page/my_data_restore_test.dart: invalid selected file reports failure and permits another attempt
00:25 +696: /Users/ejunpark/.codex/worktrees/1f98bd1e-95ca-4396-82c1-c34de41a8851/OnTime-front/test/presentation/alarm/components/preparation_step_list_widget_test.dart: renders ordered preparation steps and wires skip action
00:25 +697: /Users/ejunpark/.codex/worktrees/1f98bd1e-95ca-4396-82c1-c34de41a8851/OnTime-front/test/presentation/alarm/components/preparation_step_list_widget_test.dart: renders ordered preparation steps and wires skip action
00:25 +698: /Users/ejunpark/.codex/worktrees/1f98bd1e-95ca-4396-82c1-c34de41a8851/OnTime-front/test/presentation/alarm/components/preparation_step_list_widget_test.dart: renders ordered preparation steps and wires skip action
00:25 +699: /Users/ejunpark/.codex/worktrees/1f98bd1e-95ca-4396-82c1-c34de41a8851/OnTime-front/test/presentation/alarm/components/preparation_step_list_widget_test.dart: renders ordered preparation steps and wires skip action
00:25 +700: /Users/ejunpark/.codex/worktrees/1f98bd1e-95ca-4396-82c1-c34de41a8851/OnTime-front/test/presentation/alarm/components/preparation_step_list_widget_test.dart: renders ordered preparation steps and wires skip action
00:26 +701: /Users/ejunpark/.codex/worktrees/1f98bd1e-95ca-4396-82c1-c34de41a8851/OnTime-front/test/presentation/alarm/components/preparation_step_list_widget_test.dart: renders ordered preparation steps and wires skip action
00:26 +702: /Users/ejunpark/.codex/worktrees/1f98bd1e-95ca-4396-82c1-c34de41a8851/OnTime-front/test/presentation/alarm/components/preparation_step_list_widget_test.dart: renders ordered preparation steps and wires skip action
00:26 +703: /Users/ejunpark/.codex/worktrees/1f98bd1e-95ca-4396-82c1-c34de41a8851/OnTime-front/test/presentation/startup/local_reset_recovery_test.dart: pre-DI reset failure exposes retry without constructing the normal app
00:26 +704: /Users/ejunpark/.codex/worktrees/1f98bd1e-95ca-4396-82c1-c34de41a8851/OnTime-front/test/presentation/startup/local_reset_recovery_test.dart: pre-DI reset failure exposes retry without constructing the normal app
00:26 +705: /Users/ejunpark/.codex/worktrees/1f98bd1e-95ca-4396-82c1-c34de41a8851/OnTime-front/test/presentation/startup/local_reset_recovery_test.dart: pre-DI reset failure exposes retry without constructing the normal app
00:26 +706: /Users/ejunpark/.codex/worktrees/1f98bd1e-95ca-4396-82c1-c34de41a8851/OnTime-front/test/presentation/startup/local_reset_recovery_test.dart: pre-DI reset failure exposes retry without constructing the normal app
00:26 +707: /Users/ejunpark/.codex/worktrees/1f98bd1e-95ca-4396-82c1-c34de41a8851/OnTime-front/test/presentation/startup/local_reset_recovery_test.dart: pre-DI reset failure exposes retry without constructing the normal app
00:26 +708: /Users/ejunpark/.codex/worktrees/1f98bd1e-95ca-4396-82c1-c34de41a8851/OnTime-front/test/presentation/alarm_allow/alarm_allow_screen_test.dart: shows English precise notification permission rationale
00:26 +709: /Users/ejunpark/.codex/worktrees/1f98bd1e-95ca-4396-82c1-c34de41a8851/OnTime-front/test/presentation/alarm_allow/alarm_allow_screen_test.dart: shows English precise notification permission rationale
00:26 +710: /Users/ejunpark/.codex/worktrees/1f98bd1e-95ca-4396-82c1-c34de41a8851/OnTime-front/test/presentation/alarm_allow/alarm_allow_screen_test.dart: shows English precise notification permission rationale
00:26 +711: /Users/ejunpark/.codex/worktrees/1f98bd1e-95ca-4396-82c1-c34de41a8851/OnTime-front/test/presentation/alarm_allow/alarm_allow_screen_test.dart: shows English precise notification permission rationale
00:26 +712: /Users/ejunpark/.codex/worktrees/1f98bd1e-95ca-4396-82c1-c34de41a8851/OnTime-front/test/presentation/alarm_allow/alarm_allow_screen_test.dart: shows English precise notification permission rationale
00:26 +713: /Users/ejunpark/.codex/worktrees/1f98bd1e-95ca-4396-82c1-c34de41a8851/OnTime-front/test/presentation/alarm_allow/alarm_allow_screen_test.dart: shows English precise notification permission rationale
00:26 +714: /Users/ejunpark/.codex/worktrees/1f98bd1e-95ca-4396-82c1-c34de41a8851/OnTime-front/test/presentation/alarm_allow/alarm_allow_screen_test.dart: shows English precise notification permission rationale
00:26 +715: /Users/ejunpark/.codex/worktrees/1f98bd1e-95ca-4396-82c1-c34de41a8851/OnTime-front/test/presentation/alarm_allow/alarm_allow_screen_test.dart: shows English precise notification permission rationale
00:26 +716: /Users/ejunpark/.codex/worktrees/1f98bd1e-95ca-4396-82c1-c34de41a8851/OnTime-front/test/presentation/alarm_allow/alarm_allow_screen_test.dart: shows English precise notification permission rationale
00:26 +717: /Users/ejunpark/.codex/worktrees/1f98bd1e-95ca-4396-82c1-c34de41a8851/OnTime-front/test/presentation/alarm/screens/preparation_flow_widget_test.dart: Preparation flow widgets active alarm close button navigates home without confirmation
00:26 +718: /Users/ejunpark/.codex/worktrees/1f98bd1e-95ca-4396-82c1-c34de41a8851/OnTime-front/test/presentation/alarm/screens/preparation_flow_widget_test.dart: Preparation flow widgets active alarm close button navigates home without confirmation
00:26 +719: /Users/ejunpark/.codex/worktrees/1f98bd1e-95ca-4396-82c1-c34de41a8851/OnTime-front/test/presentation/alarm_allow/alarm_allow_screen_test.dart: granted Android notification permission enables notifications
00:26 +720: /Users/ejunpark/.codex/worktrees/1f98bd1e-95ca-4396-82c1-c34de41a8851/OnTime-front/test/presentation/alarm_allow/alarm_allow_screen_test.dart: granted Android notification permission enables notifications
00:26 +721: /Users/ejunpark/.codex/worktrees/1f98bd1e-95ca-4396-82c1-c34de41a8851/OnTime-front/test/presentation/alarm_allow/alarm_allow_screen_test.dart: granted Android notification permission enables notifications
00:26 +722: /Users/ejunpark/.codex/worktrees/1f98bd1e-95ca-4396-82c1-c34de41a8851/OnTime-front/test/presentation/alarm/screens/preparation_flow_widget_test.dart: Preparation flow widgets manual finish after leave threshold sends positive lateness
00:26 +723: /Users/ejunpark/.codex/worktrees/1f98bd1e-95ca-4396-82c1-c34de41a8851/OnTime-front/test/presentation/alarm/screens/preparation_flow_widget_test.dart: Preparation flow widgets manual finish after leave threshold sends positive lateness
00:26 +724: /Users/ejunpark/.codex/worktrees/1f98bd1e-95ca-4396-82c1-c34de41a8851/OnTime-front/test/presentation/alarm_allow/alarm_allow_screen_test.dart: dismiss keeps notification delivery when fallback is available
00:26 +725: /Users/ejunpark/.codex/worktrees/1f98bd1e-95ca-4396-82c1-c34de41a8851/OnTime-front/test/presentation/alarm/screens/preparation_flow_widget_test.dart: Preparation flow widgets completion dialog continue shows live leave countdown for ongoing flow
00:26 +726: /Users/ejunpark/.codex/worktrees/1f98bd1e-95ca-4396-82c1-c34de41a8851/OnTime-front/test/presentation/onboarding/screens/onboarding_screen_test.dart: start screen enters the entirely local onboarding flow
00:26 +727: /Users/ejunpark/.codex/worktrees/1f98bd1e-95ca-4396-82c1-c34de41a8851/OnTime-front/test/presentation/onboarding/screens/onboarding_screen_test.dart: start screen enters the entirely local onboarding flow
00:26 +728: /Users/ejunpark/.codex/worktrees/1f98bd1e-95ca-4396-82c1-c34de41a8851/OnTime-front/test/presentation/onboarding/screens/onboarding_screen_test.dart: start screen enters the entirely local onboarding flow
00:27 +729: /Users/ejunpark/.codex/worktrees/1f98bd1e-95ca-4396-82c1-c34de41a8851/OnTime-front/test/presentation/onboarding/screens/onboarding_screen_test.dart: start screen enters the entirely local onboarding flow
00:27 +730: /Users/ejunpark/.codex/worktrees/1f98bd1e-95ca-4396-82c1-c34de41a8851/OnTime-front/test/presentation/onboarding/screens/onboarding_screen_test.dart: start screen enters the entirely local onboarding flow
00:27 +731: /Users/ejunpark/.codex/worktrees/1f98bd1e-95ca-4396-82c1-c34de41a8851/OnTime-front/test/presentation/onboarding/screens/onboarding_screen_test.dart: start screen enters the entirely local onboarding flow
00:27 +732: /Users/ejunpark/.codex/worktrees/1f98bd1e-95ca-4396-82c1-c34de41a8851/OnTime-front/test/presentation/onboarding/screens/onboarding_screen_test.dart: start screen enters the entirely local onboarding flow
00:27 +733: /Users/ejunpark/.codex/worktrees/1f98bd1e-95ca-4396-82c1-c34de41a8851/OnTime-front/test/presentation/recurring/recurring_screens_test.dart: weekly settings support multiple weekdays and positive count without yearly option
00:27 +734: /Users/ejunpark/.codex/worktrees/1f98bd1e-95ca-4396-82c1-c34de41a8851/OnTime-front/test/presentation/recurring/recurring_screens_test.dart: weekly settings support multiple weekdays and positive count without yearly option
00:27 +735: /Users/ejunpark/.codex/worktrees/1f98bd1e-95ca-4396-82c1-c34de41a8851/OnTime-front/test/presentation/recurring/recurring_screens_test.dart: weekly settings support multiple weekdays and positive count without yearly option
00:27 +736: /Users/ejunpark/.codex/worktrees/1f98bd1e-95ca-4396-82c1-c34de41a8851/OnTime-front/test/presentation/recurring/recurring_screens_test.dart: weekly settings support multiple weekdays and positive count without yearly option
00:28 +737: /Users/ejunpark/.codex/worktrees/1f98bd1e-95ca-4396-82c1-c34de41a8851/OnTime-front/test/presentation/recurring/recurring_screens_test.dart: weekly settings support multiple weekdays and positive count without yearly option
00:28 +738: /Users/ejunpark/.codex/worktrees/1f98bd1e-95ca-4396-82c1-c34de41a8851/OnTime-front/test/presentation/recurring/recurring_screens_test.dart: weekly settings support multiple weekdays and positive count without yearly option
00:28 +739: /Users/ejunpark/.codex/worktrees/1f98bd1e-95ca-4396-82c1-c34de41a8851/OnTime-front/test/presentation/recurring/recurring_form_integration_test.dart: four-step creation opens recurrence review and saves to the local database
00:28 +740: /Users/ejunpark/.codex/worktrees/1f98bd1e-95ca-4396-82c1-c34de41a8851/OnTime-front/test/presentation/recurring/recurring_form_integration_test.dart: four-step creation opens recurrence review and saves to the local database
00:28 +741: /Users/ejunpark/.codex/worktrees/1f98bd1e-95ca-4396-82c1-c34de41a8851/OnTime-front/test/presentation/recurring/recurring_form_integration_test.dart: four-step creation opens recurrence review and saves to the local database
00:28 +742: /Users/ejunpark/.codex/worktrees/1f98bd1e-95ca-4396-82c1-c34de41a8851/OnTime-front/test/presentation/recurring/recurring_form_integration_test.dart: four-step creation opens recurrence review and saves to the local database
00:28 +743: /Users/ejunpark/.codex/worktrees/1f98bd1e-95ca-4396-82c1-c34de41a8851/OnTime-front/test/presentation/recurring/recurring_form_integration_test.dart: four-step creation opens recurrence review and saves to the local database
00:29 +744: /Users/ejunpark/.codex/worktrees/1f98bd1e-95ca-4396-82c1-c34de41a8851/OnTime-front/test/presentation/schedule_create/schedule_spare_and_preparing_time/screens/schedule_spare_and_preparing_time_form_test.dart: renders preparation and user default spare time
00:29 +745: /Users/ejunpark/.codex/worktrees/1f98bd1e-95ca-4396-82c1-c34de41a8851/OnTime-front/test/presentation/schedule_create/schedule_spare_and_preparing_time/screens/schedule_spare_and_preparing_time_form_test.dart: renders preparation and user default spare time
00:29 +746: /Users/ejunpark/.codex/worktrees/1f98bd1e-95ca-4396-82c1-c34de41a8851/OnTime-front/test/presentation/schedule_create/schedule_spare_and_preparing_time/screens/schedule_spare_and_preparing_time_form_test.dart: renders preparation and user default spare time
00:29 +747: /Users/ejunpark/.codex/worktrees/1f98bd1e-95ca-4396-82c1-c34de41a8851/OnTime-front/test/presentation/schedule_create/schedule_spare_and_preparing_time/screens/schedule_spare_and_preparing_time_form_test.dart: renders preparation and user default spare time
00:29 +748: /Users/ejunpark/.codex/worktrees/1f98bd1e-95ca-4396-82c1-c34de41a8851/OnTime-front/test/presentation/schedule_create/schedule_spare_and_preparing_time/screens/schedule_spare_and_preparing_time_form_test.dart: renders preparation and user default spare time
00:29 +749: /Users/ejunpark/.codex/worktrees/1f98bd1e-95ca-4396-82c1-c34de41a8851/OnTime-front/test/presentation/schedule_create/schedule_spare_and_preparing_time/screens/schedule_spare_and_preparing_time_form_test.dart: renders preparation and user default spare time
00:29 +750: /Users/ejunpark/.codex/worktrees/1f98bd1e-95ca-4396-82c1-c34de41a8851/OnTime-front/test/presentation/schedule_create/schedule_spare_and_preparing_time/screens/schedule_spare_and_preparing_time_form_test.dart: renders preparation and user default spare time
00:29 +751: /Users/ejunpark/.codex/worktrees/1f98bd1e-95ca-4396-82c1-c34de41a8851/OnTime-front/test/presentation/schedule_create/schedule_spare_and_preparing_time/screens/schedule_spare_and_preparing_time_form_test.dart: renders preparation and user default spare time
00:29 +752: /Users/ejunpark/.codex/worktrees/1f98bd1e-95ca-4396-82c1-c34de41a8851/OnTime-front/test/presentation/schedule_create/schedule_spare_and_preparing_time/screens/schedule_spare_and_preparing_time_form_test.dart: renders preparation and user default spare time
00:29 +753: /Users/ejunpark/.codex/worktrees/1f98bd1e-95ca-4396-82c1-c34de41a8851/OnTime-front/test/presentation/schedule_create/schedule_spare_and_preparing_time/screens/schedule_spare_and_preparing_time_form_test.dart: renders preparation and user default spare time
00:29 +754: /Users/ejunpark/.codex/worktrees/1f98bd1e-95ca-4396-82c1-c34de41a8851/OnTime-front/test/presentation/schedule_create/schedule_spare_and_preparing_time/screens/schedule_spare_and_preparing_time_form_test.dart: renders preparation and user default spare time
00:29 +755: /Users/ejunpark/.codex/worktrees/1f98bd1e-95ca-4396-82c1-c34de41a8851/OnTime-front/test/presentation/schedule_create/schedule_spare_and_preparing_time/screens/schedule_spare_and_preparing_time_form_test.dart: renders preparation and user default spare time
00:29 +756: /Users/ejunpark/.codex/worktrees/1f98bd1e-95ca-4396-82c1-c34de41a8851/OnTime-front/test/presentation/schedule_create/schedule_spare_and_preparing_time/screens/schedule_spare_and_preparing_time_form_test.dart: renders preparation and user default spare time
00:29 +757: /Users/ejunpark/.codex/worktrees/1f98bd1e-95ca-4396-82c1-c34de41a8851/OnTime-front/test/presentation/schedule_create/schedule_spare_and_preparing_time/screens/schedule_spare_and_preparing_time_form_test.dart: renders preparation and user default spare time
00:29 +758: /Users/ejunpark/.codex/worktrees/1f98bd1e-95ca-4396-82c1-c34de41a8851/OnTime-front/test/presentation/schedule_create/schedule_spare_and_preparing_time/screens/schedule_spare_and_preparing_time_form_test.dart: renders preparation and user default spare time
00:29 +759: /Users/ejunpark/.codex/worktrees/1f98bd1e-95ca-4396-82c1-c34de41a8851/OnTime-front/test/presentation/schedule_create/schedule_spare_and_preparing_time/screens/schedule_spare_and_preparing_time_form_test.dart: renders preparation and user default spare time
00:29 +760: /Users/ejunpark/.codex/worktrees/1f98bd1e-95ca-4396-82c1-c34de41a8851/OnTime-front/test/presentation/schedule_create/schedule_spare_and_preparing_time/screens/schedule_spare_and_preparing_time_form_test.dart: renders preparation and user default spare time
00:29 +761: /Users/ejunpark/.codex/worktrees/1f98bd1e-95ca-4396-82c1-c34de41a8851/OnTime-front/test/presentation/schedule_create/schedule_spare_and_preparing_time/screens/schedule_spare_and_preparing_time_form_test.dart: renders preparation and user default spare time
00:29 +762: /Users/ejunpark/.codex/worktrees/1f98bd1e-95ca-4396-82c1-c34de41a8851/OnTime-front/test/presentation/schedule_create/schedule_spare_and_preparing_time/screens/schedule_spare_and_preparing_time_form_test.dart: renders preparation and user default spare time
00:29 +763: /Users/ejunpark/.codex/worktrees/1f98bd1e-95ca-4396-82c1-c34de41a8851/OnTime-front/test/presentation/schedule_create/schedule_spare_and_preparing_time/screens/schedule_spare_and_preparing_time_form_test.dart: renders preparation and user default spare time
00:29 +764: /Users/ejunpark/.codex/worktrees/1f98bd1e-95ca-4396-82c1-c34de41a8851/OnTime-front/test/presentation/schedule_create/schedule_spare_and_preparing_time/screens/schedule_spare_and_preparing_time_form_test.dart: renders preparation and user default spare time
00:29 +765: /Users/ejunpark/.codex/worktrees/1f98bd1e-95ca-4396-82c1-c34de41a8851/OnTime-front/test/presentation/recurring/recurring_screens_test.dart: settings and review render at phone width and large text
00:29 +766: /Users/ejunpark/.codex/worktrees/1f98bd1e-95ca-4396-82c1-c34de41a8851/OnTime-front/test/presentation/recurring/recurring_screens_test.dart: settings and review render at phone width and large text
00:29 +767: /Users/ejunpark/.codex/worktrees/1f98bd1e-95ca-4396-82c1-c34de41a8851/OnTime-front/test/presentation/recurring/recurring_screens_test.dart: settings and review render at phone width and large text
00:29 +768: /Users/ejunpark/.codex/worktrees/1f98bd1e-95ca-4396-82c1-c34de41a8851/OnTime-front/test/presentation/recurring/recurring_screens_test.dart: settings and review render at phone width and large text
00:29 +769: /Users/ejunpark/.codex/worktrees/1f98bd1e-95ca-4396-82c1-c34de41a8851/OnTime-front/test/presentation/recurring/recurring_screens_test.dart: settings and review render at phone width and large text
00:29 +770: /Users/ejunpark/.codex/worktrees/1f98bd1e-95ca-4396-82c1-c34de41a8851/OnTime-front/test/presentation/recurring/recurring_screens_test.dart: settings and review render at phone width and large text
00:29 +771: /Users/ejunpark/.codex/worktrees/1f98bd1e-95ca-4396-82c1-c34de41a8851/OnTime-front/test/presentation/schedule_create/schedule_spare_and_preparing_time/screens/schedule_spare_and_preparing_time_form_test.dart: error overlap message names the previous schedule
00:29 +772: /Users/ejunpark/.codex/worktrees/1f98bd1e-95ca-4396-82c1-c34de41a8851/OnTime-front/test/presentation/schedule_create/schedule_spare_and_preparing_time/screens/schedule_spare_and_preparing_time_form_test.dart: saving spare-time picker submits chosen duration
00:29 +773: /Users/ejunpark/.codex/worktrees/1f98bd1e-95ca-4396-82c1-c34de41a8851/OnTime-front/test/presentation/schedule_create/schedule_spare_and_preparing_time/screens/schedule_spare_and_preparing_time_form_test.dart: preparation edit route updates preparation from draft
00:29 +774: /Users/ejunpark/.codex/worktrees/1f98bd1e-95ca-4396-82c1-c34de41a8851/OnTime-front/test/presentation/schedule_create/schedule_time_inputs_cubit_test.dart: place and moving time cubit validates fields and submits to form bloc
00:29 +775: /Users/ejunpark/.codex/worktrees/1f98bd1e-95ca-4396-82c1-c34de41a8851/OnTime-front/test/presentation/schedule_create/schedule_time_inputs_cubit_test.dart: spare time cubit detects overlap and submits spare time
00:30 +776: /Users/ejunpark/.codex/worktrees/1f98bd1e-95ca-4396-82c1-c34de41a8851/OnTime-front/test/presentation/schedule_create/schedule_time_inputs_cubit_test.dart: preparation changes update total time and notify the form bloc
00:30 +777: /Users/ejunpark/.codex/worktrees/1f98bd1e-95ca-4396-82c1-c34de41a8851/OnTime-front/test/presentation/schedule_create/components/keyboard_backed_bottom_sheet_test.dart: fills the bottom safe area while keyboard is hidden
00:30 +778: /Users/ejunpark/.codex/worktrees/1f98bd1e-95ca-4396-82c1-c34de41a8851/OnTime-front/test/presentation/schedule_create/components/keyboard_backed_bottom_sheet_test.dart: paints a white backplate behind the iOS keyboard inset
00:30 +779: /Users/ejunpark/.codex/worktrees/1f98bd1e-95ca-4396-82c1-c34de41a8851/OnTime-front/test/presentation/schedule_create/components/keyboard_backed_bottom_sheet_test.dart: does not add keyboard backplate while keyboard is hidden
00:30 +780: /Users/ejunpark/.codex/worktrees/1f98bd1e-95ca-4396-82c1-c34de41a8851/OnTime-front/test/presentation/schedule_create/components/schedule_multi_page_form_test.dart: final submit does not close sheet immediately while submitting
00:30 +781: /Users/ejunpark/.codex/worktrees/1f98bd1e-95ca-4396-82c1-c34de41a8851/OnTime-front/test/presentation/schedule_create/components/schedule_multi_page_form_test.dart: final submit does not close sheet immediately while submitting
00:30 +782: /Users/ejunpark/.codex/worktrees/1f98bd1e-95ca-4396-82c1-c34de41a8851/OnTime-front/test/presentation/schedule_create/components/schedule_multi_page_form_test.dart: final submit does not close sheet immediately while submitting
00:31 +783: /Users/ejunpark/.codex/worktrees/1f98bd1e-95ca-4396-82c1-c34de41a8851/OnTime-front/test/presentation/schedule_create/components/schedule_multi_page_form_test.dart: final submit does not close sheet immediately while submitting
00:31 +784: /Users/ejunpark/.codex/worktrees/1f98bd1e-95ca-4396-82c1-c34de41a8851/OnTime-front/test/presentation/schedule_create/components/schedule_multi_page_form_test.dart: final submit does not close sheet immediately while submitting
00:31 +785: /Users/ejunpark/.codex/worktrees/1f98bd1e-95ca-4396-82c1-c34de41a8851/OnTime-front/test/presentation/schedule_create/components/schedule_multi_page_form_test.dart: final submit does not close sheet immediately while submitting
00:31 +786: /Users/ejunpark/.codex/worktrees/1f98bd1e-95ca-4396-82c1-c34de41a8851/OnTime-front/test/presentation/schedule_create/components/schedule_multi_page_form_test.dart: final submit does not close sheet immediately while submitting
00:31 +787: /Users/ejunpark/.codex/worktrees/1f98bd1e-95ca-4396-82c1-c34de41a8851/OnTime-front/test/presentation/schedule_create/components/schedule_multi_page_form_test.dart: final submit does not close sheet immediately while submitting
00:31 +788: /Users/ejunpark/.codex/worktrees/1f98bd1e-95ca-4396-82c1-c34de41a8851/OnTime-front/test/presentation/schedule_create/components/schedule_multi_page_form_test.dart: final submit does not close sheet immediately while submitting
00:31 +789: /Users/ejunpark/.codex/worktrees/1f98bd1e-95ca-4396-82c1-c34de41a8851/OnTime-front/test/presentation/schedule_create/components/schedule_multi_page_form_test.dart: final submit does not close sheet immediately while submitting
00:31 +790: /Users/ejunpark/.codex/worktrees/1f98bd1e-95ca-4396-82c1-c34de41a8851/OnTime-front/test/presentation/schedule_create/components/schedule_multi_page_form_test.dart: final submit does not close sheet immediately while submitting
00:31 +791: /Users/ejunpark/.codex/worktrees/1f98bd1e-95ca-4396-82c1-c34de41a8851/OnTime-front/test/presentation/schedule_create/components/schedule_multi_page_form_test.dart: final submit does not close sheet immediately while submitting
00:31 +792: /Users/ejunpark/.codex/worktrees/1f98bd1e-95ca-4396-82c1-c34de41a8851/OnTime-front/test/presentation/schedule_create/components/schedule_multi_page_form_test.dart: final submit does not close sheet immediately while submitting
00:31 +793: /Users/ejunpark/.codex/worktrees/1f98bd1e-95ca-4396-82c1-c34de41a8851/OnTime-front/test/presentation/schedule_create/components/schedule_multi_page_form_test.dart: final submit does not close sheet immediately while submitting
00:31 +794: /Users/ejunpark/.codex/worktrees/1f98bd1e-95ca-4396-82c1-c34de41a8851/OnTime-front/test/presentation/schedule_create/components/schedule_multi_page_form_test.dart: final submit does not close sheet immediately while submitting
00:31 +795: /Users/ejunpark/.codex/worktrees/1f98bd1e-95ca-4396-82c1-c34de41a8851/OnTime-front/test/presentation/schedule_create/components/schedule_multi_page_form_test.dart: final submit does not close sheet immediately while submitting
00:31 +796: /Users/ejunpark/.codex/worktrees/1f98bd1e-95ca-4396-82c1-c34de41a8851/OnTime-front/test/presentation/schedule_create/components/schedule_multi_page_form_test.dart: final submit does not close sheet immediately while submitting
00:31 +797: /Users/ejunpark/.codex/worktrees/1f98bd1e-95ca-4396-82c1-c34de41a8851/OnTime-front/test/presentation/schedule_create/components/schedule_multi_page_form_test.dart: final submit does not close sheet immediately while submitting
00:31 +798: /Users/ejunpark/.codex/worktrees/1f98bd1e-95ca-4396-82c1-c34de41a8851/OnTime-front/test/presentation/schedule_create/schedule_date_time/schedule_date_time_form_test.dart: shows explicit choices for a repeated DST time
00:31 +799: /Users/ejunpark/.codex/worktrees/1f98bd1e-95ca-4396-82c1-c34de41a8851/OnTime-front/test/presentation/schedule_create/components/schedule_multi_page_form_test.dart: create screen initializes form bloc with selected date
00:31 +800: /Users/ejunpark/.codex/worktrees/1f98bd1e-95ca-4396-82c1-c34de41a8851/OnTime-front/test/presentation/schedule_create/components/schedule_multi_page_form_test.dart: edit screen initializes form bloc with requested schedule
00:31 +801: /Users/ejunpark/.codex/worktrees/1f98bd1e-95ca-4396-82c1-c34de41a8851/OnTime-front/test/presentation/schedule_create/preparation_form/preparation_form_reorderable_list_test.dart: reorderable preparation list wires edits to row callbacks
00:32 +802: /Users/ejunpark/.codex/worktrees/1f98bd1e-95ca-4396-82c1-c34de41a8851/OnTime-front/test/presentation/schedule_create/preparation_form/preparation_form_reorderable_list_test.dart: reorderable preparation list wires edits to row callbacks
00:32 +803: /Users/ejunpark/.codex/worktrees/1f98bd1e-95ca-4396-82c1-c34de41a8851/OnTime-front/test/presentation/schedule_create/preparation_form/preparation_form_reorderable_list_test.dart: reorderable preparation list wires edits to row callbacks
00:32 +804: /Users/ejunpark/.codex/worktrees/1f98bd1e-95ca-4396-82c1-c34de41a8851/OnTime-front/test/presentation/schedule_create/preparation_form/preparation_form_reorderable_list_test.dart: reorderable preparation list wires edits to row callbacks
00:32 +805: /Users/ejunpark/.codex/worktrees/1f98bd1e-95ca-4396-82c1-c34de41a8851/OnTime-front/test/presentation/schedule_create/preparation_form/preparation_form_reorderable_list_test.dart: reorderable preparation list wires edits to row callbacks
00:32 +806: /Users/ejunpark/.codex/worktrees/1f98bd1e-95ca-4396-82c1-c34de41a8851/OnTime-front/test/presentation/schedule_create/preparation_form/preparation_form_reorderable_list_test.dart: reorderable preparation list wires edits to row callbacks
00:32 +807: /Users/ejunpark/.codex/worktrees/1f98bd1e-95ca-4396-82c1-c34de41a8851/OnTime-front/test/presentation/schedule_create/preparation_form/preparation_form_reorderable_list_test.dart: reorderable preparation list wires edits to row callbacks
00:32 +808: /Users/ejunpark/.codex/worktrees/1f98bd1e-95ca-4396-82c1-c34de41a8851/OnTime-front/test/presentation/schedule_create/preparation_form/preparation_form_reorderable_list_test.dart: reorderable preparation list wires edits to row callbacks
00:32 +809: /Users/ejunpark/.codex/worktrees/1f98bd1e-95ca-4396-82c1-c34de41a8851/OnTime-front/test/presentation/schedule_create/preparation_form/preparation_form_reorderable_list_test.dart: reorderable preparation list wires edits to row callbacks
00:32 +810: /Users/ejunpark/.codex/worktrees/1f98bd1e-95ca-4396-82c1-c34de41a8851/OnTime-front/test/presentation/schedule_create/preparation_form/preparation_form_reorderable_list_test.dart: reorderable preparation list wires edits to row callbacks
00:33 +811: /Users/ejunpark/.codex/worktrees/1f98bd1e-95ca-4396-82c1-c34de41a8851/OnTime-front/test/presentation/schedule_create/preparation_form/preparation_form_list_field_test.dart: editing a saved preparation step reports name changes and save
00:33 +812: /Users/ejunpark/.codex/worktrees/1f98bd1e-95ca-4396-82c1-c34de41a8851/OnTime-front/test/presentation/schedule_create/preparation_form/preparation_form_list_field_test.dart: editing a saved preparation step reports name changes and save
00:33 +813: /Users/ejunpark/.codex/worktrees/1f98bd1e-95ca-4396-82c1-c34de41a8851/OnTime-front/test/presentation/schedule_create/preparation_form/preparation_form_list_field_test.dart: editing a saved preparation step reports name changes and save
00:33 +814: /Users/ejunpark/.codex/worktrees/1f98bd1e-95ca-4396-82c1-c34de41a8851/OnTime-front/test/presentation/schedule_create/preparation_form/preparation_form_list_field_test.dart: editing a saved preparation step reports name changes and save
00:33 +815: /Users/ejunpark/.codex/worktrees/1f98bd1e-95ca-4396-82c1-c34de41a8851/OnTime-front/test/presentation/schedule_create/preparation_form/preparation_form_list_field_test.dart: editing a saved preparation step reports name changes and save
00:33 +816: /Users/ejunpark/.codex/worktrees/1f98bd1e-95ca-4396-82c1-c34de41a8851/OnTime-front/test/presentation/schedule_create/components/schedule_multi_page_form_test.dart: cancelling date and time pickers keeps next disabled
00:33 +817: /Users/ejunpark/.codex/worktrees/1f98bd1e-95ca-4396-82c1-c34de41a8851/OnTime-front/test/presentation/schedule_create/components/schedule_multi_page_form_test.dart: cancelling date and time pickers keeps next disabled
00:33 +818: /Users/ejunpark/.codex/worktrees/1f98bd1e-95ca-4396-82c1-c34de41a8851/OnTime-front/test/presentation/schedule_create/components/schedule_multi_page_form_test.dart: cancelling date and time pickers keeps next disabled
00:33 +819: /Users/ejunpark/.codex/worktrees/1f98bd1e-95ca-4396-82c1-c34de41a8851/OnTime-front/test/presentation/schedule_create/components/schedule_multi_page_form_test.dart: cancelling date and time pickers keeps next disabled
00:33 +820: /Users/ejunpark/.codex/worktrees/1f98bd1e-95ca-4396-82c1-c34de41a8851/OnTime-front/test/presentation/schedule_create/components/schedule_multi_page_form_test.dart: cancelling date and time pickers keeps next disabled
00:33 +821: /Users/ejunpark/.codex/worktrees/1f98bd1e-95ca-4396-82c1-c34de41a8851/OnTime-front/test/presentation/schedule_create/components/schedule_multi_page_form_test.dart: cancelling date and time pickers keeps next disabled
00:33 +822: /Users/ejunpark/.codex/worktrees/1f98bd1e-95ca-4396-82c1-c34de41a8851/OnTime-front/test/presentation/schedule_create/components/schedule_multi_page_form_test.dart: cancelling date and time pickers keeps next disabled
00:33 +823: /Users/ejunpark/.codex/worktrees/1f98bd1e-95ca-4396-82c1-c34de41a8851/OnTime-front/test/presentation/schedule_create/components/schedule_multi_page_form_test.dart: cancelling date and time pickers keeps next disabled
00:33 +824: /Users/ejunpark/.codex/worktrees/1f98bd1e-95ca-4396-82c1-c34de41a8851/OnTime-front/test/presentation/schedule_create/components/schedule_multi_page_form_test.dart: cancelling date and time pickers keeps next disabled
00:33 +825: /Users/ejunpark/.codex/worktrees/1f98bd1e-95ca-4396-82c1-c34de41a8851/OnTime-front/test/presentation/schedule_create/components/schedule_multi_page_form_test.dart: cancelling date and time pickers keeps next disabled
00:33 +826: /Users/ejunpark/.codex/worktrees/1f98bd1e-95ca-4396-82c1-c34de41a8851/OnTime-front/test/presentation/schedule_create/preparation_form/preparation_form_list_field_test.dart: validation reports too-large preparation time
00:33 +827: /Users/ejunpark/.codex/worktrees/1f98bd1e-95ca-4396-82c1-c34de41a8851/OnTime-front/test/presentation/schedule_create/preparation_form/preparation_form_list_field_test.dart: updates focus listener and field value when row identity changes
00:33 +828: /Users/ejunpark/.codex/worktrees/1f98bd1e-95ca-4396-82c1-c34de41a8851/OnTime-front/test/presentation/schedule_create/preparation_form/preparation_form_list_field_test.dart: row without remove callback renders as a plain editable tile
00:33 +829: All tests passed!
