00:00 +0: loading /Users/ejunpark/.codex/worktrees/1f98bd1e-95ca-4396-82c1-c34de41a8851/OnTime-front/test/repository_structure_test.dart
00:00 +0: /Users/ejunpark/.codex/worktrees/1f98bd1e-95ca-4396-82c1-c34de41a8851/OnTime-front/test/repository_structure_test.dart: repository structure source and test directories do not use .dart suffixes
00:00 +1: /Users/ejunpark/.codex/worktrees/1f98bd1e-95ca-4396-82c1-c34de41a8851/OnTime-front/test/repository_structure_test.dart: repository structure schedule place moving time imports use the folder path
00:00 +2: /Users/ejunpark/.codex/worktrees/1f98bd1e-95ca-4396-82c1-c34de41a8851/OnTime-front/test/core/database/alarm_replacement_integration_test.dart: actual restore waits for late platform completion before replacing database
00:00 +3: /Users/ejunpark/.codex/worktrees/1f98bd1e-95ca-4396-82c1-c34de41a8851/OnTime-front/test/core/database/alarm_replacement_integration_test.dart: actual restore waits for late platform completion before replacing database
00:00 +4: /Users/ejunpark/.codex/worktrees/1f98bd1e-95ca-4396-82c1-c34de41a8851/OnTime-front/test/core/database/alarm_replacement_integration_test.dart: actual restore waits for late platform completion before replacing database
00:00 +5: /Users/ejunpark/.codex/worktrees/1f98bd1e-95ca-4396-82c1-c34de41a8851/OnTime-front/test/core/database/alarm_replacement_integration_test.dart: actual restore waits for late platform completion before replacing database
00:00 +6: /Users/ejunpark/.codex/worktrees/1f98bd1e-95ca-4396-82c1-c34de41a8851/OnTime-front/test/core/database/alarm_replacement_integration_test.dart: actual restore waits for late platform completion before replacing database
00:01 +7: /Users/ejunpark/.codex/worktrees/1f98bd1e-95ca-4396-82c1-c34de41a8851/OnTime-front/test/core/database/alarm_replacement_integration_test.dart: actual restore waits for late platform completion before replacing database
00:01 +8: /Users/ejunpark/.codex/worktrees/1f98bd1e-95ca-4396-82c1-c34de41a8851/OnTime-front/test/core/database/alarm_replacement_integration_test.dart: actual restore waits for late platform completion before replacing database
00:01 +9: /Users/ejunpark/.codex/worktrees/1f98bd1e-95ca-4396-82c1-c34de41a8851/OnTime-front/test/core/database/alarm_replacement_integration_test.dart: actual restore waits for late platform completion before replacing database
00:01 +10: /Users/ejunpark/.codex/worktrees/1f98bd1e-95ca-4396-82c1-c34de41a8851/OnTime-front/test/core/database/alarm_replacement_integration_test.dart: actual restore waits for late platform completion before replacing database
00:01 +10: /Users/ejunpark/.codex/worktrees/1f98bd1e-95ca-4396-82c1-c34de41a8851/OnTime-front/test/core/database/schedule_aggregate_migration_test.dart: frozen schema 1 upgrades atomically and identities survive reopen/upsert
WARNING (drift): It looks like you've created the database class AppDatabase multiple times. When these two databases use the same QueryExecutor, race conditions will occur and might corrupt the database.
Try to follow the advice at https://drift.simonbinder.eu/faq/#using-the-database or, if you know what you're doing, set driftRuntimeOptions.dontWarnAboutMultipleDatabases = true
Here is the stacktrace from when the database was opened a second time:
#0      GeneratedDatabase._handleInstantiated (package:drift/src/runtime/api/db_base.dart:96:30)
#1      GeneratedDatabase._whenConstructed (package:drift/src/runtime/api/db_base.dart:73:12)
#2      new GeneratedDatabase (package:drift/src/runtime/api/db_base.dart:64:5)
#3      new _$AppDatabase (package:on_time_front/core/database/database.g.dart:6499:36)
#4      new AppDatabase.forTesting (package:on_time_front/core/database/database.dart)
#5      main.<anonymous closure> (file:///Users/ejunpark/.codex/worktrees/1f98bd1e-95ca-4396-82c1-c34de41a8851/OnTime-front/test/core/database/schedule_aggregate_migration_test.dart:105:37)
<asynchronous suspension>
#6      Declarer.test.<anonymous closure>.<anonymous closure> (package:test_api/src/backend/declarer.dart:253:15)
<asynchronous suspension>
#7      Declarer.test.<anonymous closure> (package:test_api/src/backend/declarer.dart:250:11)
<asynchronous suspension>
#8      Invoker._waitForOutstandingCallbacks.<anonymous closure> (package:test_api/src/backend/invoker.dart:318:9)
<asynchronous suspension>
This warning will only appear on debug builds.
00:01 +11: /Users/ejunpark/.codex/worktrees/1f98bd1e-95ca-4396-82c1-c34de41a8851/OnTime-front/test/core/database/alarm_replacement_integration_test.dart: actual restore waits for late platform completion before replacing database
00:01 +12: /Users/ejunpark/.codex/worktrees/1f98bd1e-95ca-4396-82c1-c34de41a8851/OnTime-front/test/core/database/alarm_replacement_integration_test.dart: actual restore waits for late platform completion before replacing database
00:01 +12: /Users/ejunpark/.codex/worktrees/1f98bd1e-95ca-4396-82c1-c34de41a8851/OnTime-front/test/core/database/schedule_aggregate_migration_test.dart: frozen schema 2 upgrades atomically and identities survive reopen/upsert
WARNING (drift): It looks like you've created the database class AppDatabase multiple times. When these two databases use the same QueryExecutor, race conditions will occur and might corrupt the database.
Try to follow the advice at https://drift.simonbinder.eu/faq/#using-the-database or, if you know what you're doing, set driftRuntimeOptions.dontWarnAboutMultipleDatabases = true
Here is the stacktrace from when the database was opened a second time:
#0      GeneratedDatabase._handleInstantiated (package:drift/src/runtime/api/db_base.dart:96:30)
#1      GeneratedDatabase._whenConstructed (package:drift/src/runtime/api/db_base.dart:73:12)
#2      new GeneratedDatabase (package:drift/src/runtime/api/db_base.dart:64:5)
#3      new _$AppDatabase (package:on_time_front/core/database/database.g.dart:6499:36)
#4      new AppDatabase.forTesting (package:on_time_front/core/database/database.dart)
#5      main.<anonymous closure> (file:///Users/ejunpark/.codex/worktrees/1f98bd1e-95ca-4396-82c1-c34de41a8851/OnTime-front/test/core/database/schedule_aggregate_migration_test.dart:105:37)
<asynchronous suspension>
#6      Declarer.test.<anonymous closure>.<anonymous closure> (package:test_api/src/backend/declarer.dart:253:15)
<asynchronous suspension>
#7      Declarer.test.<anonymous closure> (package:test_api/src/backend/declarer.dart:250:11)
<asynchronous suspension>
#8      Invoker._waitForOutstandingCallbacks.<anonymous closure> (package:test_api/src/backend/invoker.dart:318:9)
<asynchronous suspension>
This warning will only appear on debug builds.
00:01 +13: /Users/ejunpark/.codex/worktrees/1f98bd1e-95ca-4396-82c1-c34de41a8851/OnTime-front/test/core/database/alarm_replacement_integration_test.dart: actual restore waits for late platform completion before replacing database
00:01 +14: /Users/ejunpark/.codex/worktrees/1f98bd1e-95ca-4396-82c1-c34de41a8851/OnTime-front/test/core/database/alarm_replacement_integration_test.dart: actual restore waits for late platform completion before replacing database
00:01 +15: /Users/ejunpark/.codex/worktrees/1f98bd1e-95ca-4396-82c1-c34de41a8851/OnTime-front/test/core/database/alarm_replacement_integration_test.dart: actual restore waits for late platform completion before replacing database
00:01 +16: /Users/ejunpark/.codex/worktrees/1f98bd1e-95ca-4396-82c1-c34de41a8851/OnTime-front/test/core/database/alarm_replacement_integration_test.dart: actual restore waits for late platform completion before replacing database
00:01 +17: /Users/ejunpark/.codex/worktrees/1f98bd1e-95ca-4396-82c1-c34de41a8851/OnTime-front/test/core/database/alarm_replacement_integration_test.dart: actual restore waits for late platform completion before replacing database
00:01 +18: /Users/ejunpark/.codex/worktrees/1f98bd1e-95ca-4396-82c1-c34de41a8851/OnTime-front/test/core/database/alarm_replacement_integration_test.dart: actual restore waits for late platform completion before replacing database
00:01 +19: /Users/ejunpark/.codex/worktrees/1f98bd1e-95ca-4396-82c1-c34de41a8851/OnTime-front/test/core/database/alarm_replacement_integration_test.dart: actual restore waits for late platform completion before replacing database
00:01 +20: /Users/ejunpark/.codex/worktrees/1f98bd1e-95ca-4396-82c1-c34de41a8851/OnTime-front/test/core/database/alarm_replacement_integration_test.dart: actual restore waits for late platform completion before replacing database
00:01 +21: /Users/ejunpark/.codex/worktrees/1f98bd1e-95ca-4396-82c1-c34de41a8851/OnTime-front/test/core/database/local_reset_protocol_test.dart: completed-journal unlink failure cannot replay deletion against new content
00:01 +22: /Users/ejunpark/.codex/worktrees/1f98bd1e-95ca-4396-82c1-c34de41a8851/OnTime-front/test/core/database/alarm_replacement_integration_test.dart: actual restore cancellation failure preserves original database and ownership
00:01 +23: /Users/ejunpark/.codex/worktrees/1f98bd1e-95ca-4396-82c1-c34de41a8851/OnTime-front/test/core/database/alarm_replacement_integration_test.dart: actual restore cancellation failure preserves original database and ownership
00:01 +24: /Users/ejunpark/.codex/worktrees/1f98bd1e-95ca-4396-82c1-c34de41a8851/OnTime-front/test/core/database/alarm_replacement_integration_test.dart: actual restore cancellation failure preserves original database and ownership
00:01 +25: /Users/ejunpark/.codex/worktrees/1f98bd1e-95ca-4396-82c1-c34de41a8851/OnTime-front/test/core/database/alarm_replacement_integration_test.dart: actual restore cancellation failure preserves original database and ownership
00:01 +26: /Users/ejunpark/.codex/worktrees/1f98bd1e-95ca-4396-82c1-c34de41a8851/OnTime-front/test/core/database/alarm_replacement_integration_test.dart: actual restore cancellation failure preserves original database and ownership
00:01 +27: /Users/ejunpark/.codex/worktrees/1f98bd1e-95ca-4396-82c1-c34de41a8851/OnTime-front/test/core/database/alarm_replacement_integration_test.dart: actual restore cancellation failure preserves original database and ownership
00:02 +28: /Users/ejunpark/.codex/worktrees/1f98bd1e-95ca-4396-82c1-c34de41a8851/OnTime-front/test/core/database/local_reset_actions_test.dart: database is closed before file deletion and a file failure propagates
00:02 +29: /Users/ejunpark/.codex/worktrees/1f98bd1e-95ca-4396-82c1-c34de41a8851/OnTime-front/test/core/database/alarm_replacement_integration_test.dart: reset retains independent cancellation ownership after content deletion and retries only cleanup
00:02 +30: /Users/ejunpark/.codex/worktrees/1f98bd1e-95ca-4396-82c1-c34de41a8851/OnTime-front/test/core/database/alarm_replacement_integration_test.dart: reset retains independent cancellation ownership after content deletion and retries only cleanup
00:02 +31: /Users/ejunpark/.codex/worktrees/1f98bd1e-95ca-4396-82c1-c34de41a8851/OnTime-front/test/core/database/alarm_replacement_integration_test.dart: reset retains independent cancellation ownership after content deletion and retries only cleanup
00:02 +32: /Users/ejunpark/.codex/worktrees/1f98bd1e-95ca-4396-82c1-c34de41a8851/OnTime-front/test/core/database/alarm_replacement_integration_test.dart: reset retains independent cancellation ownership after content deletion and retries only cleanup
00:02 +33: /Users/ejunpark/.codex/worktrees/1f98bd1e-95ca-4396-82c1-c34de41a8851/OnTime-front/test/core/database/database_index_test.dart: creates lookup indexes for schedule and preparation DAO predicates
00:02 +34: /Users/ejunpark/.codex/worktrees/1f98bd1e-95ca-4396-82c1-c34de41a8851/OnTime-front/test/core/database/database_index_test.dart: rejects in-place upgrades across the one-way local cutover
00:03 +35: /Users/ejunpark/.codex/worktrees/1f98bd1e-95ca-4396-82c1-c34de41a8851/OnTime-front/test/core/database/alarm_journal_recovery_test.dart: partial JSON in  recovers fresh owner without resetting user data
00:03 +36: /Users/ejunpark/.codex/worktrees/1f98bd1e-95ca-4396-82c1-c34de41a8851/OnTime-front/test/core/database/alarm_journal_recovery_test.dart: partial JSON in .pending recovers fresh owner without resetting user data
00:03 +37: /Users/ejunpark/.codex/worktrees/1f98bd1e-95ca-4396-82c1-c34de41a8851/OnTime-front/test/core/database/alarm_journal_recovery_test.dart: only complete iOS OS observations resolve reconstructed uncertainty
00:03 +38: /Users/ejunpark/.codex/worktrees/1f98bd1e-95ca-4396-82c1-c34de41a8851/OnTime-front/test/core/database/alarm_journal_recovery_test.dart: iOS nativeUnmapped remains partial without guessing ownership
00:03 +39: /Users/ejunpark/.codex/worktrees/1f98bd1e-95ca-4396-82c1-c34de41a8851/OnTime-front/test/core/database/alarm_journal_recovery_test.dart: iOS nativeError remains partial without guessing ownership
00:03 +40: /Users/ejunpark/.codex/worktrees/1f98bd1e-95ca-4396-82c1-c34de41a8851/OnTime-front/test/core/database/alarm_journal_recovery_test.dart: iOS fallbackError remains partial without guessing ownership
00:03 +41: /Users/ejunpark/.codex/worktrees/1f98bd1e-95ca-4396-82c1-c34de41a8851/OnTime-front/test/core/database/alarm_journal_recovery_test.dart: iOS unownedNotification remains partial without guessing ownership
00:03 +42: /Users/ejunpark/.codex/worktrees/1f98bd1e-95ca-4396-82c1-c34de41a8851/OnTime-front/test/core/database/alarm_journal_recovery_test.dart: secure reset marker resumes deletion but Android uncertainty remains
00:03 +43: /Users/ejunpark/.codex/worktrees/1f98bd1e-95ca-4396-82c1-c34de41a8851/OnTime-front/test/core/database/alarm_journal_recovery_test.dart: explicit reset after damage cleans quarantine only after complete receipt
00:03 +44: /Users/ejunpark/.codex/worktrees/1f98bd1e-95ca-4396-82c1-c34de41a8851/OnTime-front/test/core/database/alarm_journal_recovery_test.dart: future version or impossible supported state is never automatically replaced: {"version":2}
00:03 +45: /Users/ejunpark/.codex/worktrees/1f98bd1e-95ca-4396-82c1-c34de41a8851/OnTime-front/test/core/database/alarm_journal_recovery_test.dart: future version or impossible supported state is never automatically replaced: {"version":1,"reset":"complete","completed":[],"ownership":[]}
00:03 +46: /Users/ejunpark/.codex/worktrees/1f98bd1e-95ca-4396-82c1-c34de41a8851/OnTime-front/test/core/database/alarm_journal_recovery_test.dart: future version or impossible supported state is never automatically replaced: {"version":1,"reset":"none","completed":[],"ownership":[{"provider":"localNotification","scheduleId":"a","id":1,"pending":true},{"provider":"localNotification","scheduleId":"b","id":1,"pending":true}]}
00:03 +47: /Users/ejunpark/.codex/worktrees/1f98bd1e-95ca-4396-82c1-c34de41a8851/OnTime-front/test/core/database/alarm_journal_recovery_test.dart: read I/O failure does not quarantine or authorize deletion
00:03 +48: /Users/ejunpark/.codex/worktrees/1f98bd1e-95ca-4396-82c1-c34de41a8851/OnTime-front/test/core/database/alarm_journal_recovery_test.dart: reconstruction interrupted at recoveryMarked recovers through a new owner
00:03 +49: /Users/ejunpark/.codex/worktrees/1f98bd1e-95ca-4396-82c1-c34de41a8851/OnTime-front/test/core/database/alarm_journal_recovery_test.dart: reconstruction interrupted at quarantinedMain recovers through a new owner
00:03 +50: /Users/ejunpark/.codex/worktrees/1f98bd1e-95ca-4396-82c1-c34de41a8851/OnTime-front/test/core/database/alarm_journal_recovery_test.dart: reconstruction interrupted at written recovers through a new owner
00:03 +51: /Users/ejunpark/.codex/worktrees/1f98bd1e-95ca-4396-82c1-c34de41a8851/OnTime-front/test/core/database/alarm_journal_recovery_test.dart: reconstruction interrupted at verified recovers through a new owner
00:03 +52: /Users/ejunpark/.codex/worktrees/1f98bd1e-95ca-4396-82c1-c34de41a8851/OnTime-front/test/core/database/alarm_journal_recovery_test.dart: reconstruction interrupted at renamed recovers through a new owner
00:03 +53: /Users/ejunpark/.codex/worktrees/1f98bd1e-95ca-4396-82c1-c34de41a8851/OnTime-front/test/core/database/alarm_journal_recovery_test.dart: reconstruction interrupted at readBack recovers through a new owner
00:03 +54: /Users/ejunpark/.codex/worktrees/1f98bd1e-95ca-4396-82c1-c34de41a8851/OnTime-front/test/core/database/alarm_journal_recovery_test.dart: reconstruction interrupted at recoveryVerified recovers through a new owner
00:03 +55: /Users/ejunpark/.codex/worktrees/1f98bd1e-95ca-4396-82c1-c34de41a8851/OnTime-front/test/core/database/alarm_journal_recovery_test.dart: reconstruction interrupted at recoveryPublished recovers through a new owner
00:03 +56: /Users/ejunpark/.codex/worktrees/1f98bd1e-95ca-4396-82c1-c34de41a8851/OnTime-front/test/core/database/alarm_journal_recovery_test.dart: first pending quarantine crash resumes without deleting user data
00:03 +57: /Users/ejunpark/.codex/worktrees/1f98bd1e-95ca-4396-82c1-c34de41a8851/OnTime-front/test/core/database/alarm_journal_recovery_test.dart: unverified reconstructed reset journal cannot start deletion or OS cancellation
00:03 +58: /Users/ejunpark/.codex/worktrees/1f98bd1e-95ca-4396-82c1-c34de41a8851/OnTime-front/test/core/database/alarm_journal_recovery_test.dart: real corrupt registry marker is resolved only with complete iOS evidence: true
00:03 +59: /Users/ejunpark/.codex/worktrees/1f98bd1e-95ca-4396-82c1-c34de41a8851/OnTime-front/test/core/database/bootstrap_privacy_boundary_test.dart: pending reset preserves its ownership and bypasses unrelated privacy cleanup
00:03 +60: /Users/ejunpark/.codex/worktrees/1f98bd1e-95ca-4396-82c1-c34de41a8851/OnTime-front/test/core/database/alarm_journal_recovery_test.dart: real corrupt registry marker is resolved only with complete iOS evidence: false
00:03 +61: /Users/ejunpark/.codex/worktrees/1f98bd1e-95ca-4396-82c1-c34de41a8851/OnTime-front/test/core/database/alarm_journal_recovery_test.dart: real corrupt registry marker is resolved only with complete iOS evidence: false
00:03 +62: /Users/ejunpark/.codex/worktrees/1f98bd1e-95ca-4396-82c1-c34de41a8851/OnTime-front/test/core/database/alarm_journal_recovery_test.dart: real corrupt registry marker is resolved only with complete iOS evidence: false
00:03 +63: /Users/ejunpark/.codex/worktrees/1f98bd1e-95ca-4396-82c1-c34de41a8851/OnTime-front/test/core/database/alarm_journal_recovery_test.dart: real corrupt registry marker is resolved only with complete iOS evidence: false
00:03 +64: /Users/ejunpark/.codex/worktrees/1f98bd1e-95ca-4396-82c1-c34de41a8851/OnTime-front/test/core/database/alarm_journal_recovery_test.dart: legacy marker clear failure stays closed and fresh owner retries after journal verification
00:03 +65: /Users/ejunpark/.codex/worktrees/1f98bd1e-95ca-4396-82c1-c34de41a8851/OnTime-front/test/core/database/alarm_journal_recovery_test.dart: journal-only uncertainty from temporary iOS observation failure converges on fresh startup
00:03 +66: /Users/ejunpark/.codex/worktrees/1f98bd1e-95ca-4396-82c1-c34de41a8851/OnTime-front/test/core/database/alarm_journal_recovery_test.dart: notification unmappedCount keeps uncertainty even with an empty entry list
00:03 +67: /Users/ejunpark/.codex/worktrees/1f98bd1e-95ca-4396-82c1-c34de41a8851/OnTime-front/test/core/database/alarm_journal_recovery_test.dart: invalid UTF-8 is syntax corruption, not an empty journal
00:03 +68: /Users/ejunpark/.codex/worktrees/1f98bd1e-95ca-4396-82c1-c34de41a8851/OnTime-front/test/core/database/alarm_journal_recovery_test.dart: quarantine alone cannot be mistaken for a new installation
00:03 +69: /Users/ejunpark/.codex/worktrees/1f98bd1e-95ca-4396-82c1-c34de41a8851/OnTime-front/test/core/database/recurring_migration_test.dart: version 1 database upgrades in place preserving user outcomes and schedules
00:03 +70: /Users/ejunpark/.codex/worktrees/1f98bd1e-95ca-4396-82c1-c34de41a8851/OnTime-front/test/core/database/recurring_migration_test.dart: version 1 database upgrades in place preserving user outcomes and schedules
00:03 +71: /Users/ejunpark/.codex/worktrees/1f98bd1e-95ca-4396-82c1-c34de41a8851/OnTime-front/test/core/database/recurring_migration_test.dart: version 1 database upgrades in place preserving user outcomes and schedules
00:03 +72: /Users/ejunpark/.codex/worktrees/1f98bd1e-95ca-4396-82c1-c34de41a8851/OnTime-front/test/core/time/civil_time_resolver_test.dart: normal civil time resolves to one absolute occurrence
00:03 +73: /Users/ejunpark/.codex/worktrees/1f98bd1e-95ca-4396-82c1-c34de41a8851/OnTime-front/test/core/time/civil_time_resolver_test.dart: spring-forward gap has no valid occurrence
00:03 +74: /Users/ejunpark/.codex/worktrees/1f98bd1e-95ca-4396-82c1-c34de41a8851/OnTime-front/test/core/time/civil_time_resolver_test.dart: fall-back overlap exposes first and second occurrence
00:04 +75: /Users/ejunpark/.codex/worktrees/1f98bd1e-95ca-4396-82c1-c34de41a8851/OnTime-front/test/core/backup/backup_crypto_test.dart: round trip restores the authenticated plaintext
00:04 +76: /Users/ejunpark/.codex/worktrees/1f98bd1e-95ca-4396-82c1-c34de41a8851/OnTime-front/test/core/backup/backup_crypto_test.dart: wrong password cannot produce backup contents
00:04 +77: /Users/ejunpark/.codex/worktrees/1f98bd1e-95ca-4396-82c1-c34de41a8851/OnTime-front/test/core/backup/backup_crypto_test.dart: authenticated encryption detects a modified container
00:05 +78: /Users/ejunpark/.codex/worktrees/1f98bd1e-95ca-4396-82c1-c34de41a8851/OnTime-front/test/core/backup/backup_password_test.dart: normalizes canonically equivalent passwords to the same value
00:05 +79: /Users/ejunpark/.codex/worktrees/1f98bd1e-95ca-4396-82c1-c34de41a8851/OnTime-front/test/core/backup/backup_password_test.dart: normalizes canonically equivalent passwords to the same value
00:05 +80: /Users/ejunpark/.codex/worktrees/1f98bd1e-95ca-4396-82c1-c34de41a8851/OnTime-front/test/core/backup/backup_password_test.dart: normalizes canonically equivalent passwords to the same value
00:05 +81: /Users/ejunpark/.codex/worktrees/1f98bd1e-95ca-4396-82c1-c34de41a8851/OnTime-front/test/core/backup/backup_password_test.dart: normalizes canonically equivalent passwords to the same value
00:05 +82: /Users/ejunpark/.codex/worktrees/1f98bd1e-95ca-4396-82c1-c34de41a8851/OnTime-front/test/core/backup/backup_password_test.dart: normalizes canonically equivalent passwords to the same value
00:05 +83: /Users/ejunpark/.codex/worktrees/1f98bd1e-95ca-4396-82c1-c34de41a8851/OnTime-front/test/core/backup/backup_password_test.dart: normalizes canonically equivalent passwords to the same value
00:05 +84: /Users/ejunpark/.codex/worktrees/1f98bd1e-95ca-4396-82c1-c34de41a8851/OnTime-front/test/core/backup/backup_password_test.dart: preserves case and surrounding spaces
00:05 +85: /Users/ejunpark/.codex/worktrees/1f98bd1e-95ca-4396-82c1-c34de41a8851/OnTime-front/test/core/backup/backup_password_test.dart: rejects passwords outside the 15 to 128 code point boundary
00:05 +86: /Users/ejunpark/.codex/worktrees/1f98bd1e-95ca-4396-82c1-c34de41a8851/OnTime-front/test/core/backup/backup_service_test.dart: saved receipt marks only the captured revision despite an ordinary edit
00:05 +87: /Users/ejunpark/.codex/worktrees/1f98bd1e-95ca-4396-82c1-c34de41a8851/OnTime-front/test/core/backup/backup_restore_stale_contract_test.dart: preview followed by a durable edit never overwrites that edit
00:06 +88: /Users/ejunpark/.codex/worktrees/1f98bd1e-95ca-4396-82c1-c34de41a8851/OnTime-front/test/core/backup/backup_service_test.dart: cancel preserves freshness and releases gate for a retry
00:06 +89: /Users/ejunpark/.codex/worktrees/1f98bd1e-95ca-4396-82c1-c34de41a8851/OnTime-front/test/core/backup/backup_service_test.dart: write failure cannot mark success or expose provider error details
00:06 +90: /Users/ejunpark/.codex/worktrees/1f98bd1e-95ca-4396-82c1-c34de41a8851/OnTime-front/test/core/backup/backup_service_test.dart: second export, restore, and destructive operation reject while picker is open
00:06 +91: /Users/ejunpark/.codex/worktrees/1f98bd1e-95ca-4396-82c1-c34de41a8851/OnTime-front/test/core/backup/backup_restore_picker_test.dart: app filter reaches real iOS host as public.data; cancel is null
00:06 +92: /Users/ejunpark/.codex/worktrees/1f98bd1e-95ca-4396-82c1-c34de41a8851/OnTime-front/test/core/backup/backup_restore_picker_test.dart: app filter reaches real iOS host as public.data; cancel is null
00:06 +93: /Users/ejunpark/.codex/worktrees/1f98bd1e-95ca-4396-82c1-c34de41a8851/OnTime-front/test/core/backup/backup_restore_picker_test.dart: app filter reaches real iOS host as public.data; cancel is null
00:06 +94: /Users/ejunpark/.codex/worktrees/1f98bd1e-95ca-4396-82c1-c34de41a8851/OnTime-front/test/core/backup/backup_restore_picker_test.dart: app filter reaches real iOS host as public.data; cancel is null
00:06 +95: /Users/ejunpark/.codex/worktrees/1f98bd1e-95ca-4396-82c1-c34de41a8851/OnTime-front/test/core/backup/backup_restore_picker_test.dart: app filter reaches real iOS host as public.data; cancel is null
00:06 +96: /Users/ejunpark/.codex/worktrees/1f98bd1e-95ca-4396-82c1-c34de41a8851/OnTime-front/test/core/backup/backup_restore_picker_test.dart: app filter reaches real iOS host as public.data; cancel is null
00:06 +97: /Users/ejunpark/.codex/worktrees/1f98bd1e-95ca-4396-82c1-c34de41a8851/OnTime-front/test/core/backup/backup_restore_picker_test.dart: app filter reaches real iOS host as public.data; cancel is null
00:06 +98: /Users/ejunpark/.codex/worktrees/1f98bd1e-95ca-4396-82c1-c34de41a8851/OnTime-front/test/core/backup/backup_restore_picker_test.dart: app filter reaches real iOS host as public.data; cancel is null
00:06 +99: /Users/ejunpark/.codex/worktrees/1f98bd1e-95ca-4396-82c1-c34de41a8851/OnTime-front/test/core/backup/backup_service_test.dart: successful external save with missing profile reports metadata failure
00:06 +100: /Users/ejunpark/.codex/worktrees/1f98bd1e-95ca-4396-82c1-c34de41a8851/OnTime-front/test/core/backup/backup_service_test.dart: successful external save with missing profile reports metadata failure
00:06 +101: /Users/ejunpark/.codex/worktrees/1f98bd1e-95ca-4396-82c1-c34de41a8851/OnTime-front/test/core/backup/backup_service_test.dart: successful external save with missing profile reports metadata failure
00:06 +102: /Users/ejunpark/.codex/worktrees/1f98bd1e-95ca-4396-82c1-c34de41a8851/OnTime-front/test/core/backup/backup_service_test.dart: successful external save with missing profile reports metadata failure
00:06 +103: /Users/ejunpark/.codex/worktrees/1f98bd1e-95ca-4396-82c1-c34de41a8851/OnTime-front/test/core/backup/backup_service_test.dart: successful external save with missing profile reports metadata failure
00:06 +104: /Users/ejunpark/.codex/worktrees/1f98bd1e-95ca-4396-82c1-c34de41a8851/OnTime-front/test/core/backup/backup_service_test.dart: successful external save with missing profile reports metadata failure
00:06 +105: /Users/ejunpark/.codex/worktrees/1f98bd1e-95ca-4396-82c1-c34de41a8851/OnTime-front/test/core/backup/backup_service_test.dart: successful external save with missing profile reports metadata failure
00:06 +106: /Users/ejunpark/.codex/worktrees/1f98bd1e-95ca-4396-82c1-c34de41a8851/OnTime-front/test/core/backup/backup_service_test.dart: successful external save with missing profile reports metadata failure
00:06 +107: /Users/ejunpark/.codex/worktrees/1f98bd1e-95ca-4396-82c1-c34de41a8851/OnTime-front/test/core/services/notification_tap_router_test.dart: A in flight then B then A uses latest A rather than stale-key dedupe
00:06 +108: /Users/ejunpark/.codex/worktrees/1f98bd1e-95ca-4396-82c1-c34de41a8851/OnTime-front/test/core/backup/backup_restore_picker_test.dart: cancel does not decrypt and a later valid selection can be previewed
00:06 +109: /Users/ejunpark/.codex/worktrees/1f98bd1e-95ca-4396-82c1-c34de41a8851/OnTime-front/test/core/backup/backup_restore_picker_test.dart: cancel does not decrypt and a later valid selection can be previewed
00:06 +110: /Users/ejunpark/.codex/worktrees/1f98bd1e-95ca-4396-82c1-c34de41a8851/OnTime-front/test/core/backup/backup_restore_picker_test.dart: cancel does not decrypt and a later valid selection can be previewed
00:06 +111: /Users/ejunpark/.codex/worktrees/1f98bd1e-95ca-4396-82c1-c34de41a8851/OnTime-front/test/core/backup/backup_restore_picker_test.dart: cancel does not decrypt and a later valid selection can be previewed
00:06 +112: /Users/ejunpark/.codex/worktrees/1f98bd1e-95ca-4396-82c1-c34de41a8851/OnTime-front/test/core/backup/backup_restore_picker_test.dart: cancel does not decrypt and a later valid selection can be previewed
00:06 +113: /Users/ejunpark/.codex/worktrees/1f98bd1e-95ca-4396-82c1-c34de41a8851/OnTime-front/test/core/backup/backup_restore_picker_test.dart: cancel does not decrypt and a later valid selection can be previewed
00:06 +114: /Users/ejunpark/.codex/worktrees/1f98bd1e-95ca-4396-82c1-c34de41a8851/OnTime-front/test/core/backup/backup_restore_picker_test.dart: cancel does not decrypt and a later valid selection can be previewed
00:06 +115: /Users/ejunpark/.codex/worktrees/1f98bd1e-95ca-4396-82c1-c34de41a8851/OnTime-front/test/core/backup/backup_restore_picker_test.dart: cancel does not decrypt and a later valid selection can be previewed
00:06 +116: /Users/ejunpark/.codex/worktrees/1f98bd1e-95ca-4396-82c1-c34de41a8851/OnTime-front/test/core/backup/backup_restore_picker_test.dart: cancel does not decrypt and a later valid selection can be previewed
00:07 +117: /Users/ejunpark/.codex/worktrees/1f98bd1e-95ca-4396-82c1-c34de41a8851/OnTime-front/test/core/backup/backup_restore_picker_test.dart: cancel does not decrypt and a later valid selection can be previewed
00:07 +118: /Users/ejunpark/.codex/worktrees/1f98bd1e-95ca-4396-82c1-c34de41a8851/OnTime-front/test/core/backup/backup_service_test.dart: format 2 restores owned preparation and exclusions without regenerating deleted slots
00:07 +119: /Users/ejunpark/.codex/worktrees/1f98bd1e-95ca-4396-82c1-c34de41a8851/OnTime-front/test/core/backup/backup_service_test.dart: format 2 restores owned preparation and exclusions without regenerating deleted slots
00:07 +120: /Users/ejunpark/.codex/worktrees/1f98bd1e-95ca-4396-82c1-c34de41a8851/OnTime-front/test/core/backup/backup_service_test.dart: format 2 restores owned preparation and exclusions without regenerating deleted slots
00:07 +121: /Users/ejunpark/.codex/worktrees/1f98bd1e-95ca-4396-82c1-c34de41a8851/OnTime-front/test/core/backup/backup_service_test.dart: format 2 restores owned preparation and exclusions without regenerating deleted slots
00:07 +122: /Users/ejunpark/.codex/worktrees/1f98bd1e-95ca-4396-82c1-c34de41a8851/OnTime-front/test/core/backup/backup_service_test.dart: format 2 restores owned preparation and exclusions without regenerating deleted slots
00:07 +123: /Users/ejunpark/.codex/worktrees/1f98bd1e-95ca-4396-82c1-c34de41a8851/OnTime-front/test/core/backup/backup_service_test.dart: format 2 restores owned preparation and exclusions without regenerating deleted slots
00:07 +124: /Users/ejunpark/.codex/worktrees/1f98bd1e-95ca-4396-82c1-c34de41a8851/OnTime-front/test/core/backup/backup_restore_picker_test.dart: corrupted backup is rejected without writes
00:07 +125: /Users/ejunpark/.codex/worktrees/1f98bd1e-95ca-4396-82c1-c34de41a8851/OnTime-front/test/core/backup/backup_service_test.dart: format 1 remains importable and malformed new references never replace data
00:07 +126: /Users/ejunpark/.codex/worktrees/1f98bd1e-95ca-4396-82c1-c34de41a8851/OnTime-front/test/core/backup/backup_service_test.dart: format 1 remains importable and malformed new references never replace data
00:08 +127: /Users/ejunpark/.codex/worktrees/1f98bd1e-95ca-4396-82c1-c34de41a8851/OnTime-front/test/core/backup/backup_service_test.dart: format 1 remains importable and malformed new references never replace data
00:08 +128: /Users/ejunpark/.codex/worktrees/1f98bd1e-95ca-4396-82c1-c34de41a8851/OnTime-front/test/core/backup/backup_service_test.dart: format 1 remains importable and malformed new references never replace data
00:08 +129: /Users/ejunpark/.codex/worktrees/1f98bd1e-95ca-4396-82c1-c34de41a8851/OnTime-front/test/core/backup/backup_service_test.dart: format 1 remains importable and malformed new references never replace data
00:08 +130: /Users/ejunpark/.codex/worktrees/1f98bd1e-95ca-4396-82c1-c34de41a8851/OnTime-front/test/core/backup/backup_service_test.dart: format 1 remains importable and malformed new references never replace data
00:08 +131: /Users/ejunpark/.codex/worktrees/1f98bd1e-95ca-4396-82c1-c34de41a8851/OnTime-front/test/core/backup/backup_service_test.dart: format 1 remains importable and malformed new references never replace data
00:08 +132: /Users/ejunpark/.codex/worktrees/1f98bd1e-95ca-4396-82c1-c34de41a8851/OnTime-front/test/core/backup/backup_service_test.dart: format 1 remains importable and malformed new references never replace data
00:08 +133: /Users/ejunpark/.codex/worktrees/1f98bd1e-95ca-4396-82c1-c34de41a8851/OnTime-front/test/core/backup/backup_service_test.dart: format 1 remains importable and malformed new references never replace data
00:08 +134: /Users/ejunpark/.codex/worktrees/1f98bd1e-95ca-4396-82c1-c34de41a8851/OnTime-front/test/core/backup/backup_service_test.dart: format 1 remains importable and malformed new references never replace data
00:08 +135: /Users/ejunpark/.codex/worktrees/1f98bd1e-95ca-4396-82c1-c34de41a8851/OnTime-front/test/core/backup/backup_service_test.dart: format 1 remains importable and malformed new references never replace data
00:08 +136: /Users/ejunpark/.codex/worktrees/1f98bd1e-95ca-4396-82c1-c34de41a8851/OnTime-front/test/core/backup/backup_service_test.dart: format 1 remains importable and malformed new references never replace data
00:08 +137: /Users/ejunpark/.codex/worktrees/1f98bd1e-95ca-4396-82c1-c34de41a8851/OnTime-front/test/core/backup/backup_service_test.dart: format 1 remains importable and malformed new references never replace data
00:08 +138: /Users/ejunpark/.codex/worktrees/1f98bd1e-95ca-4396-82c1-c34de41a8851/OnTime-front/test/core/backup/backup_service_test.dart: format 1 remains importable and malformed new references never replace data
00:08 +139: /Users/ejunpark/.codex/worktrees/1f98bd1e-95ca-4396-82c1-c34de41a8851/OnTime-front/test/core/backup/backup_service_test.dart: format 1 remains importable and malformed new references never replace data
00:08 +140: /Users/ejunpark/.codex/worktrees/1f98bd1e-95ca-4396-82c1-c34de41a8851/OnTime-front/test/core/backup/backup_service_test.dart: format 1 remains importable and malformed new references never replace data
00:08 +141: /Users/ejunpark/.codex/worktrees/1f98bd1e-95ca-4396-82c1-c34de41a8851/OnTime-front/test/core/backup/backup_service_test.dart: format 1 remains importable and malformed new references never replace data
00:08 +142: /Users/ejunpark/.codex/worktrees/1f98bd1e-95ca-4396-82c1-c34de41a8851/OnTime-front/test/core/backup/backup_service_test.dart: format 1 remains importable and malformed new references never replace data
00:08 +143: /Users/ejunpark/.codex/worktrees/1f98bd1e-95ca-4396-82c1-c34de41a8851/OnTime-front/test/core/backup/backup_service_test.dart: format 1 remains importable and malformed new references never replace data
00:08 +144: /Users/ejunpark/.codex/worktrees/1f98bd1e-95ca-4396-82c1-c34de41a8851/OnTime-front/test/core/backup/backup_service_test.dart: format 1 remains importable and malformed new references never replace data
00:08 +145: /Users/ejunpark/.codex/worktrees/1f98bd1e-95ca-4396-82c1-c34de41a8851/OnTime-front/test/core/backup/backup_service_test.dart: format 1 remains importable and malformed new references never replace data
00:08 +146: /Users/ejunpark/.codex/worktrees/1f98bd1e-95ca-4396-82c1-c34de41a8851/OnTime-front/test/core/backup/backup_service_test.dart: format 1 remains importable and malformed new references never replace data
00:08 +147: /Users/ejunpark/.codex/worktrees/1f98bd1e-95ca-4396-82c1-c34de41a8851/OnTime-front/test/core/backup/backup_service_test.dart: format 1 remains importable and malformed new references never replace data
00:08 +148: /Users/ejunpark/.codex/worktrees/1f98bd1e-95ca-4396-82c1-c34de41a8851/OnTime-front/test/core/backup/backup_service_test.dart: format 1 remains importable and malformed new references never replace data
00:08 +149: /Users/ejunpark/.codex/worktrees/1f98bd1e-95ca-4396-82c1-c34de41a8851/OnTime-front/test/core/backup/backup_service_test.dart: wrong password leaves current database unchanged
00:08 +150: /Users/ejunpark/.codex/worktrees/1f98bd1e-95ca-4396-82c1-c34de41a8851/OnTime-front/test/core/backup/backup_service_test.dart: wrong password leaves current database unchanged
00:08 +151: /Users/ejunpark/.codex/worktrees/1f98bd1e-95ca-4396-82c1-c34de41a8851/OnTime-front/test/core/backup/backup_service_test.dart: wrong password leaves current database unchanged
00:08 +152: /Users/ejunpark/.codex/worktrees/1f98bd1e-95ca-4396-82c1-c34de41a8851/OnTime-front/test/core/backup/backup_service_test.dart: wrong password leaves current database unchanged
00:08 +153: /Users/ejunpark/.codex/worktrees/1f98bd1e-95ca-4396-82c1-c34de41a8851/OnTime-front/test/core/backup/backup_service_test.dart: wrong password leaves current database unchanged
00:08 +154: /Users/ejunpark/.codex/worktrees/1f98bd1e-95ca-4396-82c1-c34de41a8851/OnTime-front/test/core/backup/backup_service_test.dart: wrong password leaves current database unchanged
00:08 +155: /Users/ejunpark/.codex/worktrees/1f98bd1e-95ca-4396-82c1-c34de41a8851/OnTime-front/test/core/backup/backup_service_test.dart: wrong password leaves current database unchanged
00:08 +156: /Users/ejunpark/.codex/worktrees/1f98bd1e-95ca-4396-82c1-c34de41a8851/OnTime-front/test/core/backup/backup_service_test.dart: wrong password leaves current database unchanged
00:08 +157: /Users/ejunpark/.codex/worktrees/1f98bd1e-95ca-4396-82c1-c34de41a8851/OnTime-front/test/core/backup/backup_service_test.dart: wrong password leaves current database unchanged
00:08 +158: /Users/ejunpark/.codex/worktrees/1f98bd1e-95ca-4396-82c1-c34de41a8851/OnTime-front/test/core/backup/backup_service_test.dart: wrong password leaves current database unchanged
00:08 +159: /Users/ejunpark/.codex/worktrees/1f98bd1e-95ca-4396-82c1-c34de41a8851/OnTime-front/test/core/backup/backup_service_test.dart: wrong password leaves current database unchanged
00:08 +160: /Users/ejunpark/.codex/worktrees/1f98bd1e-95ca-4396-82c1-c34de41a8851/OnTime-front/test/core/backup/backup_service_test.dart: wrong password leaves current database unchanged
00:08 +161: /Users/ejunpark/.codex/worktrees/1f98bd1e-95ca-4396-82c1-c34de41a8851/OnTime-front/test/core/backup/backup_service_test.dart: wrong password leaves current database unchanged
00:08 +162: /Users/ejunpark/.codex/worktrees/1f98bd1e-95ca-4396-82c1-c34de41a8851/OnTime-front/test/core/backup/backup_service_test.dart: wrong password leaves current database unchanged
00:08 +163: /Users/ejunpark/.codex/worktrees/1f98bd1e-95ca-4396-82c1-c34de41a8851/OnTime-front/test/core/backup/backup_service_test.dart: wrong password leaves current database unchanged
00:09 +164: /Users/ejunpark/.codex/worktrees/1f98bd1e-95ca-4396-82c1-c34de41a8851/OnTime-front/test/core/services/alarm_scheduler_service_test.dart: initializeLaunchHandling dispatches cold-start alarm payload
00:09 +165: /Users/ejunpark/.codex/worktrees/1f98bd1e-95ca-4396-82c1-c34de41a8851/OnTime-front/test/core/services/alarm_scheduler_service_test.dart: dispatchPendingLaunchPayload dispatches resumed alarm payload
00:09 +166: /Users/ejunpark/.codex/worktrees/1f98bd1e-95ca-4396-82c1-c34de41a8851/OnTime-front/test/core/services/alarm_scheduler_service_test.dart: getCapabilities maps native alarm provider capabilities
00:09 +167: /Users/ejunpark/.codex/worktrees/1f98bd1e-95ca-4396-82c1-c34de41a8851/OnTime-front/test/core/services/alarm_scheduler_service_test.dart: getCapabilities treats missing platform implementation as unsupported
00:09 +168: /Users/ejunpark/.codex/worktrees/1f98bd1e-95ca-4396-82c1-c34de41a8851/OnTime-front/test/core/services/alarm_scheduler_service_test.dart: getCapabilities treats native platform errors as unsupported
00:09 +169: /Users/ejunpark/.codex/worktrees/1f98bd1e-95ca-4396-82c1-c34de41a8851/OnTime-front/test/core/services/alarm_scheduler_service_test.dart: getCapabilities treats null native response as unsupported
00:09 +170: /Users/ejunpark/.codex/worktrees/1f98bd1e-95ca-4396-82c1-c34de41a8851/OnTime-front/test/core/services/alarm_scheduler_service_test.dart: checkPermission and requestPermission map native wire values
00:09 +171: /Users/ejunpark/.codex/worktrees/1f98bd1e-95ca-4396-82c1-c34de41a8851/OnTime-front/test/core/services/alarm_scheduler_service_test.dart: permission checks treat missing platform implementation as unsupported
00:09 +172: /Users/ejunpark/.codex/worktrees/1f98bd1e-95ca-4396-82c1-c34de41a8851/OnTime-front/test/core/services/alarm_scheduler_service_test.dart: permission checks treat native platform errors as unsupported
00:09 +173: /Users/ejunpark/.codex/worktrees/1f98bd1e-95ca-4396-82c1-c34de41a8851/OnTime-front/test/core/services/alarm_scheduler_service_test.dart: scheduleNativeAlarm sends the native alarm contract payload
00:09 +174: /Users/ejunpark/.codex/worktrees/1f98bd1e-95ca-4396-82c1-c34de41a8851/OnTime-front/test/core/services/alarm_scheduler_service_test.dart: scheduleNativeAlarm exposes permission failures as scheduling exception
00:09 +175: /Users/ejunpark/.codex/worktrees/1f98bd1e-95ca-4396-82c1-c34de41a8851/OnTime-front/test/core/services/alarm_scheduler_service_test.dart: scheduleNativeAlarm maps unsupported and generic native errors
00:09 +176: /Users/ejunpark/.codex/worktrees/1f98bd1e-95ca-4396-82c1-c34de41a8851/OnTime-front/test/core/services/alarm_scheduler_service_test.dart: cancelNativeAlarm sends cancellation payload for scheduled records
00:09 +177: /Users/ejunpark/.codex/worktrees/1f98bd1e-95ca-4396-82c1-c34de41a8851/OnTime-front/test/core/services/alarm_scheduler_service_test.dart: cancelNativeAlarm reports missing native platform as unconfirmed
00:09 +178: /Users/ejunpark/.codex/worktrees/1f98bd1e-95ca-4396-82c1-c34de41a8851/OnTime-front/test/core/services/alarm_scheduler_service_test.dart: cancelNativeAlarm maps native platform failures to scheduling exception
00:09 +179: /Users/ejunpark/.codex/worktrees/1f98bd1e-95ca-4396-82c1-c34de41a8851/OnTime-front/test/core/services/alarm_scheduler_service_test.dart: cancelAllNativeAlarms cancels every provided record in order
00:09 +180: /Users/ejunpark/.codex/worktrees/1f98bd1e-95ca-4396-82c1-c34de41a8851/OnTime-front/test/core/services/alarm_scheduler_service_test.dart: dispatchPendingLaunchPayload ignores invalid and failed payload reads
00:09 +181: /Users/ejunpark/.codex/worktrees/1f98bd1e-95ca-4396-82c1-c34de41a8851/OnTime-front/test/core/services/scheduled_notification_delivery_test.dart: native and fallback send the same ko detailed=false snapshot after persistence
00:09 +182: /Users/ejunpark/.codex/worktrees/1f98bd1e-95ca-4396-82c1-c34de41a8851/OnTime-front/test/core/services/scheduled_notification_delivery_test.dart: native and fallback send the same ko detailed=true snapshot after persistence
00:09 +183: /Users/ejunpark/.codex/worktrees/1f98bd1e-95ca-4396-82c1-c34de41a8851/OnTime-front/test/core/services/scheduled_notification_delivery_test.dart: native and fallback send the same en detailed=false snapshot after persistence
00:09 +184: /Users/ejunpark/.codex/worktrees/1f98bd1e-95ca-4396-82c1-c34de41a8851/OnTime-front/test/core/services/scheduled_notification_delivery_test.dart: native and fallback send the same en detailed=true snapshot after persistence
00:09 +185: /Users/ejunpark/.codex/worktrees/1f98bd1e-95ca-4396-82c1-c34de41a8851/OnTime-front/test/core/services/scheduled_notification_delivery_test.dart: legacy and corrupted content cannot bypass reconciliation at either provider
00:09 +186: /Users/ejunpark/.codex/worktrees/1f98bd1e-95ca-4396-82c1-c34de41a8851/OnTime-front/test/core/services/scheduled_notification_delivery_test.dart: targeted cancel uses the plugin API for pending and presented IDs, never cancelAll
00:09 +187: /Users/ejunpark/.codex/worktrees/1f98bd1e-95ca-4396-82c1-c34de41a8851/OnTime-front/test/core/services/scheduled_notification_delivery_test.dart: targeted cancellation errors are visible to reconciliation
00:10 +188: /Users/ejunpark/.codex/worktrees/1f98bd1e-95ca-4396-82c1-c34de41a8851/OnTime-front/test/core/services/app_metadata_service_test.dart: package info metadata provider returns runtime app metadata
00:10 +189: /Users/ejunpark/.codex/worktrees/1f98bd1e-95ca-4396-82c1-c34de41a8851/OnTime-front/test/core/services/notification_privacy_cleanup_test.dart: owned legacy pending is cancelled without clearing step notifications
00:10 +190: /Users/ejunpark/.codex/worktrees/1f98bd1e-95ca-4396-82c1-c34de41a8851/OnTime-front/test/core/services/notification_privacy_cleanup_test.dart: cancel failure preserves only ownership tombstone and retry converges
00:10 +191: /Users/ejunpark/.codex/worktrees/1f98bd1e-95ca-4396-82c1-c34de41a8851/OnTime-front/test/core/services/notification_privacy_cleanup_test.dart: known schedule payload with invalid route ID cleans owned pending
00:10 +192: /Users/ejunpark/.codex/worktrees/1f98bd1e-95ca-4396-82c1-c34de41a8851/OnTime-front/test/core/services/notification_privacy_cleanup_test.dart: successful cancel call without readback removal is not success
00:10 +193: /Users/ejunpark/.codex/worktrees/1f98bd1e-95ca-4396-82c1-c34de41a8851/OnTime-front/test/core/services/notification_launch_test.dart: cold launch collects once and concurrent initialization is single flight
00:10 +194: /Users/ejunpark/.codex/worktrees/1f98bd1e-95ca-4396-82c1-c34de41a8851/OnTime-front/test/core/services/notification_launch_test.dart: successful empty or invalid launch is consumed without navigation: null
00:10 +195: /Users/ejunpark/.codex/worktrees/1f98bd1e-95ca-4396-82c1-c34de41a8851/OnTime-front/test/core/services/notification_launch_test.dart: successful empty or invalid launch is consumed without navigation: Instance of 'NotificationAppLaunchDetails'
00:10 +196: /Users/ejunpark/.codex/worktrees/1f98bd1e-95ca-4396-82c1-c34de41a8851/OnTime-front/test/core/services/notification_launch_test.dart: successful empty or invalid launch is consumed without navigation: Instance of 'NotificationAppLaunchDetails'
00:10 +197: /Users/ejunpark/.codex/worktrees/1f98bd1e-95ca-4396-82c1-c34de41a8851/OnTime-front/test/core/services/notification_launch_test.dart: getter failure releases single flight and callback still works before retry
00:10 +198: /Users/ejunpark/.codex/worktrees/1f98bd1e-95ca-4396-82c1-c34de41a8851/OnTime-front/test/core/services/notification_launch_test.dart: callback B arriving while cold A getter waits wins, raw legacy fields removed
00:10 +199: /Users/ejunpark/.codex/worktrees/1f98bd1e-95ca-4396-82c1-c34de41a8851/OnTime-front/test/core/services/notification_launch_test.dart: callback before delegate installation preserves only safe latest payload
00:10 +200: /Users/ejunpark/.codex/worktrees/1f98bd1e-95ca-4396-82c1-c34de41a8851/OnTime-front/test/core/services/notification_launch_test.dart: Noop to installed delegate cannot let slow cold A overwrite native B
00:10 +201: /Users/ejunpark/.codex/worktrees/1f98bd1e-95ca-4396-82c1-c34de41a8851/OnTime-front/test/core/services/notification_launch_test.dart: data replacement invalidates delayed initial launch
00:10 +202: /Users/ejunpark/.codex/worktrees/1f98bd1e-95ca-4396-82c1-c34de41a8851/OnTime-front/test/core/services/delivery_observation_test.dart: Android cache observation preserves source and minimal ownership
00:10 +203: /Users/ejunpark/.codex/worktrees/1f98bd1e-95ca-4396-82c1-c34de41a8851/OnTime-front/test/core/services/delivery_observation_test.dart: Android read failure is unknown, not absent
00:10 +204: /Users/ejunpark/.codex/worktrees/1f98bd1e-95ca-4396-82c1-c34de41a8851/OnTime-front/test/core/services/delivery_observation_test.dart: Android cancel needs public success and post read-back
00:10 +205: /Users/ejunpark/.codex/worktrees/1f98bd1e-95ca-4396-82c1-c34de41a8851/OnTime-front/test/core/services/delivery_observation_test.dart: Android cache absence does not hide cancel failure
00:10 +206: /Users/ejunpark/.codex/worktrees/1f98bd1e-95ca-4396-82c1-c34de41a8851/OnTime-front/test/core/services/delivery_observation_test.dart: Android remaining ID and failed post query are unconfirmed cancellations
00:10 +207: /Users/ejunpark/.codex/worktrees/1f98bd1e-95ca-4396-82c1-c34de41a8851/OnTime-front/test/core/services/delivery_observation_test.dart: iOS OS observation preserves source and minimal ownership
00:10 +208: /Users/ejunpark/.codex/worktrees/1f98bd1e-95ca-4396-82c1-c34de41a8851/OnTime-front/test/core/services/delivery_observation_test.dart: iOS read failure is unknown, not absent
00:10 +209: /Users/ejunpark/.codex/worktrees/1f98bd1e-95ca-4396-82c1-c34de41a8851/OnTime-front/test/core/services/delivery_observation_test.dart: iOS cancel needs public success and post read-back
00:10 +210: /Users/ejunpark/.codex/worktrees/1f98bd1e-95ca-4396-82c1-c34de41a8851/OnTime-front/test/core/services/delivery_observation_test.dart: iOS cache absence does not hide cancel failure
00:10 +211: /Users/ejunpark/.codex/worktrees/1f98bd1e-95ca-4396-82c1-c34de41a8851/OnTime-front/test/core/services/delivery_observation_test.dart: iOS remaining ID and failed post query are unconfirmed cancellations
00:10 +212: /Users/ejunpark/.codex/worktrees/1f98bd1e-95ca-4396-82c1-c34de41a8851/OnTime-front/test/core/services/delivery_observation_test.dart: AlarmKit observation rejects unavailable, malformed and unrelated IDs
00:10 +213: /Users/ejunpark/.codex/worktrees/1f98bd1e-95ca-4396-82c1-c34de41a8851/OnTime-front/test/core/services/delivery_observation_test.dart: AlarmKit already absent is idempotent; present cancel requires fresh absence
00:11 +214: /Users/ejunpark/.codex/worktrees/1f98bd1e-95ca-4396-82c1-c34de41a8851/OnTime-front/test/core/services/runtime_privacy_migration_test.dart: all legacy runs migrate, orphans clear, unrelated settings survive
00:11 +215: /Users/ejunpark/.codex/worktrees/1f98bd1e-95ca-4396-82c1-c34de41a8851/OnTime-front/test/core/services/runtime_privacy_migration_test.dart: platform cleanup failure is visible and retryable, without raw content
00:11 +216: /Users/ejunpark/.codex/worktrees/1f98bd1e-95ca-4396-82c1-c34de41a8851/OnTime-front/test/core/services/runtime_privacy_migration_test.dart: DB-unavailable cleanup removes legacy raw and does not touch unrelated data
00:11 +217: /Users/ejunpark/.codex/worktrees/1f98bd1e-95ca-4396-82c1-c34de41a8851/OnTime-front/test/core/services/notification_routing_test.dart: localizedNotificationText selects Korean text only for Korean locale
00:11 +218: /Users/ejunpark/.codex/worktrees/1f98bd1e-95ca-4396-82c1-c34de41a8851/OnTime-front/test/core/services/notification_routing_test.dart: isScheduleAlarmPayload detects native alarm payloads without suppressing schedule notifications
00:11 +219: /Users/ejunpark/.codex/worktrees/1f98bd1e-95ca-4396-82c1-c34de41a8851/OnTime-front/test/core/services/notification_routing_test.dart: notificationRouteForPayloadString routes schedule notification payload to the schedule start screen
00:11 +220: /Users/ejunpark/.codex/worktrees/1f98bd1e-95ca-4396-82c1-c34de41a8851/OnTime-front/test/core/services/notification_routing_test.dart: notificationRouteForPayloadString routes five-minute prompts as early-start schedule starts
00:11 +221: /Users/ejunpark/.codex/worktrees/1f98bd1e-95ca-4396-82c1-c34de41a8851/OnTime-front/test/core/services/notification_routing_test.dart: notificationRouteForPayloadString routes schedule and preparation updates to the alarm screen
00:11 +222: /Users/ejunpark/.codex/worktrees/1f98bd1e-95ca-4396-82c1-c34de41a8851/OnTime-front/test/core/services/notification_routing_test.dart: notificationRouteForPayloadString ignores null, invalid, and unrelated payloads
00:11 +223: /Users/ejunpark/.codex/worktrees/1f98bd1e-95ca-4396-82c1-c34de41a8851/OnTime-front/test/core/services/notification_routing_test.dart: invalid schedule hints never route to nearest preparation
00:11 +224: /Users/ejunpark/.codex/worktrees/1f98bd1e-95ca-4396-82c1-c34de41a8851/OnTime-front/test/core/services/notification_routing_test.dart: notificationRouteForData routes decoded local payload data with the same rules
00:11 +225: /Users/ejunpark/.codex/worktrees/1f98bd1e-95ca-4396-82c1-c34de41a8851/OnTime-front/test/core/services/android_notification_timing_test.dart: fresh permission chooses exact then approximate without full-screen
00:11 +226: /Users/ejunpark/.codex/worktrees/1f98bd1e-95ca-4396-82c1-c34de41a8851/OnTime-front/test/local_only_boundary_test.dart: product source and release configuration contain no network client
00:11 +227: /Users/ejunpark/.codex/worktrees/1f98bd1e-95ca-4396-82c1-c34de41a8851/OnTime-front/test/local_only_boundary_test.dart: product source and release configuration contain no network client
00:11 +228: /Users/ejunpark/.codex/worktrees/1f98bd1e-95ca-4396-82c1-c34de41a8851/OnTime-front/test/local_only_boundary_test.dart: product source and release configuration contain no network client
00:11 +229: /Users/ejunpark/.codex/worktrees/1f98bd1e-95ca-4396-82c1-c34de41a8851/OnTime-front/test/local_only_boundary_test.dart: product source and release configuration contain no network client
00:11 +230: /Users/ejunpark/.codex/worktrees/1f98bd1e-95ca-4396-82c1-c34de41a8851/OnTime-front/test/local_only_boundary_test.dart: product source and release configuration contain no network client
00:11 +231: /Users/ejunpark/.codex/worktrees/1f98bd1e-95ca-4396-82c1-c34de41a8851/OnTime-front/test/local_only_boundary_test.dart: product source and release configuration contain no network client
00:11 +232: /Users/ejunpark/.codex/worktrees/1f98bd1e-95ca-4396-82c1-c34de41a8851/OnTime-front/test/local_only_boundary_test.dart: product source and release configuration contain no network client
00:11 +233: /Users/ejunpark/.codex/worktrees/1f98bd1e-95ca-4396-82c1-c34de41a8851/OnTime-front/test/local_only_boundary_test.dart: product source and release configuration contain no network client
00:11 +234: /Users/ejunpark/.codex/worktrees/1f98bd1e-95ca-4396-82c1-c34de41a8851/OnTime-front/test/local_only_boundary_test.dart: iOS remote notification hooks violate the local-only boundary
00:11 +235: /Users/ejunpark/.codex/worktrees/1f98bd1e-95ca-4396-82c1-c34de41a8851/OnTime-front/test/local_only_boundary_test.dart: web remote bootstrap resources violate the local-only boundary
00:12 +236: /Users/ejunpark/.codex/worktrees/1f98bd1e-95ca-4396-82c1-c34de41a8851/OnTime-front/test/data/repositories/schedule_aggregate_snapshot_test.dart: edit snapshot cannot combine old schedule with new preparation
00:12 +237: /Users/ejunpark/.codex/worktrees/1f98bd1e-95ca-4396-82c1-c34de41a8851/OnTime-front/test/data/repositories/schedule_aggregate_snapshot_test.dart: planning snapshot cannot combine old schedule with new preparation
00:12 +238: /Users/ejunpark/.codex/worktrees/1f98bd1e-95ca-4396-82c1-c34de41a8851/OnTime-front/test/data/repositories/schedule_aggregate_snapshot_test.dart: file database close/reopen with new gate verifies committed receipt
00:12 +239: /Users/ejunpark/.codex/worktrees/1f98bd1e-95ca-4396-82c1-c34de41a8851/OnTime-front/test/data/repositories/schedule_aggregate_snapshot_test.dart: real preparation watch sees committed aggregate and never rolled back value
00:12 +240: /Users/ejunpark/.codex/worktrees/1f98bd1e-95ca-4396-82c1-c34de41a8851/OnTime-front/test/data/repositories/schedule_aggregate_snapshot_test.dart: template and definition trigger versions wake actual dependent schedule watch
00:12 +241: /Users/ejunpark/.codex/worktrees/1f98bd1e-95ca-4396-82c1-c34de41a8851/OnTime-front/test/data/repositories/schedule_start_transaction_test.dart: a failed revision write rolls back the schedule transition and retry succeeds
00:12 +242: /Users/ejunpark/.codex/worktrees/1f98bd1e-95ca-4396-82c1-c34de41a8851/OnTime-front/test/data/repositories/schedule_start_transaction_test.dart: a failed revision write rolls back the schedule transition and retry succeeds
00:12 +243: /Users/ejunpark/.codex/worktrees/1f98bd1e-95ca-4396-82c1-c34de41a8851/OnTime-front/test/data/repositories/schedule_start_transaction_test.dart: a failed revision write rolls back the schedule transition and retry succeeds
00:12 +244: /Users/ejunpark/.codex/worktrees/1f98bd1e-95ca-4396-82c1-c34de41a8851/OnTime-front/test/data/repositories/schedule_aggregate_snapshot_test.dart: real encrypted backup cutoff cannot mix concurrent aggregate commit
00:12 +245: /Users/ejunpark/.codex/worktrees/1f98bd1e-95ca-4396-82c1-c34de41a8851/OnTime-front/test/data/repositories/schedule_aggregate_snapshot_test.dart: real encrypted backup cutoff cannot mix concurrent aggregate commit
00:12 +246: /Users/ejunpark/.codex/worktrees/1f98bd1e-95ca-4396-82c1-c34de41a8851/OnTime-front/test/data/repositories/schedule_aggregate_snapshot_test.dart: real encrypted backup cutoff cannot mix concurrent aggregate commit
00:12 +247: /Users/ejunpark/.codex/worktrees/1f98bd1e-95ca-4396-82c1-c34de41a8851/OnTime-front/test/data/repositories/schedule_aggregate_snapshot_test.dart: real encrypted backup cutoff cannot mix concurrent aggregate commit
00:12 +248: /Users/ejunpark/.codex/worktrees/1f98bd1e-95ca-4396-82c1-c34de41a8851/OnTime-front/test/data/repositories/schedule_aggregate_snapshot_test.dart: real encrypted backup cutoff cannot mix concurrent aggregate commit
00:12 +249: /Users/ejunpark/.codex/worktrees/1f98bd1e-95ca-4396-82c1-c34de41a8851/OnTime-front/test/data/repositories/schedule_aggregate_snapshot_test.dart: real encrypted backup cutoff cannot mix concurrent aggregate commit
00:12 +250: /Users/ejunpark/.codex/worktrees/1f98bd1e-95ca-4396-82c1-c34de41a8851/OnTime-front/test/data/repositories/schedule_aggregate_snapshot_test.dart: real encrypted backup cutoff cannot mix concurrent aggregate commit
00:12 +251: /Users/ejunpark/.codex/worktrees/1f98bd1e-95ca-4396-82c1-c34de41a8851/OnTime-front/test/data/repositories/schedule_aggregate_snapshot_test.dart: real encrypted backup cutoff cannot mix concurrent aggregate commit
00:12 +252: /Users/ejunpark/.codex/worktrees/1f98bd1e-95ca-4396-82c1-c34de41a8851/OnTime-front/test/data/repositories/schedule_aggregate_snapshot_test.dart: real encrypted backup cutoff cannot mix concurrent aggregate commit
00:12 +253: /Users/ejunpark/.codex/worktrees/1f98bd1e-95ca-4396-82c1-c34de41a8851/OnTime-front/test/data/repositories/schedule_aggregate_snapshot_test.dart: real encrypted backup cutoff cannot mix concurrent aggregate commit
00:12 +254: /Users/ejunpark/.codex/worktrees/1f98bd1e-95ca-4396-82c1-c34de41a8851/OnTime-front/test/data/repositories/schedule_aggregate_snapshot_test.dart: real encrypted backup cutoff cannot mix concurrent aggregate commit
00:12 +255: /Users/ejunpark/.codex/worktrees/1f98bd1e-95ca-4396-82c1-c34de41a8851/OnTime-front/test/data/repositories/schedule_aggregate_snapshot_test.dart: real encrypted backup cutoff cannot mix concurrent aggregate commit
00:12 +256: /Users/ejunpark/.codex/worktrees/1f98bd1e-95ca-4396-82c1-c34de41a8851/OnTime-front/test/data/repositories/schedule_aggregate_snapshot_test.dart: real encrypted backup cutoff cannot mix concurrent aggregate commit
00:13 +257: /Users/ejunpark/.codex/worktrees/1f98bd1e-95ca-4396-82c1-c34de41a8851/OnTime-front/test/data/repositories/schedule_aggregate_snapshot_test.dart: real encrypted backup cutoff cannot mix concurrent aggregate commit
00:13 +258: /Users/ejunpark/.codex/worktrees/1f98bd1e-95ca-4396-82c1-c34de41a8851/OnTime-front/test/data/repositories/schedule_aggregate_snapshot_test.dart: real encrypted backup cutoff cannot mix concurrent aggregate commit
00:13 +259: /Users/ejunpark/.codex/worktrees/1f98bd1e-95ca-4396-82c1-c34de41a8851/OnTime-front/test/data/repositories/schedule_aggregate_snapshot_test.dart: real encrypted backup cutoff cannot mix concurrent aggregate commit
00:13 +260: /Users/ejunpark/.codex/worktrees/1f98bd1e-95ca-4396-82c1-c34de41a8851/OnTime-front/test/data/repositories/schedule_aggregate_snapshot_test.dart: real encrypted backup cutoff cannot mix concurrent aggregate commit
00:13 +261: /Users/ejunpark/.codex/worktrees/1f98bd1e-95ca-4396-82c1-c34de41a8851/OnTime-front/test/data/repositories/recurring_schedule_repository_test.dart: after three elapsed slots, two detached overrides leave five recurring and two standalone
00:13 +262: /Users/ejunpark/.codex/worktrees/1f98bd1e-95ca-4396-82c1-c34de41a8851/OnTime-front/test/data/repositories/recurring_schedule_repository_test.dart: a detached occurrence and a later new slot on its original date remain distinct
00:13 +263: /Users/ejunpark/.codex/worktrees/1f98bd1e-95ca-4396-82c1-c34de41a8851/OnTime-front/test/data/repositories/recurring_schedule_repository_test.dart: bulk changes preserve only overridden fields and preparation
00:13 +264: /Users/ejunpark/.codex/worktrees/1f98bd1e-95ca-4396-82c1-c34de41a8851/OnTime-front/test/data/repositories/recurring_schedule_repository_test.dart: ending following leaves active and historical rows and their preparations intact
00:13 +265: /Users/ejunpark/.codex/worktrees/1f98bd1e-95ca-4396-82c1-c34de41a8851/OnTime-front/test/data/repositories/recurring_schedule_repository_test.dart: finite conflicts require explicit exclusion and excluded slots consume count
00:13 +266: /Users/ejunpark/.codex/worktrees/1f98bd1e-95ca-4396-82c1-c34de41a8851/OnTime-front/test/data/repositories/recurring_schedule_repository_test.dart: place edits never rename another occurrence or historical place
00:13 +267: /Users/ejunpark/.codex/worktrees/1f98bd1e-95ca-4396-82c1-c34de41a8851/OnTime-front/test/data/repositories/recurring_schedule_repository_test.dart: bulk edit preserves active preparation and consumes its original count
00:13 +268: /Users/ejunpark/.codex/worktrees/1f98bd1e-95ca-4396-82c1-c34de41a8851/OnTime-front/test/data/repositories/recurring_schedule_repository_test.dart: stale first occurrence approval asks for review without changing durable data
00:13 +269: /Users/ejunpark/.codex/worktrees/1f98bd1e-95ca-4396-82c1-c34de41a8851/OnTime-front/test/data/repositories/recurring_schedule_repository_test.dart: explicit count edit replaces the remaining budget
00:13 +270: /Users/ejunpark/.codex/worktrees/1f98bd1e-95ca-4396-82c1-c34de41a8851/OnTime-front/test/data/repositories/recurring_schedule_repository_test.dart: a deleted slot remains consumed when the new weekdays omit that date
00:13 +271: /Users/ejunpark/.codex/worktrees/1f98bd1e-95ca-4396-82c1-c34de41a8851/OnTime-front/test/data/repositories/recurring_schedule_repository_test.dart: unbounded series detects persistent rule collisions and stores only nearby occurrences
00:13 +272: /Users/ejunpark/.codex/worktrees/1f98bd1e-95ca-4396-82c1-c34de41a8851/OnTime-front/test/data/repositories/recurring_schedule_repository_test.dart: unbounded daily intervals prove conflicts beyond deleted occurrences
00:13 +273: /Users/ejunpark/.codex/worktrees/1f98bd1e-95ca-4396-82c1-c34de41a8851/OnTime-front/test/data/repositories/recurring_schedule_repository_test.dart: an override cannot be moved into another occurrence preparation window
00:14 +274: /Users/ejunpark/.codex/worktrees/1f98bd1e-95ca-4396-82c1-c34de41a8851/OnTime-front/test/data/repositories/local_schedule_score_test.dart: normal and late finishes contribute once while deletion preserves aggregate
00:14 +275: /Users/ejunpark/.codex/worktrees/1f98bd1e-95ca-4396-82c1-c34de41a8851/OnTime-front/test/data/repositories/profile_write_preservation_test.dart: alarm repository returns preserved offset and detail preference from the DB
00:14 +276: /Users/ejunpark/.codex/worktrees/1f98bd1e-95ca-4396-82c1-c34de41a8851/OnTime-front/test/data/repositories/schedule_aggregate_repository_test.dart: place fault rolls back the whole aggregate and same intent retries
00:14 +277: /Users/ejunpark/.codex/worktrees/1f98bd1e-95ca-4396-82c1-c34de41a8851/OnTime-front/test/data/repositories/schedule_aggregate_repository_test.dart: place fault rolls back the whole aggregate and same intent retries
00:14 +278: /Users/ejunpark/.codex/worktrees/1f98bd1e-95ca-4396-82c1-c34de41a8851/OnTime-front/test/data/repositories/schedule_aggregate_repository_test.dart: place fault rolls back the whole aggregate and same intent retries
00:14 +279: /Users/ejunpark/.codex/worktrees/1f98bd1e-95ca-4396-82c1-c34de41a8851/OnTime-front/test/data/repositories/profile_write_preservation_test.dart: repeated initial creation cannot replace an existing profile
00:14 +280: /Users/ejunpark/.codex/worktrees/1f98bd1e-95ca-4396-82c1-c34de41a8851/OnTime-front/test/data/repositories/schedule_aggregate_repository_test.dart: schedule fault rolls back the whole aggregate and same intent retries
00:14 +281: /Users/ejunpark/.codex/worktrees/1f98bd1e-95ca-4396-82c1-c34de41a8851/OnTime-front/test/data/repositories/schedule_aggregate_repository_test.dart: schedule fault rolls back the whole aggregate and same intent retries
00:14 +282: /Users/ejunpark/.codex/worktrees/1f98bd1e-95ca-4396-82c1-c34de41a8851/OnTime-front/test/data/repositories/profile_write_preservation_test.dart: finish and spare time changes retain both results with one revision each
00:14 +283: /Users/ejunpark/.codex/worktrees/1f98bd1e-95ca-4396-82c1-c34de41a8851/OnTime-front/test/data/repositories/schedule_aggregate_repository_test.dart: step fault rolls back the whole aggregate and same intent retries
00:14 +284: /Users/ejunpark/.codex/worktrees/1f98bd1e-95ca-4396-82c1-c34de41a8851/OnTime-front/test/data/repositories/profile_write_preservation_test.dart: concurrent finishes count distinct schedules once and duplicate only once
00:14 +285: /Users/ejunpark/.codex/worktrees/1f98bd1e-95ca-4396-82c1-c34de41a8851/OnTime-front/test/data/repositories/schedule_aggregate_repository_test.dart: revision fault rolls back the whole aggregate and same intent retries
00:14 +286: /Users/ejunpark/.codex/worktrees/1f98bd1e-95ca-4396-82c1-c34de41a8851/OnTime-front/test/data/repositories/profile_write_preservation_test.dart: revision failure rolls back setting and profile changes
00:14 +287: /Users/ejunpark/.codex/worktrees/1f98bd1e-95ca-4396-82c1-c34de41a8851/OnTime-front/test/data/repositories/schedule_aggregate_repository_test.dart: edit failure after old preparation deletion preserves old aggregate and revision
00:14 +288: /Users/ejunpark/.codex/worktrees/1f98bd1e-95ca-4396-82c1-c34de41a8851/OnTime-front/test/data/repositories/profile_write_preservation_test.dart: revision failure rolls back schedule result and score together
00:14 +289: /Users/ejunpark/.codex/worktrees/1f98bd1e-95ca-4396-82c1-c34de41a8851/OnTime-front/test/data/repositories/schedule_aggregate_repository_test.dart: concurrent and recreated repository lost receipt retry commit once
00:14 +290: /Users/ejunpark/.codex/worktrees/1f98bd1e-95ca-4396-82c1-c34de41a8851/OnTime-front/test/data/repositories/profile_write_preservation_test.dart: onboarding preparation and profile roll back if revision fails
00:14 +291: /Users/ejunpark/.codex/worktrees/1f98bd1e-95ca-4396-82c1-c34de41a8851/OnTime-front/test/data/repositories/profile_write_preservation_test.dart: onboarding preparation and profile roll back if revision fails
00:14 +292: /Users/ejunpark/.codex/worktrees/1f98bd1e-95ca-4396-82c1-c34de41a8851/OnTime-front/test/data/repositories/schedule_aggregate_repository_test.dart: semantic no-op preserves owned step IDs and revision
00:14 +293: /Users/ejunpark/.codex/worktrees/1f98bd1e-95ca-4396-82c1-c34de41a8851/OnTime-front/test/data/repositories/profile_write_preservation_test.dart: multiple preparation steps are a no-op even when caller omits links
00:14 +294: /Users/ejunpark/.codex/worktrees/1f98bd1e-95ca-4396-82c1-c34de41a8851/OnTime-front/test/data/repositories/schedule_aggregate_repository_test.dart: two edit drafts and value ABA conflict without using global revision
00:14 +295: /Users/ejunpark/.codex/worktrees/1f98bd1e-95ca-4396-82c1-c34de41a8851/OnTime-front/test/data/repositories/schedule_aggregate_repository_test.dart: two edit drafts and value ABA conflict without using global revision
00:14 +296: /Users/ejunpark/.codex/worktrees/1f98bd1e-95ca-4396-82c1-c34de41a8851/OnTime-front/test/data/repositories/schedule_aggregate_repository_test.dart: two edit drafts and value ABA conflict without using global revision
00:14 +297: /Users/ejunpark/.codex/worktrees/1f98bd1e-95ca-4396-82c1-c34de41a8851/OnTime-front/test/data/repositories/schedule_aggregate_repository_test.dart: two edit drafts and value ABA conflict without using global revision
00:14 +298: /Users/ejunpark/.codex/worktrees/1f98bd1e-95ca-4396-82c1-c34de41a8851/OnTime-front/test/data/repositories/schedule_aggregate_repository_test.dart: two edit drafts and value ABA conflict without using global revision
00:14 +299: /Users/ejunpark/.codex/worktrees/1f98bd1e-95ca-4396-82c1-c34de41a8851/OnTime-front/test/data/repositories/schedule_aggregate_repository_test.dart: two edit drafts and value ABA conflict without using global revision
00:14 +300: /Users/ejunpark/.codex/worktrees/1f98bd1e-95ca-4396-82c1-c34de41a8851/OnTime-front/test/data/repositories/schedule_aggregate_repository_test.dart: two edit drafts and value ABA conflict without using global revision
00:14 +301: /Users/ejunpark/.codex/worktrees/1f98bd1e-95ca-4396-82c1-c34de41a8851/OnTime-front/test/data/repositories/profile_write_preservation_test.dart: raw revision update notifies DB watchers and failed profile write publishes no success
00:14 +302: /Users/ejunpark/.codex/worktrees/1f98bd1e-95ca-4396-82c1-c34de41a8851/OnTime-front/test/data/data_sources/alarm_registry_local_data_source_test.dart: malformed new content metadata never drops registry ownership records
00:14 +303: /Users/ejunpark/.codex/worktrees/1f98bd1e-95ca-4396-82c1-c34de41a8851/OnTime-front/test/data/data_sources/alarm_registry_local_data_source_test.dart: malformed new content metadata never drops registry ownership records
00:14 +304: /Users/ejunpark/.codex/worktrees/1f98bd1e-95ca-4396-82c1-c34de41a8851/OnTime-front/test/data/repositories/schedule_aggregate_repository_test.dart: new store same revision and fresh memory generation rejects old draft
00:14 +305: /Users/ejunpark/.codex/worktrees/1f98bd1e-95ca-4396-82c1-c34de41a8851/OnTime-front/test/data/data_sources/alarm_registry_local_data_source_test.dart: replaceAll persists records and removes the key when cleared
00:14 +306: /Users/ejunpark/.codex/worktrees/1f98bd1e-95ca-4396-82c1-c34de41a8851/OnTime-front/test/data/repositories/schedule_aggregate_repository_test.dart: unrelated durable create conflict is explicit; reviewed new intent succeeds
00:14 +307: /Users/ejunpark/.codex/worktrees/1f98bd1e-95ca-4396-82c1-c34de41a8851/OnTime-front/test/data/repositories/schedule_aggregate_repository_test.dart: unrelated durable create conflict is explicit; reviewed new intent succeeds
00:14 +308: /Users/ejunpark/.codex/worktrees/1f98bd1e-95ca-4396-82c1-c34de41a8851/OnTime-front/test/data/repositories/schedule_aggregate_repository_test.dart: unrelated durable create conflict is explicit; reviewed new intent succeeds
00:14 +309: /Users/ejunpark/.codex/worktrees/1f98bd1e-95ca-4396-82c1-c34de41a8851/OnTime-front/test/data/repositories/schedule_aggregate_repository_test.dart: unrelated durable create conflict is explicit; reviewed new intent succeeds
00:14 +310: /Users/ejunpark/.codex/worktrees/1f98bd1e-95ca-4396-82c1-c34de41a8851/OnTime-front/test/data/repositories/schedule_aggregate_repository_test.dart: unrelated durable create conflict is explicit; reviewed new intent succeeds
00:14 +311: /Users/ejunpark/.codex/worktrees/1f98bd1e-95ca-4396-82c1-c34de41a8851/OnTime-front/test/data/data_sources/alarm_registry_local_data_source_test.dart: preferences round trip preserves NotificationTiming.approximate and ownership pending=false
00:14 +312: /Users/ejunpark/.codex/worktrees/1f98bd1e-95ca-4396-82c1-c34de41a8851/OnTime-front/test/data/repositories/schedule_aggregate_repository_test.dart: start between draft and commit conflicts and preserves protected fields
00:14 +313: /Users/ejunpark/.codex/worktrees/1f98bd1e-95ca-4396-82c1-c34de41a8851/OnTime-front/test/data/repositories/schedule_aggregate_repository_test.dart: start between draft and commit conflicts and preserves protected fields
00:14 +314: /Users/ejunpark/.codex/worktrees/1f98bd1e-95ca-4396-82c1-c34de41a8851/OnTime-front/test/data/repositories/schedule_aggregate_repository_test.dart: same shared place label edit copies ownership
00:14 +315: /Users/ejunpark/.codex/worktrees/1f98bd1e-95ca-4396-82c1-c34de41a8851/OnTime-front/test/data/repositories/schedule_aggregate_repository_test.dart: invalid custom input is rejected atomically 0:00:00.000000
00:14 +316: /Users/ejunpark/.codex/worktrees/1f98bd1e-95ca-4396-82c1-c34de41a8851/OnTime-front/test/data/repositories/schedule_aggregate_repository_test.dart: invalid custom input is rejected atomically 0:01:59.000000
00:14 +317: /Users/ejunpark/.codex/worktrees/1f98bd1e-95ca-4396-82c1-c34de41a8851/OnTime-front/test/data/repositories/schedule_aggregate_repository_test.dart: create cannot inject outcome or frozen metadata
00:14 +318: /Users/ejunpark/.codex/worktrees/1f98bd1e-95ca-4396-82c1-c34de41a8851/OnTime-front/test/data/repositories/schedule_aggregate_repository_test.dart: recurring duplicate create has durable receipt and rejects changed input
00:14 +319: /Users/ejunpark/.codex/worktrees/1f98bd1e-95ca-4396-82c1-c34de41a8851/OnTime-front/test/data/repositories/schedule_aggregate_repository_test.dart: workflow failed delivery retry does not re-save and coalesces pending intent
00:14 +320: /Users/ejunpark/.codex/worktrees/1f98bd1e-95ca-4396-82c1-c34de41a8851/OnTime-front/test/data/repositories/schedule_aggregate_repository_test.dart: late delivery after replacement retains commit but never current success
00:14 +321: /Users/ejunpark/.codex/worktrees/1f98bd1e-95ca-4396-82c1-c34de41a8851/OnTime-front/test/data/repositories/schedule_aggregate_repository_test.dart: custom to default to template preserves reference sources and owned cleanup
00:15 +322: /Users/ejunpark/.codex/worktrees/1f98bd1e-95ca-4396-82c1-c34de41a8851/OnTime-front/test/data/repositories/schedule_aggregate_repository_test.dart: default fallback dependency ABA invalidates stale edit
00:15 +323: /Users/ejunpark/.codex/worktrees/1f98bd1e-95ca-4396-82c1-c34de41a8851/OnTime-front/test/data/repositories/schedule_aggregate_repository_test.dart: recurring preparation_definition_steps fault rolls back definitions series materialization and revision
00:15 +324: /Users/ejunpark/.codex/worktrees/1f98bd1e-95ca-4396-82c1-c34de41a8851/OnTime-front/test/data/repositories/schedule_aggregate_repository_test.dart: recurring recurring_schedule_segments fault rolls back definitions series materialization and revision
00:15 +325: /Users/ejunpark/.codex/worktrees/1f98bd1e-95ca-4396-82c1-c34de41a8851/OnTime-front/test/data/repositories/schedule_aggregate_repository_test.dart: recurring schedules fault rolls back definitions series materialization and revision
00:15 +326: /Users/ejunpark/.codex/worktrees/1f98bd1e-95ca-4396-82c1-c34de41a8851/OnTime-front/test/data/repositories/schedule_aggregate_repository_test.dart: recurring users fault rolls back definitions series materialization and revision
00:15 +327: /Users/ejunpark/.codex/worktrees/1f98bd1e-95ca-4396-82c1-c34de41a8851/OnTime-front/test/data/repositories/schedule_aggregate_repository_test.dart: following split keeps stable root through clock reversal and recovers lost receipt
00:15 +328: /Users/ejunpark/.codex/worktrees/1f98bd1e-95ca-4396-82c1-c34de41a8851/OnTime-front/test/data/data_sources/schedule_local_data_source_test.dart: creates and reads a schedule with its place
00:15 +329: /Users/ejunpark/.codex/worktrees/1f98bd1e-95ca-4396-82c1-c34de41a8851/OnTime-front/test/data/data_sources/schedule_local_data_source_test.dart: creates and reads a schedule with its place
00:15 +330: /Users/ejunpark/.codex/worktrees/1f98bd1e-95ca-4396-82c1-c34de41a8851/OnTime-front/test/data/data_sources/schedule_local_data_source_test.dart: creates and reads a schedule with its place
00:15 +331: /Users/ejunpark/.codex/worktrees/1f98bd1e-95ca-4396-82c1-c34de41a8851/OnTime-front/test/data/data_sources/schedule_local_data_source_test.dart: creates and reads a schedule with its place
00:15 +332: /Users/ejunpark/.codex/worktrees/1f98bd1e-95ca-4396-82c1-c34de41a8851/OnTime-front/test/data/data_sources/schedule_local_data_source_test.dart: creates and reads a schedule with its place
00:15 +333: /Users/ejunpark/.codex/worktrees/1f98bd1e-95ca-4396-82c1-c34de41a8851/OnTime-front/test/data/repositories/schedule_aggregate_repository_test.dart: custom step 2 insertion failure has no partial aggregate
00:15 +334: /Users/ejunpark/.codex/worktrees/1f98bd1e-95ca-4396-82c1-c34de41a8851/OnTime-front/test/data/data_sources/schedule_local_data_source_test.dart: filters schedules by date range and updates schedule fields
00:15 +335: /Users/ejunpark/.codex/worktrees/1f98bd1e-95ca-4396-82c1-c34de41a8851/OnTime-front/test/data/repositories/schedule_aggregate_repository_test.dart: clock reaching preparation start protects unchanged database baseline
00:15 +336: /Users/ejunpark/.codex/worktrees/1f98bd1e-95ca-4396-82c1-c34de41a8851/OnTime-front/test/data/data_sources/schedule_local_data_source_test.dart: filters schedule date ranges as start-inclusive and end-exclusive
00:15 +337: /Users/ejunpark/.codex/worktrees/1f98bd1e-95ca-4396-82c1-c34de41a8851/OnTime-front/test/data/repositories/schedule_aggregate_repository_test.dart: recurring RecurringEditScope.occurrence preparation_definition_steps failure preserves prior complete series
00:15 +338: /Users/ejunpark/.codex/worktrees/1f98bd1e-95ca-4396-82c1-c34de41a8851/OnTime-front/test/data/data_sources/schedule_local_data_source_test.dart: deleteSchedule removes only the requested schedule
00:15 +338 -1: /Users/ejunpark/.codex/worktrees/1f98bd1e-95ca-4396-82c1-c34de41a8851/OnTime-front/test/data/repositories/schedule_aggregate_repository_test.dart: recurring RecurringEditScope.occurrence users failure preserves prior complete series
00:15 +338 -1: /Users/ejunpark/.codex/worktrees/1f98bd1e-95ca-4396-82c1-c34de41a8851/OnTime-front/test/data/data_sources/schedule_local_data_source_test.dart: deleteSchedule removes only the requested schedule [E]
  Expected: [
              ScheduleWithPlace:ScheduleWithPlace{schedule: Schedule(aggregateIncarnation: null, aggregateVersion: null, lastMutationId: null, lastMutationDigest: null, lastMutationVersion: null, id: schedule-2, placeId: place-2, scheduleName: Meeting schedule-2, timeZoneId: Asia/Seoul, occurrenceOffsetSeconds: null, scheduleTime: 2026-05-15 11:00:00.000, moveTime: 0:20:00.000000, isChanged: false, isStarted: false, scheduleSpareTime: 0:05:00.000000, scheduleNote: note, latenessTime: -1, doneStatus: notEnded, startedAt: null, finishedAt: null, preparationMode: null, preparationTemplateId: null, preparationTemplateName: null, preparationTemplateDeleted: false, preparationFrozen: false, scoreContributionRecorded: false, recurringSegmentId: null, recurringSlotKey: null, recurringOrdinal: null, recurringOverrides: , preparationDefinitionId: null), place: Place(id: place-2, placeName: Cafe)}
            ]
    Actual: [
              ScheduleWithPlace:ScheduleWithPlace{schedule: Schedule(aggregateIncarnation: 9205074e021ac754afa7e7c110b000e1, aggregateVersion: 0, lastMutationId: null, lastMutationDigest: null, lastMutationVersion: null, id: schedule-2, placeId: place-2, scheduleName: Meeting schedule-2, timeZoneId: Asia/Seoul, occurrenceOffsetSeconds: null, scheduleTime: 2026-05-15 11:00:00.000, moveTime: 0:20:00.000000, isChanged: false, isStarted: false, scheduleSpareTime: 0:05:00.000000, scheduleNote: note, latenessTime: -1, doneStatus: notEnded, startedAt: null, finishedAt: null, preparationMode: null, preparationTemplateId: null, preparationTemplateName: null, preparationTemplateDeleted: false, preparationFrozen: false, scoreContributionRecorded: false, recurringSegmentId: null, recurringSlotKey: null, recurringOrdinal: null, recurringOverrides: , preparationDefinitionId: null), place: Place(id: place-2, placeName: Cafe)}
            ]
     Which: at location [0] is ScheduleWithPlace:<ScheduleWithPlace{schedule: Schedule(aggregateIncarnation: 9205074e021ac754afa7e7c110b000e1, aggregateVersion: 0, lastMutationId: null, lastMutationDigest: null, lastMutationVersion: null, id: schedule-2, placeId: place-2, scheduleName: Meeting schedule-2, timeZoneId: Asia/Seoul, occurrenceOffsetSeconds: null, scheduleTime: 2026-05-15 11:00:00.000, moveTime: 0:20:00.000000, isChanged: false, isStarted: false, scheduleSpareTime: 0:05:00.000000, scheduleNote: note, latenessTime: -1, doneStatus: notEnded, startedAt: null, finishedAt: null, preparationMode: null, preparationTemplateId: null, preparationTemplateName: null, preparationTemplateDeleted: false, preparationFrozen: false, scoreContributionRecorded: false, recurringSegmentId: null, recurringSlotKey: null, recurringOrdinal: null, recurringOverrides: , preparationDefinitionId: null), place: Place(id: place-2, placeName: Cafe)}> instead of ScheduleWithPlace:<ScheduleWithPlace{schedule: Schedule(aggregateIncarnation: null, aggregateVersion: null, lastMutationId: null, lastMutationDigest: null, lastMutationVersion: null, id: schedule-2, placeId: place-2, scheduleName: Meeting schedule-2, timeZoneId: Asia/Seoul, occurrenceOffsetSeconds: null, scheduleTime: 2026-05-15 11:00:00.000, moveTime: 0:20:00.000000, isChanged: false, isStarted: false, scheduleSpareTime: 0:05:00.000000, scheduleNote: note, latenessTime: -1, doneStatus: notEnded, startedAt: null, finishedAt: null, preparationMode: null, preparationTemplateId: null, preparationTemplateName: null, preparationTemplateDeleted: false, preparationFrozen: false, scoreContributionRecorded: false, recurringSegmentId: null, recurringSlotKey: null, recurringOrdinal: null, recurringOverrides: , preparationDefinitionId: null), place: Place(id: place-2, placeName: Cafe)}>

  package:matcher                                                    expect
  package:flutter_test/src/widget_tester.dart 473:18                 expect
  test/data/data_sources/schedule_local_data_source_test.dart 161:5  main.<fn>

00:15 +339 -1: /Users/ejunpark/.codex/worktrees/1f98bd1e-95ca-4396-82c1-c34de41a8851/OnTime-front/test/data/repositories/schedule_aggregate_repository_test.dart: recurring RecurringEditScope.following preparation_definition_steps failure preserves prior complete series
00:15 +340 -1: /Users/ejunpark/.codex/worktrees/1f98bd1e-95ca-4396-82c1-c34de41a8851/OnTime-front/test/data/repositories/schedule_aggregate_repository_test.dart: recurring RecurringEditScope.following preparation_definition_steps failure preserves prior complete series
00:15 +341 -1: /Users/ejunpark/.codex/worktrees/1f98bd1e-95ca-4396-82c1-c34de41a8851/OnTime-front/test/data/repositories/schedule_aggregate_repository_test.dart: recurring RecurringEditScope.following users failure preserves prior complete series
00:15 +342 -1: /Users/ejunpark/.codex/worktrees/1f98bd1e-95ca-4396-82c1-c34de41a8851/OnTime-front/test/data/repositories/schedule_aggregate_repository_test.dart: recreated create receipt cannot validate old baseline even with reused mutation identity
00:15 +343 -1: /Users/ejunpark/.codex/worktrees/1f98bd1e-95ca-4396-82c1-c34de41a8851/OnTime-front/test/data/repositories/schedule_aggregate_repository_test.dart: occurrence owned definition invalidates series root receipt dependency
00:16 +344 -1: /Users/ejunpark/.codex/worktrees/1f98bd1e-95ca-4396-82c1-c34de41a8851/OnTime-front/test/data/data_sources/preparation_with_time_local_data_source_test.dart: savePreparation persists elapsed step state for a schedule
00:16 +345 -1: /Users/ejunpark/.codex/worktrees/1f98bd1e-95ca-4396-82c1-c34de41a8851/OnTime-front/test/data/data_sources/preparation_with_time_local_data_source_test.dart: savePreparation persists preparation run action events
00:16 +346 -1: /Users/ejunpark/.codex/worktrees/1f98bd1e-95ca-4396-82c1-c34de41a8851/OnTime-front/test/data/data_sources/preparation_with_time_local_data_source_test.dart: loadPreparation returns null for missing or corrupt snapshots
00:16 +347 -1: /Users/ejunpark/.codex/worktrees/1f98bd1e-95ca-4396-82c1-c34de41a8851/OnTime-front/test/data/data_sources/preparation_with_time_local_data_source_test.dart: loadPreparation rejects unverifiable legacy snapshots
00:16 +348 -1: /Users/ejunpark/.codex/worktrees/1f98bd1e-95ca-4396-82c1-c34de41a8851/OnTime-front/test/data/data_sources/preparation_with_time_local_data_source_test.dart: clearPreparation removes only the requested schedule snapshot
00:16 +349 -1: /Users/ejunpark/.codex/worktrees/1f98bd1e-95ca-4396-82c1-c34de41a8851/OnTime-front/test/data/data_sources/preparation_with_time_local_data_source_test.dart: explicit malformed events and negative progress invalidate whole snapshot
00:16 +350 -1: /Users/ejunpark/.codex/worktrees/1f98bd1e-95ca-4396-82c1-c34de41a8851/OnTime-front/test/data/data_sources/preparation_with_time_local_data_source_test.dart: TimedPreparationRepositoryImpl delegates cache lifecycle operations
00:16 +351 -1: /Users/ejunpark/.codex/worktrees/1f98bd1e-95ca-4396-82c1-c34de41a8851/OnTime-front/test/data/data_sources/preparation_local_data_source_test.dart: creates and updates the default user preparation
00:16 +352 -1: /Users/ejunpark/.codex/worktrees/1f98bd1e-95ca-4396-82c1-c34de41a8851/OnTime-front/test/data/data_sources/preparation_local_data_source_test.dart: creates, reads, updates, and deletes custom schedule preparation
00:16 +353 -1: /Users/ejunpark/.codex/worktrees/1f98bd1e-95ca-4396-82c1-c34de41a8851/OnTime-front/test/data/data_sources/preparation_local_data_source_test.dart: deletePreparation rejects empty preparation entities
00:16 +354 -1: /Users/ejunpark/.codex/worktrees/1f98bd1e-95ca-4396-82c1-c34de41a8851/OnTime-front/test/data/data_sources/early_start_session_local_data_source_test.dart: saves and loads the early start timestamp per schedule
00:16 +355 -1: /Users/ejunpark/.codex/worktrees/1f98bd1e-95ca-4396-82c1-c34de41a8851/OnTime-front/test/data/data_sources/early_start_session_local_data_source_test.dart: returns null for missing, corrupt, and incomplete session payloads
00:16 +356 -1: /Users/ejunpark/.codex/worktrees/1f98bd1e-95ca-4396-82c1-c34de41a8851/OnTime-front/test/data/data_sources/early_start_session_local_data_source_test.dart: clearSession removes only the requested schedule session
00:16 +357 -1: /Users/ejunpark/.codex/worktrees/1f98bd1e-95ca-4396-82c1-c34de41a8851/OnTime-front/test/data/mappers/domain_persistence_mappers_test.dart: domain persistence mappers map schedules to and from database rows preserving stored fields
00:16 +358 -1: /Users/ejunpark/.codex/worktrees/1f98bd1e-95ca-4396-82c1-c34de41a8851/OnTime-front/test/data/mappers/domain_persistence_mappers_test.dart: domain persistence mappers maps users to and from database rows preserving profile values
00:16 +359 -1: /Users/ejunpark/.codex/worktrees/1f98bd1e-95ca-4396-82c1-c34de41a8851/OnTime-front/test/data/mappers/domain_persistence_mappers_test.dart: domain persistence mappers empty users cannot be converted to database rows
00:16 +360 -1: /Users/ejunpark/.codex/worktrees/1f98bd1e-95ca-4396-82c1-c34de41a8851/OnTime-front/test/data/mappers/domain_persistence_mappers_test.dart: domain persistence mappers maps places and preparation steps to database rows
00:16 +361 -1: /Users/ejunpark/.codex/worktrees/1f98bd1e-95ca-4396-82c1-c34de41a8851/OnTime-front/test/data/daos/user_dao_test.dart: createUser persists the user profile fields
00:16 +362 -1: /Users/ejunpark/.codex/worktrees/1f98bd1e-95ca-4396-82c1-c34de41a8851/OnTime-front/test/data/daos/user_dao_test.dart: getUserById returns null for an unknown user
00:16 +363 -1: /Users/ejunpark/.codex/worktrees/1f98bd1e-95ca-4396-82c1-c34de41a8851/OnTime-front/test/data/daos/user_dao_test.dart: getAllUsers returns all persisted users as domain entities
00:17 +364 -1: /Users/ejunpark/.codex/worktrees/1f98bd1e-95ca-4396-82c1-c34de41a8851/OnTime-front/test/data/daos/preparation_user_dao_test.dart: createPreparationUser should insert preparation steps and link them as a linked list
00:17 +365 -1: /Users/ejunpark/.codex/worktrees/1f98bd1e-95ca-4396-82c1-c34de41a8851/OnTime-front/test/data/daos/preparation_schedule_dao_test.dart: createPreparationUser should insert preparation steps and link them as a linked list
00:17 +366 -1: /Users/ejunpark/.codex/worktrees/1f98bd1e-95ca-4396-82c1-c34de41a8851/OnTime-front/test/data/daos/preparation_schedule_dao_test.dart: createPreparationUser should insert preparation steps and link them as a linked list
00:17 +367 -1: /Users/ejunpark/.codex/worktrees/1f98bd1e-95ca-4396-82c1-c34de41a8851/OnTime-front/test/data/daos/preparation_schedule_dao_test.dart: createPreparationUser should insert preparation steps and link them as a linked list
00:17 +368 -1: /Users/ejunpark/.codex/worktrees/1f98bd1e-95ca-4396-82c1-c34de41a8851/OnTime-front/test/data/daos/preparation_schedule_dao_test.dart: createPreparationUser should insert preparation steps and link them as a linked list
00:17 +369 -1: /Users/ejunpark/.codex/worktrees/1f98bd1e-95ca-4396-82c1-c34de41a8851/OnTime-front/test/data/daos/preparation_schedule_dao_test.dart: createPreparationUser should insert preparation steps and link them as a linked list
00:17 +370 -1: /Users/ejunpark/.codex/worktrees/1f98bd1e-95ca-4396-82c1-c34de41a8851/OnTime-front/test/data/daos/preparation_schedule_dao_test.dart: createPreparationUser should insert preparation steps and link them as a linked list
00:17 +371 -1: /Users/ejunpark/.codex/worktrees/1f98bd1e-95ca-4396-82c1-c34de41a8851/OnTime-front/test/data/daos/preparation_schedule_dao_test.dart: createPreparationUser should insert preparation steps and link them as a linked list
00:17 +372 -1: /Users/ejunpark/.codex/worktrees/1f98bd1e-95ca-4396-82c1-c34de41a8851/OnTime-front/test/data/daos/preparation_schedule_dao_test.dart: createPreparationUser should insert preparation steps and link them as a linked list
00:17 +373 -1: /Users/ejunpark/.codex/worktrees/1f98bd1e-95ca-4396-82c1-c34de41a8851/OnTime-front/test/data/daos/preparation_schedule_dao_test.dart: createPreparationUser should insert preparation steps and link them as a linked list
00:17 +374 -1: /Users/ejunpark/.codex/worktrees/1f98bd1e-95ca-4396-82c1-c34de41a8851/OnTime-front/test/data/daos/preparation_schedule_dao_test.dart: createPreparationUser should insert preparation steps and link them as a linked list
00:17 +375 -1: /Users/ejunpark/.codex/worktrees/1f98bd1e-95ca-4396-82c1-c34de41a8851/OnTime-front/test/data/daos/preparation_schedule_dao_test.dart: createPreparationUser should insert preparation steps and link them as a linked list
00:17 +376 -1: /Users/ejunpark/.codex/worktrees/1f98bd1e-95ca-4396-82c1-c34de41a8851/OnTime-front/test/data/daos/preparation_schedule_dao_test.dart: createPreparationUser should insert preparation steps and link them as a linked list
00:17 +377 -1: /Users/ejunpark/.codex/worktrees/1f98bd1e-95ca-4396-82c1-c34de41a8851/OnTime-front/test/data/daos/preparation_schedule_dao_test.dart: createPreparationUser should insert preparation steps and link them as a linked list
00:17 +378 -1: /Users/ejunpark/.codex/worktrees/1f98bd1e-95ca-4396-82c1-c34de41a8851/OnTime-front/test/data/daos/preparation_schedule_dao_test.dart: createPreparationUser should insert preparation steps and link them as a linked list
00:17 +379 -1: /Users/ejunpark/.codex/worktrees/1f98bd1e-95ca-4396-82c1-c34de41a8851/OnTime-front/test/data/daos/preparation_schedule_dao_test.dart: createPreparationUser should insert preparation steps and link them as a linked list
00:17 +380 -1: /Users/ejunpark/.codex/worktrees/1f98bd1e-95ca-4396-82c1-c34de41a8851/OnTime-front/test/data/daos/preparation_schedule_dao_test.dart: createPreparationUser should insert preparation steps and link them as a linked list
00:17 +381 -1: /Users/ejunpark/.codex/worktrees/1f98bd1e-95ca-4396-82c1-c34de41a8851/OnTime-front/test/data/daos/preparation_schedule_dao_test.dart: createPreparationUser should insert preparation steps and link them as a linked list
00:17 +382 -1: /Users/ejunpark/.codex/worktrees/1f98bd1e-95ca-4396-82c1-c34de41a8851/OnTime-front/test/data/daos/preparation_schedule_dao_test.dart: createPreparationUser should insert preparation steps and link them as a linked list
00:17 +383 -1: /Users/ejunpark/.codex/worktrees/1f98bd1e-95ca-4396-82c1-c34de41a8851/OnTime-front/test/data/daos/preparation_schedule_dao_test.dart: createPreparationUser should insert preparation steps and link them as a linked list
00:17 +384 -1: /Users/ejunpark/.codex/worktrees/1f98bd1e-95ca-4396-82c1-c34de41a8851/OnTime-front/test/data/daos/preparation_user_dao_test.dart: getPreparationStepById should throw when the preparation step does not exist
00:17 +385 -1: /Users/ejunpark/.codex/worktrees/1f98bd1e-95ca-4396-82c1-c34de41a8851/OnTime-front/test/data/daos/preparation_schedule_dao_test.dart: getPreparationUsersByUserId should return ordered preparation steps for a given user
00:17 +386 -1: /Users/ejunpark/.codex/worktrees/1f98bd1e-95ca-4396-82c1-c34de41a8851/OnTime-front/test/data/daos/preparation_user_dao_test.dart: deletePreparationUser should delete a preparation step and relink the list
00:17 +387 -1: /Users/ejunpark/.codex/worktrees/1f98bd1e-95ca-4396-82c1-c34de41a8851/OnTime-front/test/data/daos/preparation_schedule_dao_test.dart: deletePreparationUser should delete a preparation step and relink the list
00:17 +388 -1: /Users/ejunpark/.codex/worktrees/1f98bd1e-95ca-4396-82c1-c34de41a8851/OnTime-front/test/data/daos/preparation_schedule_dao_test.dart: deletePreparationUser should delete a preparation step and relink the list
00:17 +389 -1: /Users/ejunpark/.codex/worktrees/1f98bd1e-95ca-4396-82c1-c34de41a8851/OnTime-front/test/data/daos/schedule_dao_test.dart: missing schedule has typed absence while database failure stays an error
00:17 +390 -1: /Users/ejunpark/.codex/worktrees/1f98bd1e-95ca-4396-82c1-c34de41a8851/OnTime-front/test/data/daos/schedule_dao_test.dart: missing schedule has typed absence while database failure stays an error
00:17 +391 -1: /Users/ejunpark/.codex/worktrees/1f98bd1e-95ca-4396-82c1-c34de41a8851/OnTime-front/test/data/daos/schedule_dao_test.dart: missing schedule has typed absence while database failure stays an error
00:17 +392 -1: /Users/ejunpark/.codex/worktrees/1f98bd1e-95ca-4396-82c1-c34de41a8851/OnTime-front/test/data/daos/schedule_dao_test.dart: missing schedule has typed absence while database failure stays an error
00:17 +393 -1: /Users/ejunpark/.codex/worktrees/1f98bd1e-95ca-4396-82c1-c34de41a8851/OnTime-front/test/data/daos/schedule_dao_test.dart: missing schedule has typed absence while database failure stays an error
00:17 +394 -1: /Users/ejunpark/.codex/worktrees/1f98bd1e-95ca-4396-82c1-c34de41a8851/OnTime-front/test/data/daos/schedule_dao_test.dart: missing schedule has typed absence while database failure stays an error
00:17 +395 -1: /Users/ejunpark/.codex/worktrees/1f98bd1e-95ca-4396-82c1-c34de41a8851/OnTime-front/test/data/daos/schedule_dao_test.dart: missing schedule has typed absence while database failure stays an error
00:17 +396 -1: /Users/ejunpark/.codex/worktrees/1f98bd1e-95ca-4396-82c1-c34de41a8851/OnTime-front/test/data/daos/schedule_dao_test.dart: missing schedule has typed absence while database failure stays an error
00:17 +397 -1: /Users/ejunpark/.codex/worktrees/1f98bd1e-95ca-4396-82c1-c34de41a8851/OnTime-front/test/data/daos/schedule_dao_test.dart: missing schedule has typed absence while database failure stays an error
00:17 +398 -1: /Users/ejunpark/.codex/worktrees/1f98bd1e-95ca-4396-82c1-c34de41a8851/OnTime-front/test/data/daos/schedule_dao_test.dart: missing schedule has typed absence while database failure stays an error
00:17 +399 -1: /Users/ejunpark/.codex/worktrees/1f98bd1e-95ca-4396-82c1-c34de41a8851/OnTime-front/test/data/daos/preparation_schedule_dao_test.dart: schedule preparations deletePreparationSchedule removes middle step and relinks neighbors
00:17 +400 -1: /Users/ejunpark/.codex/worktrees/1f98bd1e-95ca-4396-82c1-c34de41a8851/OnTime-front/test/data/daos/schedule_dao_test.dart: createSchedule should insert a schedule into the database
00:17 +401 -1: /Users/ejunpark/.codex/worktrees/1f98bd1e-95ca-4396-82c1-c34de41a8851/OnTime-front/test/data/daos/schedule_dao_test.dart: updateSchedule should update a schedule in the database
00:17 +401 -2: /Users/ejunpark/.codex/worktrees/1f98bd1e-95ca-4396-82c1-c34de41a8851/OnTime-front/test/domain/use-cases/reconcile_alarms_use_case_test.dart: Android grant and revoke replace timing while preserving capacity and ownership
00:17 +401 -2: /Users/ejunpark/.codex/worktrees/1f98bd1e-95ca-4396-82c1-c34de41a8851/OnTime-front/test/data/daos/schedule_dao_test.dart: updateSchedule should update a schedule in the database [E]
  Expected: Schedule:<Schedule(aggregateIncarnation: null, aggregateVersion: null, lastMutationId: null, lastMutationDigest: null, lastMutationVersion: null, id: 01a0d184-fc65-74d7-a5d8-fd3dca49b6a2, placeId: 01a0d184-fc68-7162-91a0-a8d3998f0d0f, scheduleName: Updated Schedule, timeZoneId: Asia/Seoul, occurrenceOffsetSeconds: null, scheduleTime: 2022-01-01 12:00:00.000, moveTime: 0:10:00.000000, isChanged: false, isStarted: false, scheduleSpareTime: 0:05:00.000000, scheduleNote: Test Note, latenessTime: 0, doneStatus: notEnded, startedAt: null, finishedAt: null, preparationMode: null, preparationTemplateId: null, preparationTemplateName: null, preparationTemplateDeleted: false, preparationFrozen: false, scoreContributionRecorded: false, recurringSegmentId: null, recurringSlotKey: null, recurringOrdinal: null, recurringOverrides: , preparationDefinitionId: null)>
    Actual: Schedule:<Schedule(aggregateIncarnation: a54967fe19e2c283a71bfa3ebb56979d, aggregateVersion: 0, lastMutationId: null, lastMutationDigest: null, lastMutationVersion: null, id: 01a0d184-fc65-74d7-a5d8-fd3dca49b6a2, placeId: 01a0d184-fc68-7162-91a0-a8d3998f0d0f, scheduleName: Updated Schedule, timeZoneId: Asia/Seoul, occurrenceOffsetSeconds: null, scheduleTime: 2022-01-01 12:00:00.000, moveTime: 0:10:00.000000, isChanged: false, isStarted: false, scheduleSpareTime: 0:05:00.000000, scheduleNote: Test Note, latenessTime: 0, doneStatus: notEnded, startedAt: null, finishedAt: null, preparationMode: null, preparationTemplateId: null, preparationTemplateName: null, preparationTemplateDeleted: false, preparationFrozen: false, scoreContributionRecorded: false, recurringSegmentId: null, recurringSlotKey: null, recurringOrdinal: null, recurringOverrides: , preparationDefinitionId: null)>

  package:matcher                                     expect
  package:flutter_test/src/widget_tester.dart 473:18  expect
  test/data/daos/schedule_dao_test.dart 96:7          main.<fn>.<fn>

00:17 +402 -2: /Users/ejunpark/.codex/worktrees/1f98bd1e-95ca-4396-82c1-c34de41a8851/OnTime-front/test/domain/use-cases/reconcile_alarms_use_case_test.dart: Android grant and revoke replace timing while preserving capacity and ownership
00:17 +402 -3: /Users/ejunpark/.codex/worktrees/1f98bd1e-95ca-4396-82c1-c34de41a8851/OnTime-front/test/domain/use-cases/reconcile_alarms_use_case_test.dart: Android grant and revoke replace timing while preserving capacity and ownership
00:17 +402 -3: /Users/ejunpark/.codex/worktrees/1f98bd1e-95ca-4396-82c1-c34de41a8851/OnTime-front/test/data/daos/schedule_dao_test.dart: getScheduleById should return a schedule from the database of given [id] [E]
  Expected: ScheduleWithPlace:<ScheduleWithPlace{schedule: Schedule(aggregateIncarnation: null, aggregateVersion: null, lastMutationId: null, lastMutationDigest: null, lastMutationVersion: null, id: 01a0d184-fc65-74d7-a5d8-fd3dca49b6a2, placeId: 01a0d184-fc68-7162-91a0-a8d3998f0d0f, scheduleName: Test Schedule, timeZoneId: Asia/Seoul, occurrenceOffsetSeconds: null, scheduleTime: 2022-01-01 12:00:00.000, moveTime: 0:10:00.000000, isChanged: false, isStarted: false, scheduleSpareTime: 0:05:00.000000, scheduleNote: Test Note, latenessTime: 0, doneStatus: notEnded, startedAt: null, finishedAt: null, preparationMode: null, preparationTemplateId: null, preparationTemplateName: null, preparationTemplateDeleted: false, preparationFrozen: false, scoreContributionRecorded: false, recurringSegmentId: null, recurringSlotKey: null, recurringOrdinal: null, recurringOverrides: , preparationDefinitionId: null), place: Place(id: 01a0d184-fc68-7162-91a0-a8d3998f0d0f, placeName: Test Place)}>
    Actual: ScheduleWithPlace:<ScheduleWithPlace{schedule: Schedule(aggregateIncarnation: 193438f807e602b3ce148efdfcb215fb, aggregateVersion: 0, lastMutationId: null, lastMutationDigest: null, lastMutationVersion: null, id: 01a0d184-fc65-74d7-a5d8-fd3dca49b6a2, placeId: 01a0d184-fc68-7162-91a0-a8d3998f0d0f, scheduleName: Test Schedule, timeZoneId: Asia/Seoul, occurrenceOffsetSeconds: null, scheduleTime: 2022-01-01 12:00:00.000, moveTime: 0:10:00.000000, isChanged: false, isStarted: false, scheduleSpareTime: 0:05:00.000000, scheduleNote: Test Note, latenessTime: 0, doneStatus: notEnded, startedAt: null, finishedAt: null, preparationMode: null, preparationTemplateId: null, preparationTemplateName: null, preparationTemplateDeleted: false, preparationFrozen: false, scoreContributionRecorded: false, recurringSegmentId: null, recurringSlotKey: null, recurringOrdinal: null, recurringOverrides: , preparationDefinitionId: null), place: Place(id: 01a0d184-fc68-7162-91a0-a8d3998f0d0f, placeName: Test Place)}>

  package:matcher                                     expect
  package:flutter_test/src/widget_tester.dart 473:18  expect
  test/data/daos/schedule_dao_test.dart 136:7         main.<fn>.<fn>

00:17 +403 -3: /Users/ejunpark/.codex/worktrees/1f98bd1e-95ca-4396-82c1-c34de41a8851/OnTime-front/test/data/daos/schedule_dao_test.dart: getSchedulesByDate includes start date and excludes exact end date
00:17 +404 -3: /Users/ejunpark/.codex/worktrees/1f98bd1e-95ca-4396-82c1-c34de41a8851/OnTime-front/test/data/daos/schedule_dao_test.dart: getSchedulesByDate includes start date and excludes exact end date
00:17 +405 -3: /Users/ejunpark/.codex/worktrees/1f98bd1e-95ca-4396-82c1-c34de41a8851/OnTime-front/test/domain/use-cases/reconcile_alarms_use_case_test.dart: legacy or malformed mode keeps ownership and forces Android replacement
00:17 +406 -3: /Users/ejunpark/.codex/worktrees/1f98bd1e-95ca-4396-82c1-c34de41a8851/OnTime-front/test/data/daos/schedule_dao_test.dart: getSchedulesByDate should return a list of schedules between [startDate] and [endDate]
00:17 +407 -3: /Users/ejunpark/.codex/worktrees/1f98bd1e-95ca-4396-82c1-c34de41a8851/OnTime-front/test/data/daos/schedule_dao_test.dart: getSchedulesByDate should return a list of schedules between [startDate] and [endDate]
00:17 +407 -4: /Users/ejunpark/.codex/worktrees/1f98bd1e-95ca-4396-82c1-c34de41a8851/OnTime-front/test/domain/use-cases/reconcile_alarms_use_case_test.dart: display denial plus cancellation failure preserves OS ownership
00:17 +407 -4: /Users/ejunpark/.codex/worktrees/1f98bd1e-95ca-4396-82c1-c34de41a8851/OnTime-front/test/data/daos/schedule_dao_test.dart: getSchedulesByDate should return a list of schedules between [startDate] and [endDate] [E]
  Expected: [
              ScheduleWithPlace:ScheduleWithPlace{schedule: Schedule(aggregateIncarnation: null, aggregateVersion: null, lastMutationId: null, lastMutationDigest: null, lastMutationVersion: null, id: 01a0d184-fc65-74d7-a5d8-fd3dca49b6a2, placeId: 01a0d184-fc68-7162-91a0-a8d3998f0d0f, scheduleName: Test Schedule, timeZoneId: Asia/Seoul, occurrenceOffsetSeconds: null, scheduleTime: 2022-01-01 12:00:00.000, moveTime: 0:10:00.000000, isChanged: false, isStarted: false, scheduleSpareTime: 0:05:00.000000, scheduleNote: Test Note, latenessTime: 0, doneStatus: notEnded, startedAt: null, finishedAt: null, preparationMode: null, preparationTemplateId: null, preparationTemplateName: null, preparationTemplateDeleted: false, preparationFrozen: false, scoreContributionRecorded: false, recurringSegmentId: null, recurringSlotKey: null, recurringOrdinal: null, recurringOverrides: , preparationDefinitionId: null), place: Place(id: 01a0d184-fc68-7162-91a0-a8d3998f0d0f, placeName: Test Place)}
            ]
    Actual: [
              ScheduleWithPlace:ScheduleWithPlace{schedule: Schedule(aggregateIncarnation: 294751197942d269f1b7d7d1f8f0ba49, aggregateVersion: 0, lastMutationId: null, lastMutationDigest: null, lastMutationVersion: null, id: 01a0d184-fc65-74d7-a5d8-fd3dca49b6a2, placeId: 01a0d184-fc68-7162-91a0-a8d3998f0d0f, scheduleName: Test Schedule, timeZoneId: Asia/Seoul, occurrenceOffsetSeconds: null, scheduleTime: 2022-01-01 12:00:00.000, moveTime: 0:10:00.000000, isChanged: false, isStarted: false, scheduleSpareTime: 0:05:00.000000, scheduleNote: Test Note, latenessTime: 0, doneStatus: notEnded, startedAt: null, finishedAt: null, preparationMode: null, preparationTemplateId: null, preparationTemplateName: null, preparationTemplateDeleted: false, preparationFrozen: false, scoreContributionRecorded: false, recurringSegmentId: null, recurringSlotKey: null, recurringOrdinal: null, recurringOverrides: , preparationDefinitionId: null), place: Place(id: 01a0d184-fc68-7162-91a0-a8d3998f0d0f, placeName: Test Place)}
            ]
     Which: at location [0] is ScheduleWithPlace:<ScheduleWithPlace{schedule: Schedule(aggregateIncarnation: 294751197942d269f1b7d7d1f8f0ba49, aggregateVersion: 0, lastMutationId: null, lastMutationDigest: null, lastMutationVersion: null, id: 01a0d184-fc65-74d7-a5d8-fd3dca49b6a2, placeId: 01a0d184-fc68-7162-91a0-a8d3998f0d0f, scheduleName: Test Schedule, timeZoneId: Asia/Seoul, occurrenceOffsetSeconds: null, scheduleTime: 2022-01-01 12:00:00.000, moveTime: 0:10:00.000000, isChanged: false, isStarted: false, scheduleSpareTime: 0:05:00.000000, scheduleNote: Test Note, latenessTime: 0, doneStatus: notEnded, startedAt: null, finishedAt: null, preparationMode: null, preparationTemplateId: null, preparationTemplateName: null, preparationTemplateDeleted: false, preparationFrozen: false, scoreContributionRecorded: false, recurringSegmentId: null, recurringSlotKey: null, recurringOrdinal: null, recurringOverrides: , preparationDefinitionId: null), place: Place(id: 01a0d184-fc68-7162-91a0-a8d3998f0d0f, placeName: Test Place)}> instead of ScheduleWithPlace:<ScheduleWithPlace{schedule: Schedule(aggregateIncarnation: null, aggregateVersion: null, lastMutationId: null, lastMutationDigest: null, lastMutationVersion: null, id: 01a0d184-fc65-74d7-a5d8-fd3dca49b6a2, placeId: 01a0d184-fc68-7162-91a0-a8d3998f0d0f, scheduleName: Test Schedule, timeZoneId: Asia/Seoul, occurrenceOffsetSeconds: null, scheduleTime: 2022-01-01 12:00:00.000, moveTime: 0:10:00.000000, isChanged: false, isStarted: false, scheduleSpareTime: 0:05:00.000000, scheduleNote: Test Note, latenessTime: 0, doneStatus: notEnded, startedAt: null, finishedAt: null, preparationMode: null, preparationTemplateId: null, preparationTemplateName: null, preparationTemplateDeleted: false, preparationFrozen: false, scoreContributionRecorded: false, recurringSegmentId: null, recurringSlotKey: null, recurringOrdinal: null, recurringOverrides: , preparationDefinitionId: null), place: Place(id: 01a0d184-fc68-7162-91a0-a8d3998f0d0f, placeName: Test Place)}>

  package:matcher                                     expect
  package:flutter_test/src/widget_tester.dart 473:18  expect
  test/data/daos/schedule_dao_test.dart 202:9         main.<fn>.<fn>

00:17 +408 -4: /Users/ejunpark/.codex/worktrees/1f98bd1e-95ca-4396-82c1-c34de41a8851/OnTime-front/test/domain/use-cases/reconcile_alarms_use_case_test.dart: requests the full future window and schedules only eligible records
00:17 +409 -4: /Users/ejunpark/.codex/worktrees/1f98bd1e-95ca-4396-82c1-c34de41a8851/OnTime-front/test/data/daos/schedule_dao_test.dart: getSchedulesByDate should return a list of schedules later then [startDate] if [endDate] is null
00:17 +410 -4: /Users/ejunpark/.codex/worktrees/1f98bd1e-95ca-4396-82c1-c34de41a8851/OnTime-front/test/data/daos/schedule_dao_test.dart: getSchedulesByDate should return a list of schedules later then [startDate] if [endDate] is null
00:17 +410 -5: /Users/ejunpark/.codex/worktrees/1f98bd1e-95ca-4396-82c1-c34de41a8851/OnTime-front/test/domain/use-cases/reconcile_alarms_use_case_test.dart: clears an already armed just-missed alarm instead of scheduling catch-up
00:17 +411 -5: /Users/ejunpark/.codex/worktrees/1f98bd1e-95ca-4396-82c1-c34de41a8851/OnTime-front/test/domain/use-cases/reconcile_alarms_use_case_test.dart: android schedule notifications arm beyond 24 hours
00:17 +411 -5: /Users/ejunpark/.codex/worktrees/1f98bd1e-95ca-4396-82c1-c34de41a8851/OnTime-front/test/data/daos/schedule_dao_test.dart: getSchedulesByDate should return a list of schedules later then [startDate] if [endDate] is null [E]
  Expected: [
              ScheduleWithPlace:ScheduleWithPlace{schedule: Schedule(aggregateIncarnation: null, aggregateVersion: null, lastMutationId: null, lastMutationDigest: null, lastMutationVersion: null, id: 01a0d184-fc65-74d7-a5d8-fd3dca49b6a2, placeId: 01a0d184-fc68-7162-91a0-a8d3998f0d0f, scheduleName: Test Schedule, timeZoneId: Asia/Seoul, occurrenceOffsetSeconds: null, scheduleTime: 2022-01-01 12:00:00.000, moveTime: 0:10:00.000000, isChanged: false, isStarted: false, scheduleSpareTime: 0:05:00.000000, scheduleNote: Test Note, latenessTime: 0, doneStatus: notEnded, startedAt: null, finishedAt: null, preparationMode: null, preparationTemplateId: null, preparationTemplateName: null, preparationTemplateDeleted: false, preparationFrozen: false, scoreContributionRecorded: false, recurringSegmentId: null, recurringSlotKey: null, recurringOrdinal: null, recurringOverrides: , preparationDefinitionId: null), place: Place(id: 01a0d184-fc68-7162-91a0-a8d3998f0d0f, placeName: Test Place)},
              ScheduleWithPlace:ScheduleWithPlace{schedule: Schedule(aggregateIncarnation: null, aggregateVersion: null, lastMutationId: null, lastMutationDigest: null, lastMutationVersion: null, id: 01a0d184-fd5b-7e67-86a2-84a2612c2729, placeId: 01a0d184-fc68-7162-91a0-a8d3998f0d0f, scheduleName: Test Schedule, timeZoneId: Asia/Seoul, occurrenceOffsetSeconds: null, scheduleTime: 2022-01-04 00:00:00.000, moveTime: 0:10:00.000000, isChanged: false, isStarted: false, scheduleSpareTime: 0:05:00.000000, scheduleNote: Test Note, latenessTime: 0, doneStatus: notEnded, startedAt: null, finishedAt: null, preparationMode: null, preparationTemplateId: null, preparationTemplateName: null, preparationTemplateDeleted: false, preparationFrozen: false, scoreContributionRecorded: false, recurringSegmentId: null, recurringSlotKey: null, recurringOrdinal: null, recurringOverrides: , preparationDefinitionId: null), place: Place(id: 01a0d184-fc68-7162-91a0-a8d3998f0d0f, placeName: Test Place)}
            ]
    Actual: [
              ScheduleWithPlace:ScheduleWithPlace{schedule: Schedule(aggregateIncarnation: 48c372587caf8f44e64a1d6ebadbde2b, aggregateVersion: 0, lastMutationId: null, lastMutationDigest: null, lastMutationVersion: null, id: 01a0d184-fc65-74d7-a5d8-fd3dca49b6a2, placeId: 01a0d184-fc68-7162-91a0-a8d3998f0d0f, scheduleName: Test Schedule, timeZoneId: Asia/Seoul, occurrenceOffsetSeconds: null, scheduleTime: 2022-01-01 12:00:00.000, moveTime: 0:10:00.000000, isChanged: false, isStarted: false, scheduleSpareTime: 0:05:00.000000, scheduleNote: Test Note, latenessTime: 0, doneStatus: notEnded, startedAt: null, finishedAt: null, preparationMode: null, preparationTemplateId: null, preparationTemplateName: null, preparationTemplateDeleted: false, preparationFrozen: false, scoreContributionRecorded: false, recurringSegmentId: null, recurringSlotKey: null, recurringOrdinal: null, recurringOverrides: , preparationDefinitionId: null), place: Place(id: 01a0d184-fc68-7162-91a0-a8d3998f0d0f, placeName: Test Place)},
              ScheduleWithPlace:ScheduleWithPlace{schedule: Schedule(aggregateIncarnation: 7eefbb332dd6730a29b76b13196a25e2, aggregateVersion: 0, lastMutationId: null, lastMutationDigest: null, lastMutationVersion: null, id: 01a0d184-fd5b-7e67-86a2-84a2612c2729, placeId: 01a0d184-fc68-7162-91a0-a8d3998f0d0f, scheduleName: Test Schedule, timeZoneId: Asia/Seoul, occurrenceOffsetSeconds: null, scheduleTime: 2022-01-04 00:00:00.000, moveTime: 0:10:00.000000, isChanged: false, isStarted: false, scheduleSpareTime: 0:05:00.000000, scheduleNote: Test Note, latenessTime: 0, doneStatus: notEnded, startedAt: null, finishedAt: null, preparationMode: null, preparationTemplateId: null, preparationTemplateName: null, preparationTemplateDeleted: false, preparationFrozen: false, scoreContributionRecorded: false, recurringSegmentId: null, recurringSlotKey: null, recurringOrdinal: null, recurringOverrides: , preparationDefinitionId: null), place: Place(id: 01a0d184-fc68-7162-91a0-a8d3998f0d0f, placeName: Test Place)}
            ]
     Which: at location [0] is ScheduleWithPlace:<ScheduleWithPlace{schedule: Schedule(aggregateIncarnation: 48c372587caf8f44e64a1d6ebadbde2b, aggregateVersion: 0, lastMutationId: null, lastMutationDigest: null, lastMutationVersion: null, id: 01a0d184-fc65-74d7-a5d8-fd3dca49b6a2, placeId: 01a0d184-fc68-7162-91a0-a8d3998f0d0f, scheduleName: Test Schedule, timeZoneId: Asia/Seoul, occurrenceOffsetSeconds: null, scheduleTime: 2022-01-01 12:00:00.000, moveTime: 0:10:00.000000, isChanged: false, isStarted: false, scheduleSpareTime: 0:05:00.000000, scheduleNote: Test Note, latenessTime: 0, doneStatus: notEnded, startedAt: null, finishedAt: null, preparationMode: null, preparationTemplateId: null, preparationTemplateName: null, preparationTemplateDeleted: false, preparationFrozen: false, scoreContributionRecorded: false, recurringSegmentId: null, recurringSlotKey: null, recurringOrdinal: null, recurringOverrides: , preparationDefinitionId: null), place: Place(id: 01a0d184-fc68-7162-91a0-a8d3998f0d0f, placeName: Test Place)}> instead of ScheduleWithPlace:<ScheduleWithPlace{schedule: Schedule(aggregateIncarnation: null, aggregateVersion: null, lastMutationId: null, lastMutationDigest: null, lastMutationVersion: null, id: 01a0d184-fc65-74d7-a5d8-fd3dca49b6a2, placeId: 01a0d184-fc68-7162-91a0-a8d3998f0d0f, scheduleName: Test Schedule, timeZoneId: Asia/Seoul, occurrenceOffsetSeconds: null, scheduleTime: 2022-01-01 12:00:00.000, moveTime: 0:10:00.000000, isChanged: false, isStarted: false, scheduleSpareTime: 0:05:00.000000, scheduleNote: Test Note, latenessTime: 0, doneStatus: notEnded, startedAt: null, finishedAt: null, preparationMode: null, preparationTemplateId: null, preparationTemplateName: null, preparationTemplateDeleted: false, preparationFrozen: false, scoreContributionRecorded: false, recurringSegmentId: null, recurringSlotKey: null, recurringOrdinal: null, recurringOverrides: , preparationDefinitionId: null), place: Place(id: 01a0d184-fc68-7162-91a0-a8d3998f0d0f, placeName: Test Place)}>

  package:matcher                                     expect
  package:flutter_test/src/widget_tester.dart 473:18  expect
  test/data/daos/schedule_dao_test.dart 234:9         main.<fn>.<fn>

00:17 +412 -5: /Users/ejunpark/.codex/worktrees/1f98bd1e-95ca-4396-82c1-c34de41a8851/OnTime-front/test/domain/use-cases/reconcile_alarms_use_case_test.dart: arms only the nearest 60 future alarms and reports the overflow
00:18 +413 -5: /Users/ejunpark/.codex/worktrees/1f98bd1e-95ca-4396-82c1-c34de41a8851/OnTime-front/test/domain/use-cases/reconcile_alarms_use_case_test.dart: keeps alarm content private unless detailed content is enabled
00:18 +414 -5: /Users/ejunpark/.codex/worktrees/1f98bd1e-95ca-4396-82c1-c34de41a8851/OnTime-front/test/domain/use-cases/reconcile_alarms_use_case_test.dart: replaces an existing detailed registration when details are disabled
00:18 +415 -5: /Users/ejunpark/.codex/worktrees/1f98bd1e-95ca-4396-82c1-c34de41a8851/OnTime-front/test/domain/use-cases/reconcile_alarms_use_case_test.dart: does not report private armed or discard evidence when detailed cancellation fails
00:18 +416 -5: /Users/ejunpark/.codex/worktrees/1f98bd1e-95ca-4396-82c1-c34de41a8851/OnTime-front/test/domain/use-cases/reconcile_alarms_use_case_test.dart: changes detailed titles but does not reschedule private title-only edits
00:18 +417 -5: /Users/ejunpark/.codex/worktrees/1f98bd1e-95ca-4396-82c1-c34de41a8851/OnTime-front/test/domain/use-cases/reconcile_alarms_use_case_test.dart: reconciles locale and visible time zone using one content snapshot
00:18 +418 -5: /Users/ejunpark/.codex/worktrees/1f98bd1e-95ca-4396-82c1-c34de41a8851/OnTime-front/test/domain/use-cases/reconcile_alarms_use_case_test.dart: legacy content metadata is replaced once and current persisted metadata is stable
00:18 +419 -5: /Users/ejunpark/.codex/worktrees/1f98bd1e-95ca-4396-82c1-c34de41a8851/OnTime-front/test/domain/use-cases/reconcile_alarms_use_case_test.dart: cancellation failure survives restart, blocks only that ID and retries after recovery
00:18 +420 -5: /Users/ejunpark/.codex/worktrees/1f98bd1e-95ca-4396-82c1-c34de41a8851/OnTime-front/test/domain/use-cases/reconcile_alarms_use_case_test.dart: private scheduling failure never restores details and retries next time
00:18 +421 -5: /Users/ejunpark/.codex/worktrees/1f98bd1e-95ca-4396-82c1-c34de41a8851/OnTime-front/test/domain/use-cases/reconcile_alarms_use_case_test.dart: global disable retains failed cancellation instead of claiming disabled
00:18 +422 -5: /Users/ejunpark/.codex/worktrees/1f98bd1e-95ca-4396-82c1-c34de41a8851/OnTime-front/test/domain/use-cases/reconcile_alarms_use_case_test.dart: cleans a past owned notification without re-emitting it or canceling other IDs
00:18 +423 -5: /Users/ejunpark/.codex/worktrees/1f98bd1e-95ca-4396-82c1-c34de41a8851/OnTime-front/test/domain/use-cases/reconcile_alarms_use_case_test.dart: an already started preparation never receives a new start notification
00:18 +424 -5: /Users/ejunpark/.codex/worktrees/1f98bd1e-95ca-4396-82c1-c34de41a8851/OnTime-front/test/domain/use-cases/reconcile_alarms_use_case_test.dart: iOS native privacy cancellation also preserves failed evidence and retries
00:18 +425 -5: /Users/ejunpark/.codex/worktrees/1f98bd1e-95ca-4396-82c1-c34de41a8851/OnTime-front/test/domain/use-cases/reconcile_alarms_use_case_test.dart: overlapping requests each observe their requested pass
00:18 +426 -5: /Users/ejunpark/.codex/worktrees/1f98bd1e-95ca-4396-82c1-c34de41a8851/OnTime-front/test/domain/use-cases/reconcile_alarms_use_case_test.dart: cancels stale record before rescheduling changed fingerprint
00:18 +427 -5: /Users/ejunpark/.codex/worktrees/1f98bd1e-95ca-4396-82c1-c34de41a8851/OnTime-front/test/domain/use-cases/reconcile_alarms_use_case_test.dart: replaces matching Android native registry record with notification
00:18 +428 -5: /Users/ejunpark/.codex/worktrees/1f98bd1e-95ca-4396-82c1-c34de41a8851/OnTime-front/test/domain/use-cases/reconcile_alarms_use_case_test.dart: keeps matching iOS fallback only when OS pending confirms it
00:18 +429 -5: /Users/ejunpark/.codex/worktrees/1f98bd1e-95ca-4396-82c1-c34de41a8851/OnTime-front/test/domain/use-cases/reconcile_alarms_use_case_test.dart: reschedules stale record with old alarm launch payload version
00:18 +430 -5: /Users/ejunpark/.codex/worktrees/1f98bd1e-95ca-4396-82c1-c34de41a8851/OnTime-front/test/domain/use-cases/reconcile_alarms_use_case_test.dart: uses local notification fallback when native alarms are unsupported
00:18 +431 -5: /Users/ejunpark/.codex/worktrees/1f98bd1e-95ca-4396-82c1-c34de41a8851/OnTime-front/test/domain/use-cases/reconcile_alarms_use_case_test.dart: uses local notification fallback when exact alarm permission is denied
00:18 +432 -5: /Users/ejunpark/.codex/worktrees/1f98bd1e-95ca-4396-82c1-c34de41a8851/OnTime-front/test/domain/use-cases/reconcile_alarms_use_case_test.dart: falls back to local notification when native scheduling fails
00:18 +433 -5: /Users/ejunpark/.codex/worktrees/1f98bd1e-95ca-4396-82c1-c34de41a8851/OnTime-front/test/domain/use-cases/reconcile_alarms_use_case_test.dart: reports notification permission when only fallback delivery is denied
00:18 +434 -5: /Users/ejunpark/.codex/worktrees/1f98bd1e-95ca-4396-82c1-c34de41a8851/OnTime-front/test/domain/use-cases/reconcile_alarms_use_case_test.dart: reports permissionNeeded when exact alarm and fallback permissions are denied
00:18 +435 -5: /Users/ejunpark/.codex/worktrees/1f98bd1e-95ca-4396-82c1-c34de41a8851/OnTime-front/test/domain/use-cases/reconcile_alarms_use_case_test.dart: does not use notification fallback when fallback provider is disabled
00:18 +436 -5: /Users/ejunpark/.codex/worktrees/1f98bd1e-95ca-4396-82c1-c34de41a8851/OnTime-front/test/domain/use-cases/reconcile_alarms_use_case_test.dart: settingsUnavailable reports without canceling existing registry
00:18 +437 -5: /Users/ejunpark/.codex/worktrees/1f98bd1e-95ca-4396-82c1-c34de41a8851/OnTime-front/test/domain/use-cases/reconcile_alarms_use_case_test.dart: alarm window failure reports partial without throwing
00:18 +438 -5: /Users/ejunpark/.codex/worktrees/1f98bd1e-95ca-4396-82c1-c34de41a8851/OnTime-front/test/domain/use-cases/reconcile_alarms_use_case_test.dart: global disabled cancels all local alarms and clears registry
00:18 +439 -5: /Users/ejunpark/.codex/worktrees/1f98bd1e-95ca-4396-82c1-c34de41a8851/OnTime-front/test/domain/use-cases/reconcile_alarms_use_case_test.dart: reports partial when scheduling a desired notification fails
00:18 +440 -5: /Users/ejunpark/.codex/worktrees/1f98bd1e-95ca-4396-82c1-c34de41a8851/OnTime-front/test/domain/use-cases/reconcile_alarms_use_case_test.dart: notification permission is reported when fallback notification is unavailable
00:18 +441 -5: /Users/ejunpark/.codex/worktrees/1f98bd1e-95ca-4396-82c1-c34de41a8851/OnTime-front/test/domain/use-cases/reconcile_alarms_use_case_test.dart: fallback scheduling failures become permission or partial reports
00:18 +442 -5: /Users/ejunpark/.codex/worktrees/1f98bd1e-95ca-4396-82c1-c34de41a8851/OnTime-front/test/domain/use-cases/reconcile_alarms_use_case_test.dart: fallback alarm scheduling exceptions without permission issue are partial failures
00:18 +443 -5: /Users/ejunpark/.codex/worktrees/1f98bd1e-95ca-4396-82c1-c34de41a8851/OnTime-front/test/domain/use-cases/reconcile_alarms_use_case_test.dart: unsupported local providers return unsupported without throwing
00:18 +444 -5: /Users/ejunpark/.codex/worktrees/1f98bd1e-95ca-4396-82c1-c34de41a8851/OnTime-front/test/domain/use-cases/reconcile_alarms_use_case_test.dart: permission check failures degrade to denied or unsupported states
00:18 +445 -5: /Users/ejunpark/.codex/worktrees/1f98bd1e-95ca-4396-82c1-c34de41a8851/OnTime-front/test/domain/use-cases/reconcile_alarms_use_case_test.dart: cancel failures retain retry evidence without claiming armed
00:18 +446 -5: loading /Users/ejunpark/.codex/worktrees/1f98bd1e-95ca-4396-82c1-c34de41a8851/OnTime-front/test/domain/use-cases/schedule_mutation_alarm_effects_coordinator_test.dart
00:19 +446 -5: /Users/ejunpark/.codex/worktrees/1f98bd1e-95ca-4396-82c1-c34de41a8851/OnTime-front/test/domain/use-cases/get_nearest_upcoming_schedule_use_case_test.dart: swallows background week load failures before streaming cache
00:19 +447 -5: /Users/ejunpark/.codex/worktrees/1f98bd1e-95ca-4396-82c1-c34de41a8851/OnTime-front/test/domain/use-cases/schedule_mutation_alarm_effects_coordinator_test.dart: created and updated schedules reconcile without targeted cancellation
00:19 +448 -5: /Users/ejunpark/.codex/worktrees/1f98bd1e-95ca-4396-82c1-c34de41a8851/OnTime-front/test/domain/use-cases/schedule_mutation_alarm_effects_coordinator_test.dart: deleted and finished schedules accept reconciliation before awaiting cancellation
00:19 +449 -5: /Users/ejunpark/.codex/worktrees/1f98bd1e-95ca-4396-82c1-c34de41a8851/OnTime-front/test/domain/use-cases/schedule_mutation_alarm_effects_coordinator_test.dart: reconciliation failures remain best-effort
00:19 +450 -5: /Users/ejunpark/.codex/worktrees/1f98bd1e-95ca-4396-82c1-c34de41a8851/OnTime-front/test/domain/use-cases/load_schedule_form_draft_use_case_test.dart: create draft uses default preparation, user spare time, generated ids, and seeded date
00:19 +451 -5: /Users/ejunpark/.codex/worktrees/1f98bd1e-95ca-4396-82c1-c34de41a8851/OnTime-front/test/domain/use-cases/timed_preparation_use_cases_test.dart: SaveTimedPreparationUseCase stores a fingerprinted snapshot
00:19 +452 -5: /Users/ejunpark/.codex/worktrees/1f98bd1e-95ca-4396-82c1-c34de41a8851/OnTime-front/test/domain/use-cases/timed_preparation_use_cases_test.dart: timed preparation read and clear use cases delegate by schedule id
00:19 +453 -5: /Users/ejunpark/.codex/worktrees/1f98bd1e-95ca-4396-82c1-c34de41a8851/OnTime-front/test/domain/use-cases/timed_preparation_use_cases_test.dart: early start session use cases mark read and clear one schedule
00:19 +454 -5: /Users/ejunpark/.codex/worktrees/1f98bd1e-95ca-4396-82c1-c34de41a8851/OnTime-front/test/domain/use-cases/timed_preparation_use_cases_test.dart: timed preparation snapshots copy changed cache fields
00:19 +455 -5: /Users/ejunpark/.codex/worktrees/1f98bd1e-95ca-4396-82c1-c34de41a8851/OnTime-front/test/domain/use-cases/timed_preparation_use_cases_test.dart: LoadAdjacentScheduleWithPreparationUseCase loads each schedule prep
00:19 +456 -5: /Users/ejunpark/.codex/worktrees/1f98bd1e-95ca-4396-82c1-c34de41a8851/OnTime-front/test/domain/use-cases/timed_preparation_use_cases_test.dart: GetPreparationByScheduleIdUseCase waits for matching cache entry
00:19 +457 -5: /Users/ejunpark/.codex/worktrees/1f98bd1e-95ca-4396-82c1-c34de41a8851/OnTime-front/test/domain/use-cases/timed_preparation_use_cases_test.dart: preparation use cases delegate to repository with explicit arguments
00:19 +458 -5: /Users/ejunpark/.codex/worktrees/1f98bd1e-95ca-4396-82c1-c34de41a8851/OnTime-front/test/domain/use-cases/timed_preparation_use_cases_test.dart: default and stream preparation use cases expose repository values
00:19 +459 -5: /Users/ejunpark/.codex/worktrees/1f98bd1e-95ca-4396-82c1-c34de41a8851/OnTime-front/test/domain/use-cases/timed_preparation_use_cases_test.dart: GetNearestUpcomingScheduleUseCase loads prep for nearest active schedule
00:19 +460 -5: /Users/ejunpark/.codex/worktrees/1f98bd1e-95ca-4396-82c1-c34de41a8851/OnTime-front/test/domain/use-cases/schedule_preparation_session_use_case_test.dart: pending callers share failure, then retry the same instance and timestamp
00:19 +461 -5: /Users/ejunpark/.codex/worktrees/1f98bd1e-95ca-4396-82c1-c34de41a8851/OnTime-front/test/domain/use-cases/schedule_preparation_session_use_case_test.dart: snapshot failure is partial and retry preserves a newer skip projection
00:19 +462 -5: /Users/ejunpark/.codex/worktrees/1f98bd1e-95ca-4396-82c1-c34de41a8851/OnTime-front/test/domain/use-cases/schedule_preparation_session_use_case_test.dart: replacement generation does not reuse an old flight or write old runtime
00:19 +463 -5: /Users/ejunpark/.codex/worktrees/1f98bd1e-95ca-4396-82c1-c34de41a8851/OnTime-front/test/domain/use-cases/schedule_preparation_session_use_case_test.dart: marker failure keeps durable run and a bounded retry preserves its clock
00:19 +464 -5: /Users/ejunpark/.codex/worktrees/1f98bd1e-95ca-4396-82c1-c34de41a8851/OnTime-front/test/domain/use-cases/schedule_preparation_session_use_case_test.dart: finish while start cleanup is pending cannot resurrect the run
00:19 +465 -5: /Users/ejunpark/.codex/worktrees/1f98bd1e-95ca-4396-82c1-c34de41a8851/OnTime-front/test/domain/use-cases/schedule_preparation_session_use_case_test.dart: dispose detaches the shared listener without releasing in-flight ownership
00:19 +466 -5: /Users/ejunpark/.codex/worktrees/1f98bd1e-95ca-4396-82c1-c34de41a8851/OnTime-front/test/domain/use-cases/schedule_preparation_session_use_case_test.dart: early start begins the schedule preparation session once and saves progress
00:19 +467 -5: /Users/ejunpark/.codex/worktrees/1f98bd1e-95ca-4396-82c1-c34de41a8851/OnTime-front/test/domain/use-cases/schedule_preparation_session_use_case_test.dart: cancellation failure does not undo committed start or skip its snapshot
00:19 +468 -5: /Users/ejunpark/.codex/worktrees/1f98bd1e-95ca-4396-82c1-c34de41a8851/OnTime-front/test/domain/use-cases/schedule_preparation_session_use_case_test.dart: cancellation failure after finish still clears completed runtime
00:19 +469 -5: /Users/ejunpark/.codex/worktrees/1f98bd1e-95ca-4396-82c1-c34de41a8851/OnTime-front/test/domain/use-cases/schedule_preparation_session_use_case_test.dart: matching timed preparation snapshot restores elapsed session progress
00:19 +470 -5: /Users/ejunpark/.codex/worktrees/1f98bd1e-95ca-4396-82c1-c34de41a8851/OnTime-front/test/domain/use-cases/schedule_preparation_session_use_case_test.dart: stale timed preparation snapshot clears persisted session state
00:19 +471 -5: /Users/ejunpark/.codex/worktrees/1f98bd1e-95ca-4396-82c1-c34de41a8851/OnTime-front/test/domain/use-cases/schedule_preparation_session_use_case_test.dart: ended prompted schedule is rejected and scheduled delivery is cancelled
00:19 +472 -5: /Users/ejunpark/.codex/worktrees/1f98bd1e-95ca-4396-82c1-c34de41a8851/OnTime-front/test/domain/use-cases/schedule_preparation_session_use_case_test.dart: valid prompted schedule loads preparation and returns ready schedule
00:19 +473 -5: /Users/ejunpark/.codex/worktrees/1f98bd1e-95ca-4396-82c1-c34de41a8851/OnTime-front/test/domain/use-cases/schedule_preparation_session_use_case_test.dart: database failure retains both prompt kinds as unavailable
00:19 +474 -5: /Users/ejunpark/.codex/worktrees/1f98bd1e-95ca-4396-82c1-c34de41a8851/OnTime-front/test/domain/use-cases/schedule_preparation_session_use_case_test.dart: BehaviorSubject replay resolves the loaded map and stream errors stay unavailable
00:19 +475 -5: /Users/ejunpark/.codex/worktrees/1f98bd1e-95ca-4396-82c1-c34de41a8851/OnTime-front/test/domain/use-cases/schedule_preparation_session_use_case_test.dart: definitive missing is rejected without treating storage failure as missing
00:19 +476 -5: /Users/ejunpark/.codex/worktrees/1f98bd1e-95ca-4396-82c1-c34de41a8851/OnTime-front/test/domain/use-cases/schedule_preparation_session_use_case_test.dart: finish completes the preparation session and clears scheduled delivery
00:20 +477 -5: /Users/ejunpark/.codex/worktrees/1f98bd1e-95ca-4396-82c1-c34de41a8851/OnTime-front/test/domain/use-cases/recurring_alarm_integration_test.dart: actual create/update entrypoints rerun after snapshot and retain nearest 60 without materialize loop
00:20 +478 -5: /Users/ejunpark/.codex/worktrees/1f98bd1e-95ca-4396-82c1-c34de41a8851/OnTime-front/test/domain/use-cases/recurring_alarm_integration_test.dart: actual create/update entrypoints rerun after snapshot and retain nearest 60 without materialize loop
00:20 +479 -5: /Users/ejunpark/.codex/worktrees/1f98bd1e-95ca-4396-82c1-c34de41a8851/OnTime-front/test/domain/use-cases/recurring_alarm_integration_test.dart: actual create/update entrypoints rerun after snapshot and retain nearest 60 without materialize loop
00:20 +480 -5: /Users/ejunpark/.codex/worktrees/1f98bd1e-95ca-4396-82c1-c34de41a8851/OnTime-front/test/domain/use-cases/recurring_alarm_integration_test.dart: actual create/update entrypoints rerun after snapshot and retain nearest 60 without materialize loop
00:20 +481 -5: /Users/ejunpark/.codex/worktrees/1f98bd1e-95ca-4396-82c1-c34de41a8851/OnTime-front/test/domain/use-cases/recurring_alarm_integration_test.dart: actual create/update entrypoints rerun after snapshot and retain nearest 60 without materialize loop
00:20 +482 -5: /Users/ejunpark/.codex/worktrees/1f98bd1e-95ca-4396-82c1-c34de41a8851/OnTime-front/test/domain/use-cases/recurring_alarm_integration_test.dart: actual create/update entrypoints rerun after snapshot and retain nearest 60 without materialize loop
00:20 +483 -5: /Users/ejunpark/.codex/worktrees/1f98bd1e-95ca-4396-82c1-c34de41a8851/OnTime-front/test/domain/use-cases/recurring_alarm_integration_test.dart: actual create/update entrypoints rerun after snapshot and retain nearest 60 without materialize loop
00:20 +484 -5: /Users/ejunpark/.codex/worktrees/1f98bd1e-95ca-4396-82c1-c34de41a8851/OnTime-front/test/domain/use-cases/recurring_alarm_integration_test.dart: actual create/update entrypoints rerun after snapshot and retain nearest 60 without materialize loop
00:20 +485 -5: /Users/ejunpark/.codex/worktrees/1f98bd1e-95ca-4396-82c1-c34de41a8851/OnTime-front/test/domain/use-cases/recurring_alarm_integration_test.dart: actual create/update entrypoints rerun after snapshot and retain nearest 60 without materialize loop
00:20 +486 -5: /Users/ejunpark/.codex/worktrees/1f98bd1e-95ca-4396-82c1-c34de41a8851/OnTime-front/test/domain/use-cases/recurring_alarm_integration_test.dart: actual create/update entrypoints rerun after snapshot and retain nearest 60 without materialize loop
00:20 +487 -5: /Users/ejunpark/.codex/worktrees/1f98bd1e-95ca-4396-82c1-c34de41a8851/OnTime-front/test/domain/use-cases/recurring_alarm_integration_test.dart: actual create/update entrypoints rerun after snapshot and retain nearest 60 without materialize loop
00:21 +488 -5: /Users/ejunpark/.codex/worktrees/1f98bd1e-95ca-4396-82c1-c34de41a8851/OnTime-front/test/domain/use-cases/recurring_alarm_integration_test.dart: actual create/update entrypoints rerun after snapshot and retain nearest 60 without materialize loop
00:21 +489 -5: /Users/ejunpark/.codex/worktrees/1f98bd1e-95ca-4396-82c1-c34de41a8851/OnTime-front/test/domain/use-cases/recurring_alarm_integration_test.dart: actual create/update entrypoints rerun after snapshot and retain nearest 60 without materialize loop
00:21 +490 -5: /Users/ejunpark/.codex/worktrees/1f98bd1e-95ca-4396-82c1-c34de41a8851/OnTime-front/test/domain/use-cases/recurring_alarm_integration_test.dart: actual create/update entrypoints rerun after snapshot and retain nearest 60 without materialize loop
00:21 +491 -5: /Users/ejunpark/.codex/worktrees/1f98bd1e-95ca-4396-82c1-c34de41a8851/OnTime-front/test/domain/use-cases/recurring_alarm_integration_test.dart: actual create/update entrypoints rerun after snapshot and retain nearest 60 without materialize loop
00:21 +492 -5: /Users/ejunpark/.codex/worktrees/1f98bd1e-95ca-4396-82c1-c34de41a8851/OnTime-front/test/domain/use-cases/recurring_alarm_integration_test.dart: actual create/update entrypoints rerun after snapshot and retain nearest 60 without materialize loop
00:21 +493 -5: /Users/ejunpark/.codex/worktrees/1f98bd1e-95ca-4396-82c1-c34de41a8851/OnTime-front/test/domain/use-cases/recurring_alarm_integration_test.dart: actual create/update entrypoints rerun after snapshot and retain nearest 60 without materialize loop
00:21 +494 -5: /Users/ejunpark/.codex/worktrees/1f98bd1e-95ca-4396-82c1-c34de41a8851/OnTime-front/test/domain/use-cases/local_data_workflows_test.dart: replacement generation invalidates preview with no additional effects
00:21 +495 -5: /Users/ejunpark/.codex/worktrees/1f98bd1e-95ca-4396-82c1-c34de41a8851/OnTime-front/test/domain/use-cases/recurring_alarm_integration_test.dart: actual default and custom preparation commits request latest delivery timing
00:21 +496 -5: /Users/ejunpark/.codex/worktrees/1f98bd1e-95ca-4396-82c1-c34de41a8851/OnTime-front/test/domain/use-cases/local_data_workflows_test.dart: edit while cleanup awaits rejects transaction and exposes pending recovery
00:21 +497 -5: /Users/ejunpark/.codex/worktrees/1f98bd1e-95ca-4396-82c1-c34de41a8851/OnTime-front/test/domain/use-cases/recurring_alarm_integration_test.dart: two unbounded series share the nearest 60 alarms and survive reopening
00:21 +498 -5: /Users/ejunpark/.codex/worktrees/1f98bd1e-95ca-4396-82c1-c34de41a8851/OnTime-front/test/domain/use-cases/local_data_workflows_test.dart: same token shares full pending receipt and delivery retry never reapplies
00:22 +499 -5: /Users/ejunpark/.codex/worktrees/1f98bd1e-95ca-4396-82c1-c34de41a8851/OnTime-front/test/domain/use-cases/recurring_alarm_integration_test.dart: deletion cancels one alarm, refills capacity and stays excluded
00:22 +500 -5: /Users/ejunpark/.codex/worktrees/1f98bd1e-95ca-4396-82c1-c34de41a8851/OnTime-front/test/domain/use-cases/local_data_workflows_test.dart: failed actual replacement transaction preserves data and retry commits once
00:22 +501 -5: /Users/ejunpark/.codex/worktrees/1f98bd1e-95ca-4396-82c1-c34de41a8851/OnTime-front/test/domain/use-cases/local_data_workflows_test.dart: failed actual replacement transaction preserves data and retry commits once
00:22 +502 -5: /Users/ejunpark/.codex/worktrees/1f98bd1e-95ca-4396-82c1-c34de41a8851/OnTime-front/test/domain/use-cases/local_data_workflows_test.dart: failed actual replacement transaction preserves data and retry commits once
00:22 +503 -5: /Users/ejunpark/.codex/worktrees/1f98bd1e-95ca-4396-82c1-c34de41a8851/OnTime-front/test/domain/use-cases/local_data_workflows_test.dart: failed actual replacement transaction preserves data and retry commits once
00:22 +504 -5: /Users/ejunpark/.codex/worktrees/1f98bd1e-95ca-4396-82c1-c34de41a8851/OnTime-front/test/domain/use-cases/local_data_workflows_test.dart: failed actual replacement transaction preserves data and retry commits once
00:22 +505 -5: /Users/ejunpark/.codex/worktrees/1f98bd1e-95ca-4396-82c1-c34de41a8851/OnTime-front/test/domain/use-cases/local_data_workflows_test.dart: failed actual replacement transaction preserves data and retry commits once
00:22 +506 -5: /Users/ejunpark/.codex/worktrees/1f98bd1e-95ca-4396-82c1-c34de41a8851/OnTime-front/test/domain/use-cases/local_data_workflows_test.dart: failed actual replacement transaction preserves data and retry commits once
00:22 +507 -5: /Users/ejunpark/.codex/worktrees/1f98bd1e-95ca-4396-82c1-c34de41a8851/OnTime-front/test/domain/use-cases/alarm_reconciliation_concurrency_test.dart: replacement waits for the actual late native Future before same-ID reuse
00:22 +508 -5: /Users/ejunpark/.codex/worktrees/1f98bd1e-95ca-4396-82c1-c34de41a8851/OnTime-front/test/domain/use-cases/local_data_workflows_test.dart: claim generation survives a later replacement before continuation
00:22 +509 -5: /Users/ejunpark/.codex/worktrees/1f98bd1e-95ca-4396-82c1-c34de41a8851/OnTime-front/test/domain/use-cases/local_data_workflows_test.dart: claim generation survives a later replacement before continuation
00:22 +510 -5: /Users/ejunpark/.codex/worktrees/1f98bd1e-95ca-4396-82c1-c34de41a8851/OnTime-front/test/domain/use-cases/local_data_workflows_test.dart: claim generation survives a later replacement before continuation
00:22 +511 -5: /Users/ejunpark/.codex/worktrees/1f98bd1e-95ca-4396-82c1-c34de41a8851/OnTime-front/test/domain/use-cases/local_data_workflows_test.dart: claim generation survives a later replacement before continuation
00:22 +512 -5: /Users/ejunpark/.codex/worktrees/1f98bd1e-95ca-4396-82c1-c34de41a8851/OnTime-front/test/domain/use-cases/local_data_workflows_test.dart: claim generation survives a later replacement before continuation
00:22 +513 -5: /Users/ejunpark/.codex/worktrees/1f98bd1e-95ca-4396-82c1-c34de41a8851/OnTime-front/test/domain/use-cases/local_data_workflows_test.dart: claim generation survives a later replacement before continuation
00:22 +514 -5: /Users/ejunpark/.codex/worktrees/1f98bd1e-95ca-4396-82c1-c34de41a8851/OnTime-front/test/domain/use-cases/local_data_workflows_test.dart: claim generation survives a later replacement before continuation
00:22 +515 -5: /Users/ejunpark/.codex/worktrees/1f98bd1e-95ca-4396-82c1-c34de41a8851/OnTime-front/test/domain/use-cases/local_data_workflows_test.dart: claim generation survives a later replacement before continuation
00:22 +516 -5: /Users/ejunpark/.codex/worktrees/1f98bd1e-95ca-4396-82c1-c34de41a8851/OnTime-front/test/domain/use-cases/local_data_workflows_test.dart: old delayed retry cannot absorb a newer generation receipt
00:23 +517 -5: /Users/ejunpark/.codex/worktrees/1f98bd1e-95ca-4396-82c1-c34de41a8851/OnTime-front/test/domain/entities/schedule_notification_status_test.dart: only all successful exact receipts produce precise status
00:23 +518 -5: /Users/ejunpark/.codex/worktrees/1f98bd1e-95ca-4396-82c1-c34de41a8851/OnTime-front/test/domain/entities/schedule_notification_status_test.dart: off retains a cleanup warning and denial never becomes precise
00:23 +519 -5: /Users/ejunpark/.codex/worktrees/1f98bd1e-95ca-4396-82c1-c34de41a8851/OnTime-front/test/domain/entities/schedule_notification_status_test.dart: no future registrations never becomes precise from capability
00:23 +520 -5: /Users/ejunpark/.codex/worktrees/1f98bd1e-95ca-4396-82c1-c34de41a8851/OnTime-front/test/domain/entities/schedule_notification_status_test.dart: iOS alarm and notification language remains capability appropriate
00:23 +521 -5: /Users/ejunpark/.codex/worktrees/1f98bd1e-95ca-4396-82c1-c34de41a8851/OnTime-front/test/domain/use-cases/delivery_reconciliation_test.dart: lost ownership is not reported as armed or disabled: enabled=true
00:23 +522 -5: /Users/ejunpark/.codex/worktrees/1f98bd1e-95ca-4396-82c1-c34de41a8851/OnTime-front/test/domain/use-cases/delivery_reconciliation_test.dart: lost ownership is not reported as armed or disabled: enabled=false
00:23 +523 -5: /Users/ejunpark/.codex/worktrees/1f98bd1e-95ca-4396-82c1-c34de41a8851/OnTime-front/test/domain/use-cases/delivery_reconciliation_test.dart: write-ahead identity precedes native scheduling and a now-expired target is not replayed
00:23 +524 -5: /Users/ejunpark/.codex/worktrees/1f98bd1e-95ca-4396-82c1-c34de41a8851/OnTime-front/test/domain/use-cases/delivery_reconciliation_test.dart: Android reapplication preserves an existing owned platform ID
00:23 +525 -5: /Users/ejunpark/.codex/worktrees/1f98bd1e-95ca-4396-82c1-c34de41a8851/OnTime-front/test/domain/use-cases/delivery_reconciliation_test.dart: a registry-owned ID with a conflicting route is cancelled before repair
00:23 +526 -5: /Users/ejunpark/.codex/worktrees/1f98bd1e-95ca-4396-82c1-c34de41a8851/OnTime-front/test/domain/entities/user_entity_test.dart: local profile derives punctuality from eligible outcomes
00:23 +527 -5: /Users/ejunpark/.codex/worktrees/1f98bd1e-95ca-4396-82c1-c34de41a8851/OnTime-front/test/domain/entities/user_entity_test.dart: local profile derives punctuality from eligible outcomes
00:23 +528 -5: /Users/ejunpark/.codex/worktrees/1f98bd1e-95ca-4396-82c1-c34de41a8851/OnTime-front/test/domain/entities/user_entity_test.dart: local profile derives punctuality from eligible outcomes
00:23 +529 -5: /Users/ejunpark/.codex/worktrees/1f98bd1e-95ca-4396-82c1-c34de41a8851/OnTime-front/test/domain/use-cases/delivery_reconciliation_test.dart: empty registry with native query failure stays incomplete enabled=false
00:23 +530 -5: /Users/ejunpark/.codex/worktrees/1f98bd1e-95ca-4396-82c1-c34de41a8851/OnTime-front/test/domain/use-cases/delivery_reconciliation_test.dart: empty registry with native unmapped ID stays incomplete enabled=false
00:23 +531 -5: /Users/ejunpark/.codex/worktrees/1f98bd1e-95ca-4396-82c1-c34de41a8851/OnTime-front/test/domain/use-cases/delivery_reconciliation_test.dart: empty registry with native unmapped ID stays incomplete enabled=false
00:23 +532 -5: /Users/ejunpark/.codex/worktrees/1f98bd1e-95ca-4396-82c1-c34de41a8851/OnTime-front/test/domain/use-cases/delivery_reconciliation_test.dart: native revoke and grant switch providers after cancelling the old registration
00:23 +533 -5: /Users/ejunpark/.codex/worktrees/1f98bd1e-95ca-4396-82c1-c34de41a8851/OnTime-front/test/domain/use-cases/delivery_reconciliation_test.dart: unconfirmed provider cancellation blocks duplicate fallback, then retry converges
00:23 +534 -5: /Users/ejunpark/.codex/worktrees/1f98bd1e-95ca-4396-82c1-c34de41a8851/OnTime-front/test/domain/use-cases/delivery_reconciliation_test.dart: OS pending loss repairs a future native reservation but never replays an elapsed one
00:23 +535 -5: /Users/ejunpark/.codex/worktrees/1f98bd1e-95ca-4396-82c1-c34de41a8851/OnTime-front/test/domain/use-cases/delivery_reconciliation_test.dart: native query unknown retains ownership without treating absence or claiming success
00:23 +536 -5: /Users/ejunpark/.codex/worktrees/1f98bd1e-95ca-4396-82c1-c34de41a8851/OnTime-front/test/domain/use-cases/delivery_reconciliation_test.dart: iOS notification OS loss repairs while successful query allows keeping the request
00:23 +537 -5: /Users/ejunpark/.codex/worktrees/1f98bd1e-95ca-4396-82c1-c34de41a8851/OnTime-front/test/domain/use-cases/delivery_reconciliation_test.dart: Android cache presence causes same-ID reapplication rather than an OS survival claim
00:23 +538 -5: /Users/ejunpark/.codex/worktrees/1f98bd1e-95ca-4396-82c1-c34de41a8851/OnTime-front/test/domain/use-cases/delivery_reconciliation_test.dart: failed post-schedule verification preserves ownership but excludes armed success
00:23 +539 -5: /Users/ejunpark/.codex/worktrees/1f98bd1e-95ca-4396-82c1-c34de41a8851/OnTime-front/test/domain/use-cases/delivery_reconciliation_test.dart: OS query error after startup never becomes a healthy stored notification
00:23 +540 -5: /Users/ejunpark/.codex/worktrees/1f98bd1e-95ca-4396-82c1-c34de41a8851/OnTime-front/test/domain/use-cases/delivery_reconciliation_test.dart: confirmed fallback orphans are targeted; unrelated and unknown ownership survive
00:23 +541 -5: /Users/ejunpark/.codex/worktrees/1f98bd1e-95ca-4396-82c1-c34de41a8851/OnTime-front/test/domain/use-cases/delivery_reconciliation_test.dart: orphan cancellation failure persists its real platform ID and retries while disabled
00:23 +542 -5: /Users/ejunpark/.codex/worktrees/1f98bd1e-95ca-4396-82c1-c34de41a8851/OnTime-front/test/domain/use-cases/delivery_reconciliation_test.dart: native failure uses only the actual fallback receipt after native cleanup
00:23 +543 -5: /Users/ejunpark/.codex/worktrees/1f98bd1e-95ca-4396-82c1-c34de41a8851/OnTime-front/test/domain/use-cases/delivery_reconciliation_test.dart: failed native write cleanup forbids fallback and keeps cancellation identity
00:23 +544 -5: /Users/ejunpark/.codex/worktrees/1f98bd1e-95ca-4396-82c1-c34de41a8851/OnTime-front/test/domain/entities/alarm_delivery_policy_test.dart: native grant uses the native alarm provider
00:23 +545 -5: /Users/ejunpark/.codex/worktrees/1f98bd1e-95ca-4396-82c1-c34de41a8851/OnTime-front/test/domain/entities/alarm_delivery_policy_test.dart: native denial with granted fallback keeps delivery enabled without a blocking issue
00:23 +546 -5: /Users/ejunpark/.codex/worktrees/1f98bd1e-95ca-4396-82c1-c34de41a8851/OnTime-front/test/domain/entities/alarm_delivery_policy_test.dart: native denial with denied fallback blocks delivery on native permission
00:23 +547 -5: /Users/ejunpark/.codex/worktrees/1f98bd1e-95ca-4396-82c1-c34de41a8851/OnTime-front/test/domain/entities/alarm_delivery_policy_test.dart: unsupported native alarms use granted fallback delivery
00:23 +548 -5: /Users/ejunpark/.codex/worktrees/1f98bd1e-95ca-4396-82c1-c34de41a8851/OnTime-front/test/domain/entities/alarm_delivery_policy_test.dart: all unavailable reports unsupported without disabling alarms
00:24 +549 -5: loading /Users/ejunpark/.codex/worktrees/1f98bd1e-95ca-4396-82c1-c34de41a8851/OnTime-front/test/domain/entities/preparation_timing_entity_test.dart
00:24 +549 -5: /Users/ejunpark/.codex/worktrees/1f98bd1e-95ca-4396-82c1-c34de41a8851/OnTime-front/test/domain/entities/preparation_timing_entity_test.dart: Preparation timing entities orders linked preparation steps before timing conversion
00:24 +550 -5: /Users/ejunpark/.codex/worktrees/1f98bd1e-95ca-4396-82c1-c34de41a8851/OnTime-front/test/domain/entities/domain_entity_boundary_test.dart: domain entities do not import lower architectural layers
00:24 +551 -5: /Users/ejunpark/.codex/worktrees/1f98bd1e-95ca-4396-82c1-c34de41a8851/OnTime-front/test/domain/entities/domain_entity_boundary_test.dart: domain entities do not import lower architectural layers
00:24 +552 -5: /Users/ejunpark/.codex/worktrees/1f98bd1e-95ca-4396-82c1-c34de41a8851/OnTime-front/test/domain/entities/domain_entity_boundary_test.dart: domain entities do not import lower architectural layers
00:24 +553 -5: /Users/ejunpark/.codex/worktrees/1f98bd1e-95ca-4396-82c1-c34de41a8851/OnTime-front/test/domain/entities/domain_entity_boundary_test.dart: domain entities do not import lower architectural layers
00:24 +554 -5: /Users/ejunpark/.codex/worktrees/1f98bd1e-95ca-4396-82c1-c34de41a8851/OnTime-front/test/domain/entities/domain_entity_boundary_test.dart: domain entities do not import lower architectural layers
00:24 +555 -5: /Users/ejunpark/.codex/worktrees/1f98bd1e-95ca-4396-82c1-c34de41a8851/OnTime-front/test/domain/entities/domain_entity_boundary_test.dart: domain entities do not import lower architectural layers
00:24 +556 -5: /Users/ejunpark/.codex/worktrees/1f98bd1e-95ca-4396-82c1-c34de41a8851/OnTime-front/test/domain/entities/domain_entity_boundary_test.dart: domain entities do not import lower architectural layers
00:24 +557 -5: /Users/ejunpark/.codex/worktrees/1f98bd1e-95ca-4396-82c1-c34de41a8851/OnTime-front/test/domain/entities/domain_entity_boundary_test.dart: domain entities do not import lower architectural layers
00:24 +558 -5: /Users/ejunpark/.codex/worktrees/1f98bd1e-95ca-4396-82c1-c34de41a8851/OnTime-front/test/domain/entities/domain_entity_boundary_test.dart: domain entities do not import lower architectural layers
00:24 +559 -5: /Users/ejunpark/.codex/worktrees/1f98bd1e-95ca-4396-82c1-c34de41a8851/OnTime-front/test/domain/entities/domain_entity_boundary_test.dart: domain entities do not import lower architectural layers
00:24 +560 -5: /Users/ejunpark/.codex/worktrees/1f98bd1e-95ca-4396-82c1-c34de41a8851/OnTime-front/test/domain/entities/domain_entity_boundary_test.dart: domain entities do not import lower architectural layers
00:24 +561 -5: /Users/ejunpark/.codex/worktrees/1f98bd1e-95ca-4396-82c1-c34de41a8851/OnTime-front/test/domain/entities/domain_entity_boundary_test.dart: domain entities do not import lower architectural layers
00:24 +562 -5: /Users/ejunpark/.codex/worktrees/1f98bd1e-95ca-4396-82c1-c34de41a8851/OnTime-front/test/domain/entities/domain_entity_boundary_test.dart: domain entities do not import lower architectural layers
00:24 +563 -5: /Users/ejunpark/.codex/worktrees/1f98bd1e-95ca-4396-82c1-c34de41a8851/OnTime-front/test/domain/entities/preparation_timing_entity_test.dart: ScheduleState timing helper durationUntilPreparationStartAt uses injected now deterministically
00:24 +564 -5: /Users/ejunpark/.codex/worktrees/1f98bd1e-95ca-4396-82c1-c34de41a8851/OnTime-front/test/domain/entities/domain_entity_boundary_test.dart: domain entities do not expose persistence mapper methods
00:24 +565 -5: /Users/ejunpark/.codex/worktrees/1f98bd1e-95ca-4396-82c1-c34de41a8851/OnTime-front/test/domain/entities/preparation_snapshot_validation_test.dart: identity separates timing, ordered shape, content and delimiters
00:24 +566 -5: /Users/ejunpark/.codex/worktrees/1f98bd1e-95ca-4396-82c1-c34de41a8851/OnTime-front/test/domain/entities/preparation_snapshot_validation_test.dart: every identity-affecting edit invalidates progress without mutating data
00:24 +567 -5: /Users/ejunpark/.codex/worktrees/1f98bd1e-95ca-4396-82c1-c34de41a8851/OnTime-front/test/domain/entities/preparation_snapshot_validation_test.dart: minimal progress hydrates names/durations from current source only
00:24 +568 -5: /Users/ejunpark/.codex/worktrees/1f98bd1e-95ca-4396-82c1-c34de41a8851/OnTime-front/test/domain/entities/preparation_snapshot_validation_test.dart: legacy exact fingerprint additionally requires all step fields
00:24 +569 -5: /Users/ejunpark/.codex/worktrees/1f98bd1e-95ca-4396-82c1-c34de41a8851/OnTime-front/test/domain/entities/preparation_snapshot_validation_test.dart: legacy launch becomes a minimal versioned route, never a start command
00:24 +570 -5: /Users/ejunpark/.codex/worktrees/1f98bd1e-95ca-4396-82c1-c34de41a8851/OnTime-front/test/presentation/home/utils/today_tile_navigation_test.dart: Today tile navigation resolver returns early-start scheduleStart target in upcoming when schedule exists
00:24 +571 -5: /Users/ejunpark/.codex/worktrees/1f98bd1e-95ca-4396-82c1-c34de41a8851/OnTime-front/test/presentation/home/utils/today_tile_navigation_test.dart: Today tile navigation resolver returns alarmScreen target in ongoing when schedule exists
00:24 +572 -5: /Users/ejunpark/.codex/worktrees/1f98bd1e-95ca-4396-82c1-c34de41a8851/OnTime-front/test/presentation/home/utils/today_tile_navigation_test.dart: Today tile navigation resolver returns alarmScreen target in started when schedule exists
00:24 +573 -5: /Users/ejunpark/.codex/worktrees/1f98bd1e-95ca-4396-82c1-c34de41a8851/OnTime-front/test/presentation/home/utils/today_tile_navigation_test.dart: Today tile navigation resolver returns null when no schedule exists
00:24 +574 -5: /Users/ejunpark/.codex/worktrees/1f98bd1e-95ca-4396-82c1-c34de41a8851/OnTime-front/test/presentation/home/utils/today_tile_navigation_test.dart: Today tile navigation resolver returns null in initial and notExists
00:25 +575 -5: /Users/ejunpark/.codex/worktrees/1f98bd1e-95ca-4396-82c1-c34de41a8851/OnTime-front/test/presentation/home/screens/home_screen_tmp_test.dart: (setUpAll)
00:25 +575 -5: /Users/ejunpark/.codex/worktrees/1f98bd1e-95ca-4396-82c1-c34de41a8851/OnTime-front/test/presentation/home/screens/home_screen_tmp_test.dart: 430 portrait home fits actual font, schedule=false
00:25 +576 -5: /Users/ejunpark/.codex/worktrees/1f98bd1e-95ca-4396-82c1-c34de41a8851/OnTime-front/test/presentation/home/screens/home_screen_tmp_test.dart: 430 portrait home fits actual font, schedule=false
00:26 +577 -5: /Users/ejunpark/.codex/worktrees/1f98bd1e-95ca-4396-82c1-c34de41a8851/OnTime-front/test/presentation/home/screens/home_screen_tmp_test.dart: 430 portrait home fits actual font, schedule=false
00:26 +578 -5: /Users/ejunpark/.codex/worktrees/1f98bd1e-95ca-4396-82c1-c34de41a8851/OnTime-front/test/presentation/home/screens/home_screen_tmp_test.dart: 430 portrait home fits actual font, schedule=false
00:26 +579 -5: /Users/ejunpark/.codex/worktrees/1f98bd1e-95ca-4396-82c1-c34de41a8851/OnTime-front/test/presentation/home/screens/home_screen_tmp_test.dart: 430 portrait home fits actual font, schedule=false
00:26 +580 -5: /Users/ejunpark/.codex/worktrees/1f98bd1e-95ca-4396-82c1-c34de41a8851/OnTime-front/test/presentation/home/screens/home_screen_tmp_test.dart: 430 portrait home fits actual font, schedule=false
00:26 +581 -5: /Users/ejunpark/.codex/worktrees/1f98bd1e-95ca-4396-82c1-c34de41a8851/OnTime-front/test/presentation/home/screens/home_screen_tmp_test.dart: 430 portrait home fits actual font, schedule=false
00:26 +582 -5: /Users/ejunpark/.codex/worktrees/1f98bd1e-95ca-4396-82c1-c34de41a8851/OnTime-front/test/presentation/home/screens/home_screen_tmp_test.dart: 430 portrait home fits actual font, schedule=false
00:26 +583 -5: /Users/ejunpark/.codex/worktrees/1f98bd1e-95ca-4396-82c1-c34de41a8851/OnTime-front/test/presentation/home/screens/home_screen_tmp_test.dart: 430 portrait home fits actual font, schedule=false
00:26 +584 -5: /Users/ejunpark/.codex/worktrees/1f98bd1e-95ca-4396-82c1-c34de41a8851/OnTime-front/test/presentation/home/screens/home_screen_tmp_test.dart: 430 portrait home fits actual font, schedule=false
00:26 +585 -5: /Users/ejunpark/.codex/worktrees/1f98bd1e-95ca-4396-82c1-c34de41a8851/OnTime-front/test/presentation/home/screens/home_screen_tmp_test.dart: 430 portrait home fits actual font, schedule=false
00:26 +586 -5: /Users/ejunpark/.codex/worktrees/1f98bd1e-95ca-4396-82c1-c34de41a8851/OnTime-front/test/presentation/home/screens/home_screen_tmp_test.dart: 430 portrait home fits actual font, schedule=false
00:26 +587 -5: /Users/ejunpark/.codex/worktrees/1f98bd1e-95ca-4396-82c1-c34de41a8851/OnTime-front/test/presentation/home/screens/home_screen_tmp_test.dart: 430 portrait home fits actual font, schedule=false
00:26 +588 -5: /Users/ejunpark/.codex/worktrees/1f98bd1e-95ca-4396-82c1-c34de41a8851/OnTime-front/test/presentation/home/components/month_calendar_test.dart: selecting a day reports the selected calendar date
00:26 +589 -5: /Users/ejunpark/.codex/worktrees/1f98bd1e-95ca-4396-82c1-c34de41a8851/OnTime-front/test/presentation/home/components/month_calendar_test.dart: selecting a day reports the selected calendar date
00:26 +590 -5: /Users/ejunpark/.codex/worktrees/1f98bd1e-95ca-4396-82c1-c34de41a8851/OnTime-front/test/presentation/home/components/month_calendar_test.dart: selecting a day reports the selected calendar date
00:26 +591 -5: /Users/ejunpark/.codex/worktrees/1f98bd1e-95ca-4396-82c1-c34de41a8851/OnTime-front/test/presentation/home/components/month_calendar_test.dart: selecting a day reports the selected calendar date
00:26 +592 -5: /Users/ejunpark/.codex/worktrees/1f98bd1e-95ca-4396-82c1-c34de41a8851/OnTime-front/test/presentation/home/components/month_calendar_test.dart: selecting a day reports the selected calendar date
00:26 +593 -5: /Users/ejunpark/.codex/worktrees/1f98bd1e-95ca-4396-82c1-c34de41a8851/OnTime-front/test/presentation/home/components/month_calendar_test.dart: selecting a day reports the selected calendar date
00:26 +594 -5: /Users/ejunpark/.codex/worktrees/1f98bd1e-95ca-4396-82c1-c34de41a8851/OnTime-front/test/presentation/home/components/month_calendar_test.dart: selecting a day reports the selected calendar date
00:26 +595 -5: /Users/ejunpark/.codex/worktrees/1f98bd1e-95ca-4396-82c1-c34de41a8851/OnTime-front/test/presentation/home/screens/home_screen_tmp_test.dart: 430 home last calendar day and primary routes remain tappable
00:26 +596 -5: /Users/ejunpark/.codex/worktrees/1f98bd1e-95ca-4396-82c1-c34de41a8851/OnTime-front/test/presentation/home/screens/home_screen_tmp_test.dart: 430 home last calendar day and primary routes remain tappable
00:26 +597 -5: /Users/ejunpark/.codex/worktrees/1f98bd1e-95ca-4396-82c1-c34de41a8851/OnTime-front/test/presentation/home/screens/home_screen_tmp_test.dart: 430 home last calendar day and primary routes remain tappable
00:27 +598 -5: /Users/ejunpark/.codex/worktrees/1f98bd1e-95ca-4396-82c1-c34de41a8851/OnTime-front/test/presentation/home/components/month_calendar_test.dart: header arrows move between months and request month loads
00:27 +599 -5: /Users/ejunpark/.codex/worktrees/1f98bd1e-95ca-4396-82c1-c34de41a8851/OnTime-front/test/presentation/home/screens/home_screen_tmp_test.dart: compact portrait home fits without scroll at 1.3 text scale
00:27 +600 -5: /Users/ejunpark/.codex/worktrees/1f98bd1e-95ca-4396-82c1-c34de41a8851/OnTime-front/test/presentation/home/components/month_calendar_test.dart: unbounded vertical layout keeps the configured row height
00:27 +601 -5: /Users/ejunpark/.codex/worktrees/1f98bd1e-95ca-4396-82c1-c34de41a8851/OnTime-front/test/presentation/home/screens/home_screen_tmp_test.dart: HomeScreenTmp subscribes monthly bloc for today
00:27 +602 -5: /Users/ejunpark/.codex/worktrees/1f98bd1e-95ca-4396-82c1-c34de41a8851/OnTime-front/test/presentation/home/screens/home_screen_tmp_test.dart: compact portrait home fits when today schedule exists
00:27 +603 -5: /Users/ejunpark/.codex/worktrees/1f98bd1e-95ca-4396-82c1-c34de41a8851/OnTime-front/test/presentation/home/screens/home_screen_tmp_test.dart: regular portrait home matches Figma hero and card geometry
00:27 +604 -5: /Users/ejunpark/.codex/worktrees/1f98bd1e-95ca-4396-82c1-c34de41a8851/OnTime-front/test/presentation/home/screens/home_screen_tmp_test.dart: banner clears the device safe area before rendering
00:27 +605 -5: /Users/ejunpark/.codex/worktrees/1f98bd1e-95ca-4396-82c1-c34de41a8851/OnTime-front/test/presentation/home/screens/home_screen_tmp_test.dart: today schedule tile truncates long schedule names
00:27 +606 -5: /Users/ejunpark/.codex/worktrees/1f98bd1e-95ca-4396-82c1-c34de41a8851/OnTime-front/test/presentation/home/screens/home_screen_tmp_test.dart: does not reopen schedule start on started-state ticks
00:27 +607 -5: /Users/ejunpark/.codex/worktrees/1f98bd1e-95ca-4396-82c1-c34de41a8851/OnTime-front/test/presentation/home/screens/home_screen_tmp_test.dart: view calendar button navigates to calendar screen
00:27 +608 -5: /Users/ejunpark/.codex/worktrees/1f98bd1e-95ca-4396-82c1-c34de41a8851/OnTime-front/test/presentation/calendar/component/schedule_detail_test.dart: expanded tile shows travel, preparation, spare in order
00:27 +609 -5: /Users/ejunpark/.codex/worktrees/1f98bd1e-95ca-4396-82c1-c34de41a8851/OnTime-front/test/presentation/calendar/component/schedule_detail_test.dart: expanded tile shows travel, preparation, spare in order
00:27 +610 -5: /Users/ejunpark/.codex/worktrees/1f98bd1e-95ca-4396-82c1-c34de41a8851/OnTime-front/test/presentation/calendar/component/schedule_detail_test.dart: expanded tile shows travel, preparation, spare in order
00:27 +611 -5: /Users/ejunpark/.codex/worktrees/1f98bd1e-95ca-4396-82c1-c34de41a8851/OnTime-front/test/presentation/calendar/component/schedule_detail_test.dart: expanded tile shows travel, preparation, spare in order
00:28 +612 -5: /Users/ejunpark/.codex/worktrees/1f98bd1e-95ca-4396-82c1-c34de41a8851/OnTime-front/test/presentation/calendar/component/schedule_detail_test.dart: expanded tile shows travel, preparation, spare in order
00:28 +613 -5: /Users/ejunpark/.codex/worktrees/1f98bd1e-95ca-4396-82c1-c34de41a8851/OnTime-front/test/presentation/calendar/component/schedule_detail_test.dart: expanded tile shows travel, preparation, spare in order
00:28 +614 -5: /Users/ejunpark/.codex/worktrees/1f98bd1e-95ca-4396-82c1-c34de41a8851/OnTime-front/test/presentation/calendar/component/schedule_detail_test.dart: expanded tile shows travel, preparation, spare in order
00:28 +615 -5: /Users/ejunpark/.codex/worktrees/1f98bd1e-95ca-4396-82c1-c34de41a8851/OnTime-front/test/presentation/calendar/component/schedule_detail_test.dart: expanded tile shows travel, preparation, spare in order
00:28 +616 -5: /Users/ejunpark/.codex/worktrees/1f98bd1e-95ca-4396-82c1-c34de41a8851/OnTime-front/test/presentation/calendar/component/schedule_detail_test.dart: expanded tile shows travel, preparation, spare in order
00:28 +617 -5: /Users/ejunpark/.codex/worktrees/1f98bd1e-95ca-4396-82c1-c34de41a8851/OnTime-front/test/presentation/calendar/component/schedule_detail_test.dart: expanded tile shows travel, preparation, spare in order
00:28 +618 -5: /Users/ejunpark/.codex/worktrees/1f98bd1e-95ca-4396-82c1-c34de41a8851/OnTime-front/test/presentation/calendar/component/schedule_detail_test.dart: expanded tile shows travel, preparation, spare in order
00:28 +619 -5: /Users/ejunpark/.codex/worktrees/1f98bd1e-95ca-4396-82c1-c34de41a8851/OnTime-front/test/presentation/calendar/component/schedule_detail_test.dart: expanded tile shows travel, preparation, spare in order
00:28 +620 -5: /Users/ejunpark/.codex/worktrees/1f98bd1e-95ca-4396-82c1-c34de41a8851/OnTime-front/test/presentation/calendar/component/schedule_detail_test.dart: expanded tile shows travel, preparation, spare in order
00:28 +621 -5: /Users/ejunpark/.codex/worktrees/1f98bd1e-95ca-4396-82c1-c34de41a8851/OnTime-front/test/presentation/calendar/component/schedule_detail_test.dart: expanded tile shows travel, preparation, spare in order
00:28 +622 -5: /Users/ejunpark/.codex/worktrees/1f98bd1e-95ca-4396-82c1-c34de41a8851/OnTime-front/test/presentation/calendar/component/schedule_detail_test.dart: expanded tile shows travel, preparation, spare in order
00:28 +623 -5: /Users/ejunpark/.codex/worktrees/1f98bd1e-95ca-4396-82c1-c34de41a8851/OnTime-front/test/presentation/calendar/component/schedule_detail_test.dart: expanded tile shows travel, preparation, spare in order
00:28 +624 -5: /Users/ejunpark/.codex/worktrees/1f98bd1e-95ca-4396-82c1-c34de41a8851/OnTime-front/test/presentation/calendar/component/schedule_detail_test.dart: expanded tile shows travel, preparation, spare in order
00:28 +625 -5: /Users/ejunpark/.codex/worktrees/1f98bd1e-95ca-4396-82c1-c34de41a8851/OnTime-front/test/presentation/calendar/component/schedule_detail_test.dart: expanded tile shows travel, preparation, spare in order
00:28 +626 -5: /Users/ejunpark/.codex/worktrees/1f98bd1e-95ca-4396-82c1-c34de41a8851/OnTime-front/test/presentation/calendar/component/schedule_detail_test.dart: expanded tile shows travel, preparation, spare in order
00:28 +627 -5: /Users/ejunpark/.codex/worktrees/1f98bd1e-95ca-4396-82c1-c34de41a8851/OnTime-front/test/presentation/calendar/component/schedule_detail_test.dart: expanded tile shows travel, preparation, spare in order
00:28 +628 -5: /Users/ejunpark/.codex/worktrees/1f98bd1e-95ca-4396-82c1-c34de41a8851/OnTime-front/test/presentation/calendar/component/schedule_detail_test.dart: expanded tile shows travel, preparation, spare in order
00:28 +629 -5: /Users/ejunpark/.codex/worktrees/1f98bd1e-95ca-4396-82c1-c34de41a8851/OnTime-front/test/presentation/calendar/component/schedule_detail_test.dart: expanded tile shows travel, preparation, spare in order
00:28 +630 -5: /Users/ejunpark/.codex/worktrees/1f98bd1e-95ca-4396-82c1-c34de41a8851/OnTime-front/test/presentation/calendar/screens/calendar_screen_test.dart: compact future empty state fits with add button
00:28 +631 -5: /Users/ejunpark/.codex/worktrees/1f98bd1e-95ca-4396-82c1-c34de41a8851/OnTime-front/test/presentation/calendar/screens/calendar_screen_test.dart: compact future empty state fits with add button
00:28 +632 -5: /Users/ejunpark/.codex/worktrees/1f98bd1e-95ca-4396-82c1-c34de41a8851/OnTime-front/test/presentation/calendar/screens/calendar_screen_test.dart: compact future empty state fits with add button
00:28 +633 -5: /Users/ejunpark/.codex/worktrees/1f98bd1e-95ca-4396-82c1-c34de41a8851/OnTime-front/test/presentation/calendar/screens/calendar_screen_test.dart: compact future empty state fits with add button
00:28 +634 -5: /Users/ejunpark/.codex/worktrees/1f98bd1e-95ca-4396-82c1-c34de41a8851/OnTime-front/test/presentation/calendar/screens/calendar_screen_test.dart: compact future empty state fits with add button
00:28 +635 -5: /Users/ejunpark/.codex/worktrees/1f98bd1e-95ca-4396-82c1-c34de41a8851/OnTime-front/test/presentation/calendar/screens/calendar_screen_test.dart: compact future empty state fits with add button
00:28 +636 -5: /Users/ejunpark/.codex/worktrees/1f98bd1e-95ca-4396-82c1-c34de41a8851/OnTime-front/test/presentation/calendar/screens/calendar_screen_test.dart: compact future empty state fits with add button
00:28 +637 -5: /Users/ejunpark/.codex/worktrees/1f98bd1e-95ca-4396-82c1-c34de41a8851/OnTime-front/test/presentation/calendar/screens/calendar_screen_test.dart: compact future empty state fits with add button
00:28 +638 -5: /Users/ejunpark/.codex/worktrees/1f98bd1e-95ca-4396-82c1-c34de41a8851/OnTime-front/test/presentation/calendar/screens/calendar_screen_test.dart: compact future empty state fits with add button
00:28 +639 -5: /Users/ejunpark/.codex/worktrees/1f98bd1e-95ca-4396-82c1-c34de41a8851/OnTime-front/test/presentation/calendar/screens/calendar_screen_test.dart: compact future empty state fits with add button
00:28 +640 -5: /Users/ejunpark/.codex/worktrees/1f98bd1e-95ca-4396-82c1-c34de41a8851/OnTime-front/test/presentation/calendar/screens/calendar_screen_test.dart: compact future empty state fits with add button
00:28 +641 -5: /Users/ejunpark/.codex/worktrees/1f98bd1e-95ca-4396-82c1-c34de41a8851/OnTime-front/test/presentation/calendar/screens/calendar_screen_test.dart: compact future empty state fits with add button
00:28 +642 -5: /Users/ejunpark/.codex/worktrees/1f98bd1e-95ca-4396-82c1-c34de41a8851/OnTime-front/test/presentation/calendar/screens/calendar_screen_test.dart: compact future empty state fits with add button
00:28 +643 -5: /Users/ejunpark/.codex/worktrees/1f98bd1e-95ca-4396-82c1-c34de41a8851/OnTime-front/test/presentation/calendar/screens/calendar_screen_test.dart: compact future empty state fits with add button
00:28 +644 -5: /Users/ejunpark/.codex/worktrees/1f98bd1e-95ca-4396-82c1-c34de41a8851/OnTime-front/test/presentation/calendar/screens/calendar_screen_test.dart: compact future empty state fits with add button
00:28 +645 -5: /Users/ejunpark/.codex/worktrees/1f98bd1e-95ca-4396-82c1-c34de41a8851/OnTime-front/test/presentation/calendar/screens/calendar_screen_test.dart: compact future empty state fits with add button
00:28 +646 -5: /Users/ejunpark/.codex/worktrees/1f98bd1e-95ca-4396-82c1-c34de41a8851/OnTime-front/test/presentation/calendar/screens/calendar_screen_test.dart: compact future empty state fits with add button
00:28 +647 -5: /Users/ejunpark/.codex/worktrees/1f98bd1e-95ca-4396-82c1-c34de41a8851/OnTime-front/test/presentation/calendar/screens/calendar_screen_test.dart: compact future empty state fits with add button
00:28 +648 -5: /Users/ejunpark/.codex/worktrees/1f98bd1e-95ca-4396-82c1-c34de41a8851/OnTime-front/test/presentation/calendar/screens/calendar_screen_test.dart: compact future empty state fits with add button
00:28 +649 -5: /Users/ejunpark/.codex/worktrees/1f98bd1e-95ca-4396-82c1-c34de41a8851/OnTime-front/test/presentation/calendar/component/schedule_detail_test.dart: edit action is hidden for early-started schedule
00:28 +650 -5: /Users/ejunpark/.codex/worktrees/1f98bd1e-95ca-4396-82c1-c34de41a8851/OnTime-front/test/presentation/calendar/screens/calendar_screen_test.dart: short past empty state fits without add button
00:29 +651 -5: /Users/ejunpark/.codex/worktrees/1f98bd1e-95ca-4396-82c1-c34de41a8851/OnTime-front/test/presentation/calendar/screens/calendar_screen_test.dart: short past empty state fits without add button
00:29 +652 -5: /Users/ejunpark/.codex/worktrees/1f98bd1e-95ca-4396-82c1-c34de41a8851/OnTime-front/test/presentation/calendar/component/schedule_detail_test.dart: delete action is hidden for finished schedules
00:29 +653 -5: /Users/ejunpark/.codex/worktrees/1f98bd1e-95ca-4396-82c1-c34de41a8851/OnTime-front/test/presentation/app/cubit/notification_gate_cubit_test.dart: authorized permission initializes notifications and allows app entry
00:29 +654 -5: /Users/ejunpark/.codex/worktrees/1f98bd1e-95ca-4396-82c1-c34de41a8851/OnTime-front/test/presentation/calendar/screens/calendar_screen_test.dart: compact selected day with schedules scrolls without overflow
00:29 +655 -5: /Users/ejunpark/.codex/worktrees/1f98bd1e-95ca-4396-82c1-c34de41a8851/OnTime-front/test/presentation/calendar/screens/calendar_screen_test.dart: compact selected day with schedules scrolls without overflow
00:29 +656 -5: /Users/ejunpark/.codex/worktrees/1f98bd1e-95ca-4396-82c1-c34de41a8851/OnTime-front/test/presentation/calendar/screens/calendar_screen_test.dart: compact selected day with schedules scrolls without overflow
00:29 +657 -5: /Users/ejunpark/.codex/worktrees/1f98bd1e-95ca-4396-82c1-c34de41a8851/OnTime-front/test/presentation/calendar/screens/calendar_screen_test.dart: compact selected day with schedules scrolls without overflow
00:29 +658 -5: /Users/ejunpark/.codex/worktrees/1f98bd1e-95ca-4396-82c1-c34de41a8851/OnTime-front/test/presentation/calendar/screens/calendar_screen_test.dart: compact selected day with schedules scrolls without overflow
00:29 +659 -5: /Users/ejunpark/.codex/worktrees/1f98bd1e-95ca-4396-82c1-c34de41a8851/OnTime-front/test/presentation/calendar/screens/calendar_screen_test.dart: compact selected day with schedules scrolls without overflow
00:29 +660 -5: /Users/ejunpark/.codex/worktrees/1f98bd1e-95ca-4396-82c1-c34de41a8851/OnTime-front/test/presentation/calendar/screens/calendar_screen_test.dart: initial date before supported range is clamped to first month
00:29 +661 -5: /Users/ejunpark/.codex/worktrees/1f98bd1e-95ca-4396-82c1-c34de41a8851/OnTime-front/test/presentation/calendar/screens/calendar_screen_test.dart: calendar header arrows move the visible month
00:29 +662 -5: /Users/ejunpark/.codex/worktrees/1f98bd1e-95ca-4396-82c1-c34de41a8851/OnTime-front/test/presentation/app/bloc/schedule/preparation_step_delivery_test.dart: actual periodic refresh submits a fresh paused step once
00:30 +663 -5: /Users/ejunpark/.codex/worktrees/1f98bd1e-95ca-4396-82c1-c34de41a8851/OnTime-front/test/presentation/calendar/screens/calendar_screen_test.dart: selecting another day updates the detail list for that day
00:30 +664 -5: /Users/ejunpark/.codex/worktrees/1f98bd1e-95ca-4396-82c1-c34de41a8851/OnTime-front/test/presentation/calendar/screens/calendar_screen_test.dart: selecting another day updates the detail list for that day
00:30 +665 -5: /Users/ejunpark/.codex/worktrees/1f98bd1e-95ca-4396-82c1-c34de41a8851/OnTime-front/test/presentation/calendar/screens/calendar_screen_test.dart: selecting another day updates the detail list for that day
00:30 +666 -5: /Users/ejunpark/.codex/worktrees/1f98bd1e-95ca-4396-82c1-c34de41a8851/OnTime-front/test/presentation/calendar/screens/calendar_screen_test.dart: selecting another day updates the detail list for that day
00:30 +667 -5: /Users/ejunpark/.codex/worktrees/1f98bd1e-95ca-4396-82c1-c34de41a8851/OnTime-front/test/presentation/calendar/screens/calendar_screen_test.dart: selecting another day updates the detail list for that day
00:30 +668 -5: /Users/ejunpark/.codex/worktrees/1f98bd1e-95ca-4396-82c1-c34de41a8851/OnTime-front/test/presentation/calendar/screens/calendar_screen_test.dart: selecting another day updates the detail list for that day
00:30 +669 -5: /Users/ejunpark/.codex/worktrees/1f98bd1e-95ca-4396-82c1-c34de41a8851/OnTime-front/test/presentation/calendar/screens/calendar_screen_test.dart: selecting another day updates the detail list for that day
00:30 +670 -5: /Users/ejunpark/.codex/worktrees/1f98bd1e-95ca-4396-82c1-c34de41a8851/OnTime-front/test/presentation/calendar/screens/calendar_screen_test.dart: selecting another day updates the detail list for that day
00:30 +671 -5: /Users/ejunpark/.codex/worktrees/1f98bd1e-95ca-4396-82c1-c34de41a8851/OnTime-front/test/presentation/calendar/screens/calendar_screen_test.dart: selecting another day updates the detail list for that day
00:30 +672 -5: /Users/ejunpark/.codex/worktrees/1f98bd1e-95ca-4396-82c1-c34de41a8851/OnTime-front/test/presentation/calendar/screens/calendar_screen_test.dart: selecting another day updates the detail list for that day
00:30 +673 -5: /Users/ejunpark/.codex/worktrees/1f98bd1e-95ca-4396-82c1-c34de41a8851/OnTime-front/test/presentation/calendar/screens/calendar_screen_test.dart: selecting another day updates the detail list for that day
00:30 +674 -5: /Users/ejunpark/.codex/worktrees/1f98bd1e-95ca-4396-82c1-c34de41a8851/OnTime-front/test/presentation/calendar/screens/calendar_screen_test.dart: selecting another day updates the detail list for that day
00:30 +675 -5: /Users/ejunpark/.codex/worktrees/1f98bd1e-95ca-4396-82c1-c34de41a8851/OnTime-front/test/presentation/calendar/screens/calendar_screen_test.dart: selecting another day updates the detail list for that day
00:30 +676 -5: /Users/ejunpark/.codex/worktrees/1f98bd1e-95ca-4396-82c1-c34de41a8851/OnTime-front/test/presentation/calendar/screens/calendar_screen_test.dart: selecting another day updates the detail list for that day
00:30 +677 -5: /Users/ejunpark/.codex/worktrees/1f98bd1e-95ca-4396-82c1-c34de41a8851/OnTime-front/test/presentation/calendar/screens/calendar_screen_test.dart: selecting another day updates the detail list for that day
00:30 +678 -5: /Users/ejunpark/.codex/worktrees/1f98bd1e-95ca-4396-82c1-c34de41a8851/OnTime-front/test/presentation/calendar/screens/calendar_screen_test.dart: selecting another day updates the detail list for that day
00:30 +679 -5: /Users/ejunpark/.codex/worktrees/1f98bd1e-95ca-4396-82c1-c34de41a8851/OnTime-front/test/presentation/calendar/screens/calendar_screen_test.dart: selecting another day updates the detail list for that day
00:30 +680 -5: /Users/ejunpark/.codex/worktrees/1f98bd1e-95ca-4396-82c1-c34de41a8851/OnTime-front/test/presentation/calendar/screens/calendar_screen_test.dart: selecting another day updates the detail list for that day
00:30 +681 -5: /Users/ejunpark/.codex/worktrees/1f98bd1e-95ca-4396-82c1-c34de41a8851/OnTime-front/test/presentation/calendar/screens/calendar_screen_test.dart: selecting another day updates the detail list for that day
00:30 +682 -5: /Users/ejunpark/.codex/worktrees/1f98bd1e-95ca-4396-82c1-c34de41a8851/OnTime-front/test/presentation/calendar/screens/calendar_screen_test.dart: selecting another day updates the detail list for that day
00:30 +683 -5: /Users/ejunpark/.codex/worktrees/1f98bd1e-95ca-4396-82c1-c34de41a8851/OnTime-front/test/presentation/app/bloc/schedule/schedule_bloc_test.dart: ScheduleBloc preparation runtime flow at preparation start boundary it transitions to started and navigates once
00:30 +684 -5: /Users/ejunpark/.codex/worktrees/1f98bd1e-95ca-4396-82c1-c34de41a8851/OnTime-front/test/presentation/app/bloc/schedule/schedule_bloc_test.dart: ScheduleBloc preparation runtime flow at preparation start boundary it transitions to started and navigates once
00:30 +685 -5: /Users/ejunpark/.codex/worktrees/1f98bd1e-95ca-4396-82c1-c34de41a8851/OnTime-front/test/presentation/app/bloc/schedule/schedule_bloc_test.dart: ScheduleBloc preparation runtime flow at preparation start boundary it transitions to started and navigates once
00:30 +686 -5: /Users/ejunpark/.codex/worktrees/1f98bd1e-95ca-4396-82c1-c34de41a8851/OnTime-front/test/presentation/app/bloc/schedule/schedule_bloc_test.dart: ScheduleBloc preparation runtime flow at preparation start boundary it transitions to started and navigates once
00:30 +687 -5: /Users/ejunpark/.codex/worktrees/1f98bd1e-95ca-4396-82c1-c34de41a8851/OnTime-front/test/presentation/app/bloc/schedule/schedule_bloc_test.dart: ScheduleBloc preparation runtime flow at preparation start boundary it transitions to started and navigates once
00:30 +688 -5: /Users/ejunpark/.codex/worktrees/1f98bd1e-95ca-4396-82c1-c34de41a8851/OnTime-front/test/presentation/app/bloc/schedule/schedule_bloc_test.dart: ScheduleBloc preparation runtime flow at preparation start boundary it transitions to started and navigates once
00:30 +689 -5: /Users/ejunpark/.codex/worktrees/1f98bd1e-95ca-4396-82c1-c34de41a8851/OnTime-front/test/presentation/app/bloc/schedule/schedule_bloc_test.dart: ScheduleBloc preparation runtime flow at preparation start boundary it transitions to started and navigates once
00:30 +690 -5: /Users/ejunpark/.codex/worktrees/1f98bd1e-95ca-4396-82c1-c34de41a8851/OnTime-front/test/presentation/app/bloc/schedule/schedule_bloc_test.dart: ScheduleBloc preparation runtime flow at preparation start boundary it transitions to started and navigates once
00:30 +691 -5: /Users/ejunpark/.codex/worktrees/1f98bd1e-95ca-4396-82c1-c34de41a8851/OnTime-front/test/presentation/app/bloc/schedule/schedule_bloc_test.dart: ScheduleBloc preparation runtime flow at preparation start boundary it transitions to started and navigates once
00:30 +692 -5: /Users/ejunpark/.codex/worktrees/1f98bd1e-95ca-4396-82c1-c34de41a8851/OnTime-front/test/presentation/app/bloc/schedule/schedule_bloc_test.dart: ScheduleBloc preparation runtime flow at preparation start boundary it transitions to started and navigates once
00:30 +693 -5: /Users/ejunpark/.codex/worktrees/1f98bd1e-95ca-4396-82c1-c34de41a8851/OnTime-front/test/presentation/app/bloc/schedule/schedule_bloc_test.dart: ScheduleBloc preparation runtime flow at preparation start boundary it transitions to started and navigates once
00:30 +694 -5: /Users/ejunpark/.codex/worktrees/1f98bd1e-95ca-4396-82c1-c34de41a8851/OnTime-front/test/presentation/app/bloc/schedule/schedule_bloc_test.dart: ScheduleBloc preparation runtime flow at preparation start boundary it transitions to started and navigates once
00:30 +695 -5: /Users/ejunpark/.codex/worktrees/1f98bd1e-95ca-4396-82c1-c34de41a8851/OnTime-front/test/presentation/app/bloc/schedule/schedule_bloc_test.dart: ScheduleBloc preparation runtime flow at preparation start boundary it transitions to started and navigates once
00:30 +696 -5: /Users/ejunpark/.codex/worktrees/1f98bd1e-95ca-4396-82c1-c34de41a8851/OnTime-front/test/presentation/calendar/screens/calendar_screen_test.dart: saved create sheet refreshes the selected calendar date
00:30 +697 -5: /Users/ejunpark/.codex/worktrees/1f98bd1e-95ca-4396-82c1-c34de41a8851/OnTime-front/test/presentation/calendar/screens/calendar_screen_test.dart: saved create sheet refreshes the selected calendar date
00:30 +698 -5: /Users/ejunpark/.codex/worktrees/1f98bd1e-95ca-4396-82c1-c34de41a8851/OnTime-front/test/presentation/calendar/screens/calendar_screen_test.dart: saved create sheet refreshes the selected calendar date
00:30 +699 -5: /Users/ejunpark/.codex/worktrees/1f98bd1e-95ca-4396-82c1-c34de41a8851/OnTime-front/test/presentation/calendar/screens/calendar_screen_test.dart: saved create sheet refreshes the selected calendar date
00:30 +700 -5: /Users/ejunpark/.codex/worktrees/1f98bd1e-95ca-4396-82c1-c34de41a8851/OnTime-front/test/presentation/calendar/screens/calendar_screen_test.dart: saved create sheet refreshes the selected calendar date
00:30 +701 -5: /Users/ejunpark/.codex/worktrees/1f98bd1e-95ca-4396-82c1-c34de41a8851/OnTime-front/test/presentation/calendar/screens/calendar_screen_test.dart: saved create sheet refreshes the selected calendar date
00:30 +702 -5: /Users/ejunpark/.codex/worktrees/1f98bd1e-95ca-4396-82c1-c34de41a8851/OnTime-front/test/presentation/calendar/screens/calendar_screen_test.dart: saved create sheet refreshes the selected calendar date
00:30 +703 -5: /Users/ejunpark/.codex/worktrees/1f98bd1e-95ca-4396-82c1-c34de41a8851/OnTime-front/test/presentation/calendar/screens/calendar_screen_test.dart: saved create sheet refreshes the selected calendar date
00:30 +704 -5: /Users/ejunpark/.codex/worktrees/1f98bd1e-95ca-4396-82c1-c34de41a8851/OnTime-front/test/presentation/calendar/screens/calendar_screen_test.dart: saved create sheet refreshes the selected calendar date
00:30 +705 -5: /Users/ejunpark/.codex/worktrees/1f98bd1e-95ca-4396-82c1-c34de41a8851/OnTime-front/test/presentation/calendar/screens/calendar_screen_test.dart: saved create sheet refreshes the selected calendar date
00:30 +706 -5: /Users/ejunpark/.codex/worktrees/1f98bd1e-95ca-4396-82c1-c34de41a8851/OnTime-front/test/presentation/calendar/screens/calendar_screen_test.dart: saved create sheet refreshes the selected calendar date
00:30 +707 -5: /Users/ejunpark/.codex/worktrees/1f98bd1e-95ca-4396-82c1-c34de41a8851/OnTime-front/test/presentation/calendar/screens/calendar_screen_test.dart: saved create sheet refreshes the selected calendar date
00:30 +708 -5: /Users/ejunpark/.codex/worktrees/1f98bd1e-95ca-4396-82c1-c34de41a8851/OnTime-front/test/presentation/calendar/screens/calendar_screen_test.dart: saved create sheet refreshes the selected calendar date
00:30 +709 -5: /Users/ejunpark/.codex/worktrees/1f98bd1e-95ca-4396-82c1-c34de41a8851/OnTime-front/test/presentation/calendar/screens/calendar_screen_test.dart: saved create sheet refreshes the selected calendar date
00:30 +710 -5: /Users/ejunpark/.codex/worktrees/1f98bd1e-95ca-4396-82c1-c34de41a8851/OnTime-front/test/presentation/calendar/screens/calendar_screen_test.dart: saved create sheet refreshes the selected calendar date
00:30 +711 -5: /Users/ejunpark/.codex/worktrees/1f98bd1e-95ca-4396-82c1-c34de41a8851/OnTime-front/test/presentation/calendar/screens/calendar_screen_test.dart: saved create sheet refreshes the selected calendar date
00:30 +712 -5: /Users/ejunpark/.codex/worktrees/1f98bd1e-95ca-4396-82c1-c34de41a8851/OnTime-front/test/presentation/calendar/screens/calendar_screen_test.dart: saved create sheet refreshes the selected calendar date
00:30 +713 -5: /Users/ejunpark/.codex/worktrees/1f98bd1e-95ca-4396-82c1-c34de41a8851/OnTime-front/test/presentation/calendar/screens/calendar_screen_test.dart: saved create sheet refreshes the selected calendar date
00:30 +714 -5: /Users/ejunpark/.codex/worktrees/1f98bd1e-95ca-4396-82c1-c34de41a8851/OnTime-front/test/presentation/calendar/screens/calendar_screen_test.dart: saved create sheet refreshes the selected calendar date
00:30 +715 -5: /Users/ejunpark/.codex/worktrees/1f98bd1e-95ca-4396-82c1-c34de41a8851/OnTime-front/test/presentation/app/bloc/schedule/preparation_step_delivery_test.dart: occurrences sharing step IDs have independent attempts
00:30 +716 -5: /Users/ejunpark/.codex/worktrees/1f98bd1e-95ca-4396-82c1-c34de41a8851/OnTime-front/test/presentation/app/bloc/schedule/preparation_step_delivery_test.dart: occurrences sharing step IDs have independent attempts
00:30 +717 -5: /Users/ejunpark/.codex/worktrees/1f98bd1e-95ca-4396-82c1-c34de41a8851/OnTime-front/test/presentation/calendar/screens/calendar_screen_test.dart: month load failures show calendar error state
00:30 +718 -5: /Users/ejunpark/.codex/worktrees/1f98bd1e-95ca-4396-82c1-c34de41a8851/OnTime-front/test/presentation/calendar/screens/calendar_screen_test.dart: month load failures show calendar error state
00:30 +719 -5: /Users/ejunpark/.codex/worktrees/1f98bd1e-95ca-4396-82c1-c34de41a8851/OnTime-front/test/presentation/app/bloc/schedule/schedule_bloc_test.dart: ScheduleBloc preparation runtime flow new upcoming schedule cancels old timer and tracks latest schedule
00:30 +720 -5: /Users/ejunpark/.codex/worktrees/1f98bd1e-95ca-4396-82c1-c34de41a8851/OnTime-front/test/presentation/app/bloc/schedule/schedule_bloc_test.dart: ScheduleBloc preparation runtime flow new upcoming schedule cancels old timer and tracks latest schedule
00:30 +721 -5: /Users/ejunpark/.codex/worktrees/1f98bd1e-95ca-4396-82c1-c34de41a8851/OnTime-front/test/presentation/app/bloc/schedule/schedule_bloc_test.dart: ScheduleBloc preparation runtime flow new upcoming schedule cancels old timer and tracks latest schedule
00:30 +722 -5: /Users/ejunpark/.codex/worktrees/1f98bd1e-95ca-4396-82c1-c34de41a8851/OnTime-front/test/presentation/calendar/screens/calendar_screen_test.dart: android system back from calendar returns to home
00:30 +723 -5: /Users/ejunpark/.codex/worktrees/1f98bd1e-95ca-4396-82c1-c34de41a8851/OnTime-front/test/presentation/calendar/screens/calendar_screen_test.dart: android system back from calendar returns to home
00:30 +724 -5: /Users/ejunpark/.codex/worktrees/1f98bd1e-95ca-4396-82c1-c34de41a8851/OnTime-front/test/presentation/calendar/screens/calendar_screen_test.dart: android system back from calendar returns to home
00:30 +725 -5: /Users/ejunpark/.codex/worktrees/1f98bd1e-95ca-4396-82c1-c34de41a8851/OnTime-front/test/presentation/calendar/screens/calendar_screen_test.dart: android system back from calendar returns to home
00:30 +726 -5: /Users/ejunpark/.codex/worktrees/1f98bd1e-95ca-4396-82c1-c34de41a8851/OnTime-front/test/presentation/app/bloc/schedule/schedule_bloc_test.dart: ScheduleBloc preparation runtime flow future upcoming schedule stops active preparation timer
00:31 +727 -5: /Users/ejunpark/.codex/worktrees/1f98bd1e-95ca-4396-82c1-c34de41a8851/OnTime-front/test/presentation/app/bloc/schedule/schedule_bloc_test.dart: ScheduleBloc preparation runtime flow future upcoming schedule stops active preparation timer
00:31 +728 -5: /Users/ejunpark/.codex/worktrees/1f98bd1e-95ca-4396-82c1-c34de41a8851/OnTime-front/test/presentation/app/bloc/schedule/schedule_bloc_test.dart: ScheduleBloc preparation runtime flow future upcoming schedule stops active preparation timer
00:31 +729 -5: /Users/ejunpark/.codex/worktrees/1f98bd1e-95ca-4396-82c1-c34de41a8851/OnTime-front/test/presentation/app/bloc/schedule/schedule_bloc_test.dart: ScheduleBloc preparation runtime flow future upcoming schedule stops active preparation timer
00:31 +730 -5: /Users/ejunpark/.codex/worktrees/1f98bd1e-95ca-4396-82c1-c34de41a8851/OnTime-front/test/presentation/app/bloc/schedule/schedule_bloc_test.dart: ScheduleBloc preparation runtime flow future upcoming schedule stops active preparation timer
00:31 +731 -5: /Users/ejunpark/.codex/worktrees/1f98bd1e-95ca-4396-82c1-c34de41a8851/OnTime-front/test/presentation/app/bloc/schedule/schedule_bloc_test.dart: ScheduleBloc preparation runtime flow future upcoming schedule stops active preparation timer
00:31 +732 -5: /Users/ejunpark/.codex/worktrees/1f98bd1e-95ca-4396-82c1-c34de41a8851/OnTime-front/test/presentation/app/bloc/schedule/schedule_bloc_test.dart: ScheduleBloc preparation runtime flow official start timer does not push scheduleStart when already early-started
00:32 +733 -5: /Users/ejunpark/.codex/worktrees/1f98bd1e-95ca-4396-82c1-c34de41a8851/OnTime-front/test/presentation/app/bloc/schedule/schedule_bloc_test.dart: ScheduleBloc preparation runtime flow official start timer does not push scheduleStart when already early-started
00:32 +734 -5: /Users/ejunpark/.codex/worktrees/1f98bd1e-95ca-4396-82c1-c34de41a8851/OnTime-front/test/presentation/app/bloc/schedule/schedule_bloc_test.dart: ScheduleBloc preparation runtime flow official start timer does not push scheduleStart when already early-started
00:32 +735 -5: /Users/ejunpark/.codex/worktrees/1f98bd1e-95ca-4396-82c1-c34de41a8851/OnTime-front/test/presentation/shared/constants/app_colors_test.dart: white opacity colors keep the documented alpha ladder
00:32 +736 -5: /Users/ejunpark/.codex/worktrees/1f98bd1e-95ca-4396-82c1-c34de41a8851/OnTime-front/test/presentation/shared/constants/app_colors_test.dart: white opacity colors keep the documented alpha ladder
00:32 +737 -5: /Users/ejunpark/.codex/worktrees/1f98bd1e-95ca-4396-82c1-c34de41a8851/OnTime-front/test/presentation/shared/constants/app_colors_test.dart: white opacity colors keep the documented alpha ladder
00:32 +738 -5: /Users/ejunpark/.codex/worktrees/1f98bd1e-95ca-4396-82c1-c34de41a8851/OnTime-front/test/presentation/app/bloc/schedule/schedule_bloc_test.dart: ScheduleBloc preparation runtime flow confirmation-required run stays stopped after prompt until explicit start
00:32 +739 -5: /Users/ejunpark/.codex/worktrees/1f98bd1e-95ca-4396-82c1-c34de41a8851/OnTime-front/test/presentation/app/bloc/schedule/schedule_bloc_test.dart: ScheduleBloc preparation runtime flow confirmation-required run stays stopped after prompt until explicit start
00:32 +740 -5: /Users/ejunpark/.codex/worktrees/1f98bd1e-95ca-4396-82c1-c34de41a8851/OnTime-front/test/presentation/shared/constants/app_colors_test.dart: social type string conversion is normalized for persistence
00:32 +741 -5: /Users/ejunpark/.codex/worktrees/1f98bd1e-95ca-4396-82c1-c34de41a8851/OnTime-front/test/presentation/app/bloc/schedule/schedule_bloc_test.dart: ScheduleBloc preparation runtime flow mismatched fingerprint invalidates cached progress
00:32 +742 -5: /Users/ejunpark/.codex/worktrees/1f98bd1e-95ca-4396-82c1-c34de41a8851/OnTime-front/test/presentation/app/bloc/schedule/schedule_bloc_test.dart: ScheduleBloc preparation runtime flow resume before official start when early session and snapshot exist
00:32 +743 -5: /Users/ejunpark/.codex/worktrees/1f98bd1e-95ca-4396-82c1-c34de41a8851/OnTime-front/test/presentation/app/bloc/schedule/schedule_bloc_test.dart: ScheduleBloc preparation runtime flow resume before official start with only early session derives elapsed from session start
00:32 +744 -5: /Users/ejunpark/.codex/worktrees/1f98bd1e-95ca-4396-82c1-c34de41a8851/OnTime-front/test/presentation/app/bloc/schedule/schedule_bloc_test.dart: ScheduleBloc preparation runtime flow remote alarm prompt loads schedule details and arms the prompt
00:32 +745 -5: /Users/ejunpark/.codex/worktrees/1f98bd1e-95ca-4396-82c1-c34de41a8851/OnTime-front/test/presentation/app/bloc/schedule/schedule_bloc_test.dart: ScheduleBloc preparation runtime flow remote alarm prompt rejects ended schedules and clears their alarm
00:32 +746 -5: /Users/ejunpark/.codex/worktrees/1f98bd1e-95ca-4396-82c1-c34de41a8851/OnTime-front/test/presentation/app/bloc/schedule/schedule_bloc_test.dart: ScheduleBloc preparation runtime flow remote alarm prompt rejects stale fingerprint unless it starts prep
00:32 +747 -5: /Users/ejunpark/.codex/worktrees/1f98bd1e-95ca-4396-82c1-c34de41a8851/OnTime-front/test/presentation/app/bloc/schedule/schedule_bloc_test.dart: ScheduleBloc preparation runtime flow alarm prompt validation failure clears only non-start prompts
00:32 +748 -5: /Users/ejunpark/.codex/worktrees/1f98bd1e-95ca-4396-82c1-c34de41a8851/OnTime-front/test/presentation/app/bloc/schedule/schedule_bloc_test.dart: ScheduleBloc preparation runtime flow finish failure keeps the active schedule visible
00:32 +749 -5: /Users/ejunpark/.codex/worktrees/1f98bd1e-95ca-4396-82c1-c34de41a8851/OnTime-front/test/presentation/app/bloc/schedule/schedule_bloc_test.dart: schedule events expose equality props for bloc deduping
00:32 +750 -5: /Users/ejunpark/.codex/worktrees/1f98bd1e-95ca-4396-82c1-c34de41a8851/OnTime-front/test/presentation/shared/utils/time_format_test.dart: formatTime describes elapsed seconds in Korean units
00:32 +751 -5: /Users/ejunpark/.codex/worktrees/1f98bd1e-95ca-4396-82c1-c34de41a8851/OnTime-front/test/presentation/shared/utils/time_format_test.dart: formatTimeTimer uses timer display with hours when needed
00:32 +752 -5: /Users/ejunpark/.codex/worktrees/1f98bd1e-95ca-4396-82c1-c34de41a8851/OnTime-front/test/presentation/shared/utils/time_format_test.dart: formatEalyLateTime reports absolute early or late minutes
00:32 +753 -5: /Users/ejunpark/.codex/worktrees/1f98bd1e-95ca-4396-82c1-c34de41a8851/OnTime-front/test/presentation/shared/utils/time_format_test.dart: formatElapsedTime keeps seconds two-digit padded
00:32 +754 -5: /Users/ejunpark/.codex/worktrees/1f98bd1e-95ca-4396-82c1-c34de41a8851/OnTime-front/test/presentation/shared/components/calendar/schedule_marker_builder_test.dart: hides schedule marker when the day is selected
00:33 +755 -5: /Users/ejunpark/.codex/worktrees/1f98bd1e-95ca-4396-82c1-c34de41a8851/OnTime-front/test/presentation/shared/components/calendar/schedule_marker_builder_test.dart: uses the default marker when a scheduled day is not selected
00:33 +756 -5: /Users/ejunpark/.codex/worktrees/1f98bd1e-95ca-4396-82c1-c34de41a8851/OnTime-front/test/presentation/shared/components/calendar/schedule_marker_builder_test.dart: uses the default empty-day behavior when there are no events
00:33 +757 -5: /Users/ejunpark/.codex/worktrees/1f98bd1e-95ca-4396-82c1-c34de41a8851/OnTime-front/test/presentation/shared/components/custom_alert_dialog_test.dart: renders title, content, and actions with configured spacing
00:34 +758 -5: /Users/ejunpark/.codex/worktrees/1f98bd1e-95ca-4396-82c1-c34de41a8851/OnTime-front/test/presentation/shared/components/two_button_delete_dialog_test.dart: delete dialog wrapper returns false on cancel
00:34 +759 -5: /Users/ejunpark/.codex/worktrees/1f98bd1e-95ca-4396-82c1-c34de41a8851/OnTime-front/test/presentation/shared/components/two_button_delete_dialog_test.dart: delete dialog wrapper returns false on cancel
00:34 +760 -5: /Users/ejunpark/.codex/worktrees/1f98bd1e-95ca-4396-82c1-c34de41a8851/OnTime-front/test/presentation/shared/components/two_button_delete_dialog_test.dart: delete dialog wrapper returns false on cancel
00:34 +761 -5: /Users/ejunpark/.codex/worktrees/1f98bd1e-95ca-4396-82c1-c34de41a8851/OnTime-front/test/presentation/shared/components/two_button_delete_dialog_test.dart: delete dialog wrapper returns false on cancel
00:34 +762 -5: /Users/ejunpark/.codex/worktrees/1f98bd1e-95ca-4396-82c1-c34de41a8851/OnTime-front/test/presentation/shared/components/two_button_delete_dialog_test.dart: delete dialog wrapper returns false on cancel
00:34 +763 -5: /Users/ejunpark/.codex/worktrees/1f98bd1e-95ca-4396-82c1-c34de41a8851/OnTime-front/test/presentation/shared/components/two_button_delete_dialog_test.dart: delete dialog wrapper returns false on cancel
00:34 +764 -5: /Users/ejunpark/.codex/worktrees/1f98bd1e-95ca-4396-82c1-c34de41a8851/OnTime-front/test/presentation/shared/components/cupertino_picker_modal_test.dart: minute picker saves the selected duration and disposes
00:34 +765 -5: /Users/ejunpark/.codex/worktrees/1f98bd1e-95ca-4396-82c1-c34de41a8851/OnTime-front/test/presentation/shared/components/cupertino_picker_modal_test.dart: minute picker saves the selected duration and disposes
00:34 +766 -5: /Users/ejunpark/.codex/worktrees/1f98bd1e-95ca-4396-82c1-c34de41a8851/OnTime-front/test/presentation/shared/components/cupertino_picker_modal_test.dart: minute picker saves the selected duration and disposes
00:34 +767 -5: /Users/ejunpark/.codex/worktrees/1f98bd1e-95ca-4396-82c1-c34de41a8851/OnTime-front/test/presentation/shared/components/modal_wide_button_test.dart: renders destructive fixed button text
00:34 +768 -5: /Users/ejunpark/.codex/worktrees/1f98bd1e-95ca-4396-82c1-c34de41a8851/OnTime-front/test/presentation/shared/components/modal_wide_button_test.dart: renders destructive fixed button text
00:34 +769 -5: /Users/ejunpark/.codex/worktrees/1f98bd1e-95ca-4396-82c1-c34de41a8851/OnTime-front/test/presentation/shared/components/modal_wide_button_test.dart: renders destructive fixed button text
00:34 +770 -5: /Users/ejunpark/.codex/worktrees/1f98bd1e-95ca-4396-82c1-c34de41a8851/OnTime-front/test/presentation/shared/components/modal_wide_button_test.dart: renders destructive fixed button text
00:34 +771 -5: /Users/ejunpark/.codex/worktrees/1f98bd1e-95ca-4396-82c1-c34de41a8851/OnTime-front/test/presentation/shared/components/cupertino_picker_modal_test.dart: date picker saves the initial date value
00:34 +772 -5: /Users/ejunpark/.codex/worktrees/1f98bd1e-95ca-4396-82c1-c34de41a8851/OnTime-front/test/presentation/shared/components/cupertino_picker_modal_test.dart: date picker saves the initial date value
00:35 +773 -5: loading /Users/ejunpark/.codex/worktrees/1f98bd1e-95ca-4396-82c1-c34de41a8851/OnTime-front/test/presentation/shared/theme/button_and_calendar_theme_test.dart
00:35 +773 -5: /Users/ejunpark/.codex/worktrees/1f98bd1e-95ca-4396-82c1-c34de41a8851/OnTime-front/test/presentation/shared/theme/button_and_calendar_theme_test.dart: (setUpAll)
00:35 +773 -5: /Users/ejunpark/.codex/worktrees/1f98bd1e-95ca-4396-82c1-c34de41a8851/OnTime-front/test/presentation/shared/theme/tile_style_test.dart: copyWith keeps existing tile style values when not overridden
00:35 +774 -5: /Users/ejunpark/.codex/worktrees/1f98bd1e-95ca-4396-82c1-c34de41a8851/OnTime-front/test/presentation/shared/theme/button_and_calendar_theme_test.dart: button styles resolve enabled and disabled visual contracts
00:35 +775 -5: /Users/ejunpark/.codex/worktrees/1f98bd1e-95ca-4396-82c1-c34de41a8851/OnTime-front/test/presentation/shared/theme/button_and_calendar_theme_test.dart: button styles resolve enabled and disabled visual contracts
00:35 +776 -5: /Users/ejunpark/.codex/worktrees/1f98bd1e-95ca-4396-82c1-c34de41a8851/OnTime-front/test/presentation/shared/theme/button_and_calendar_theme_test.dart: calendar theme builds app calendar tokens and copies overrides
00:35 +777 -5: /Users/ejunpark/.codex/worktrees/1f98bd1e-95ca-4396-82c1-c34de41a8851/OnTime-front/test/presentation/shared/theme/button_and_calendar_theme_test.dart: calendar theme can be derived from build context
00:36 +778 -5: /Users/ejunpark/.codex/worktrees/1f98bd1e-95ca-4396-82c1-c34de41a8851/OnTime-front/test/presentation/shared/theme/button_and_calendar_theme_test.dart: calendar theme can be derived from build context
00:36 +779 -5: /Users/ejunpark/.codex/worktrees/1f98bd1e-95ca-4396-82c1-c34de41a8851/OnTime-front/test/presentation/shared/theme/button_and_calendar_theme_test.dart: calendar theme can be derived from build context
00:36 +780 -5: /Users/ejunpark/.codex/worktrees/1f98bd1e-95ca-4396-82c1-c34de41a8851/OnTime-front/test/presentation/shared/theme/button_and_calendar_theme_test.dart: calendar theme can be derived from build context
00:36 +781 -5: /Users/ejunpark/.codex/worktrees/1f98bd1e-95ca-4396-82c1-c34de41a8851/OnTime-front/test/presentation/shared/theme/button_and_calendar_theme_test.dart: (tearDownAll)
00:36 +781 -5: /Users/ejunpark/.codex/worktrees/1f98bd1e-95ca-4396-82c1-c34de41a8851/OnTime-front/test/presentation/shared/router/notification_launch_widget_test.dart: (setUpAll)
00:36 +781 -5: /Users/ejunpark/.codex/worktrees/1f98bd1e-95ca-4396-82c1-c34de41a8851/OnTime-front/test/presentation/shared/router/notification_launch_widget_test.dart: production router gates, exact target, dedupe and retap from old B at 390.0
00:36 +782 -5: /Users/ejunpark/.codex/worktrees/1f98bd1e-95ca-4396-82c1-c34de41a8851/OnTime-front/test/presentation/shared/router/notification_launch_widget_test.dart: production router gates, exact target, dedupe and retap from old B at 390.0
00:36 +783 -5: /Users/ejunpark/.codex/worktrees/1f98bd1e-95ca-4396-82c1-c34de41a8851/OnTime-front/test/presentation/shared/router/notification_launch_widget_test.dart: production router gates, exact target, dedupe and retap from old B at 390.0
00:36 +784 -5: /Users/ejunpark/.codex/worktrees/1f98bd1e-95ca-4396-82c1-c34de41a8851/OnTime-front/test/presentation/shared/router/notification_launch_widget_test.dart: production router gates, exact target, dedupe and retap from old B at 390.0
00:36 +785 -5: /Users/ejunpark/.codex/worktrees/1f98bd1e-95ca-4396-82c1-c34de41a8851/OnTime-front/test/presentation/shared/router/notification_launch_widget_test.dart: production router gates, exact target, dedupe and retap from old B at 390.0
00:36 +786 -5: /Users/ejunpark/.codex/worktrees/1f98bd1e-95ca-4396-82c1-c34de41a8851/OnTime-front/test/presentation/shared/router/notification_launch_widget_test.dart: production router gates, exact target, dedupe and retap from old B at 390.0
00:36 +787 -5: /Users/ejunpark/.codex/worktrees/1f98bd1e-95ca-4396-82c1-c34de41a8851/OnTime-front/test/presentation/shared/router/notification_launch_widget_test.dart: production router gates, exact target, dedupe and retap from old B at 390.0
00:36 +788 -5: /Users/ejunpark/.codex/worktrees/1f98bd1e-95ca-4396-82c1-c34de41a8851/OnTime-front/test/presentation/shared/router/notification_launch_widget_test.dart: production router gates, exact target, dedupe and retap from old B at 390.0
00:36 +789 -5: /Users/ejunpark/.codex/worktrees/1f98bd1e-95ca-4396-82c1-c34de41a8851/OnTime-front/test/presentation/shared/router/notification_launch_widget_test.dart: production router gates, exact target, dedupe and retap from old B at 390.0
00:36 +790 -5: /Users/ejunpark/.codex/worktrees/1f98bd1e-95ca-4396-82c1-c34de41a8851/OnTime-front/test/presentation/shared/router/notification_launch_widget_test.dart: production router gates, exact target, dedupe and retap from old B at 390.0
00:36 +791 -5: /Users/ejunpark/.codex/worktrees/1f98bd1e-95ca-4396-82c1-c34de41a8851/OnTime-front/test/presentation/shared/router/notification_launch_widget_test.dart: production router gates, exact target, dedupe and retap from old B at 390.0
00:36 +792 -5: /Users/ejunpark/.codex/worktrees/1f98bd1e-95ca-4396-82c1-c34de41a8851/OnTime-front/test/presentation/shared/router/notification_launch_widget_test.dart: production router gates, exact target, dedupe and retap from old B at 390.0
00:36 +793 -5: /Users/ejunpark/.codex/worktrees/1f98bd1e-95ca-4396-82c1-c34de41a8851/OnTime-front/test/presentation/shared/router/notification_launch_widget_test.dart: production router gates, exact target, dedupe and retap from old B at 390.0
00:36 +794 -5: /Users/ejunpark/.codex/worktrees/1f98bd1e-95ca-4396-82c1-c34de41a8851/OnTime-front/test/presentation/shared/router/notification_launch_widget_test.dart: production router gates, exact target, dedupe and retap from old B at 390.0
00:36 +795 -5: /Users/ejunpark/.codex/worktrees/1f98bd1e-95ca-4396-82c1-c34de41a8851/OnTime-front/test/presentation/shared/router/notification_launch_widget_test.dart: production router gates, exact target, dedupe and retap from old B at 390.0
00:37 +796 -5: /Users/ejunpark/.codex/worktrees/1f98bd1e-95ca-4396-82c1-c34de41a8851/OnTime-front/test/presentation/shared/router/notification_launch_widget_test.dart: production router gates, exact target, dedupe and retap from old B at 390.0
00:37 +797 -5: /Users/ejunpark/.codex/worktrees/1f98bd1e-95ca-4396-82c1-c34de41a8851/OnTime-front/test/presentation/shared/router/notification_launch_widget_test.dart: production router gates, exact target, dedupe and retap from old B at 390.0
00:37 +798 -5: /Users/ejunpark/.codex/worktrees/1f98bd1e-95ca-4396-82c1-c34de41a8851/OnTime-front/test/presentation/shared/router/notification_launch_widget_test.dart: production router gates, exact target, dedupe and retap from old B at 390.0
00:38 +799 -5: /Users/ejunpark/.codex/worktrees/1f98bd1e-95ca-4396-82c1-c34de41a8851/OnTime-front/test/presentation/shared/router/notification_launch_widget_test.dart: production router gates, exact target, dedupe and retap from old B at 390.0
00:38 +800 -5: /Users/ejunpark/.codex/worktrees/1f98bd1e-95ca-4396-82c1-c34de41a8851/OnTime-front/test/presentation/shared/router/notification_launch_widget_test.dart: production router gates, exact target, dedupe and retap from old B at 390.0
00:38 +801 -5: /Users/ejunpark/.codex/worktrees/1f98bd1e-95ca-4396-82c1-c34de41a8851/OnTime-front/test/presentation/shared/router/notification_launch_widget_test.dart: production router gates, exact target, dedupe and retap from old B at 390.0
00:38 +802 -5: /Users/ejunpark/.codex/worktrees/1f98bd1e-95ca-4396-82c1-c34de41a8851/OnTime-front/test/presentation/shared/router/notification_launch_widget_test.dart: production router gates, exact target, dedupe and retap from old B at 390.0
00:38 +803 -5: /Users/ejunpark/.codex/worktrees/1f98bd1e-95ca-4396-82c1-c34de41a8851/OnTime-front/test/presentation/shared/router/notification_launch_widget_test.dart: production router gates, exact target, dedupe and retap from old B at 390.0
00:38 +804 -5: /Users/ejunpark/.codex/worktrees/1f98bd1e-95ca-4396-82c1-c34de41a8851/OnTime-front/test/presentation/my_page/preparation_spare_time_edit/preparation_spare_time_edit_screen_test.dart: keeps preparation edits mounted when spare time changes
00:38 +805 -5: /Users/ejunpark/.codex/worktrees/1f98bd1e-95ca-4396-82c1-c34de41a8851/OnTime-front/test/presentation/shared/router/notification_launch_widget_test.dart: production router gates, exact target, dedupe and retap from old old at 390.0
00:38 +806 -5: /Users/ejunpark/.codex/worktrees/1f98bd1e-95ca-4396-82c1-c34de41a8851/OnTime-front/test/presentation/shared/router/notification_launch_widget_test.dart: production router gates, exact target, dedupe and retap from old old at 390.0
00:38 +807 -5: /Users/ejunpark/.codex/worktrees/1f98bd1e-95ca-4396-82c1-c34de41a8851/OnTime-front/test/presentation/shared/router/notification_launch_widget_test.dart: production router gates, exact target, dedupe and retap from old old at 390.0
00:39 +808 -5: /Users/ejunpark/.codex/worktrees/1f98bd1e-95ca-4396-82c1-c34de41a8851/OnTime-front/test/presentation/my_page/my_data_export_test.dart: 암호화 백업 내보내기 password cancel disposes only after exit transition
00:39 +809 -5: /Users/ejunpark/.codex/worktrees/1f98bd1e-95ca-4396-82c1-c34de41a8851/OnTime-front/test/presentation/my_page/my_data_export_test.dart: 암호화 백업 내보내기 password cancel disposes only after exit transition
00:39 +810 -5: /Users/ejunpark/.codex/worktrees/1f98bd1e-95ca-4396-82c1-c34de41a8851/OnTime-front/test/presentation/my_page/my_data_export_test.dart: 암호화 백업 내보내기 password cancel disposes only after exit transition
00:39 +811 -5: /Users/ejunpark/.codex/worktrees/1f98bd1e-95ca-4396-82c1-c34de41a8851/OnTime-front/test/presentation/my_page/my_data_export_test.dart: 암호화 백업 내보내기 password cancel disposes only after exit transition
00:39 +812 -5: /Users/ejunpark/.codex/worktrees/1f98bd1e-95ca-4396-82c1-c34de41a8851/OnTime-front/test/presentation/my_page/my_data_export_test.dart: 암호화 백업 내보내기 password cancel disposes only after exit transition
00:39 +813 -5: /Users/ejunpark/.codex/worktrees/1f98bd1e-95ca-4396-82c1-c34de41a8851/OnTime-front/test/presentation/my_page/my_page_screen_test.dart: Korean settings match the phone layout
00:39 +814 -5: /Users/ejunpark/.codex/worktrees/1f98bd1e-95ca-4396-82c1-c34de41a8851/OnTime-front/test/presentation/shared/router/notification_launch_widget_test.dart: production router gates, exact target, dedupe and retap from old B at 430.0
00:39 +815 -5: /Users/ejunpark/.codex/worktrees/1f98bd1e-95ca-4396-82c1-c34de41a8851/OnTime-front/test/presentation/shared/router/notification_launch_widget_test.dart: production router gates, exact target, dedupe and retap from old B at 430.0
00:39 +816 -5: /Users/ejunpark/.codex/worktrees/1f98bd1e-95ca-4396-82c1-c34de41a8851/OnTime-front/test/presentation/shared/router/notification_launch_widget_test.dart: production router gates, exact target, dedupe and retap from old B at 430.0
00:40 +817 -5: /Users/ejunpark/.codex/worktrees/1f98bd1e-95ca-4396-82c1-c34de41a8851/OnTime-front/test/presentation/shared/router/notification_launch_widget_test.dart: production router gates, exact target, dedupe and retap from old B at 430.0
00:40 +818 -5: /Users/ejunpark/.codex/worktrees/1f98bd1e-95ca-4396-82c1-c34de41a8851/OnTime-front/test/presentation/my_page/my_data_export_test.dart: only completed file save announces success
00:40 +819 -5: /Users/ejunpark/.codex/worktrees/1f98bd1e-95ca-4396-82c1-c34de41a8851/OnTime-front/test/presentation/my_page/my_data_export_test.dart: only completed file save announces success
00:40 +820 -5: /Users/ejunpark/.codex/worktrees/1f98bd1e-95ca-4396-82c1-c34de41a8851/OnTime-front/test/presentation/my_page/my_data_export_test.dart: only completed file save announces success
00:40 +821 -5: /Users/ejunpark/.codex/worktrees/1f98bd1e-95ca-4396-82c1-c34de41a8851/OnTime-front/test/presentation/my_page/my_data_restore_test.dart: validated preview cancellation never applies backup
00:40 +822 -5: /Users/ejunpark/.codex/worktrees/1f98bd1e-95ca-4396-82c1-c34de41a8851/OnTime-front/test/presentation/my_page/my_data_restore_test.dart: validated preview cancellation never applies backup
00:40 +823 -5: /Users/ejunpark/.codex/worktrees/1f98bd1e-95ca-4396-82c1-c34de41a8851/OnTime-front/test/presentation/my_page/my_data_restore_test.dart: validated preview cancellation never applies backup
00:40 +824 -5: /Users/ejunpark/.codex/worktrees/1f98bd1e-95ca-4396-82c1-c34de41a8851/OnTime-front/test/presentation/my_page/my_data_restore_test.dart: validated preview cancellation never applies backup
00:40 +825 -5: /Users/ejunpark/.codex/worktrees/1f98bd1e-95ca-4396-82c1-c34de41a8851/OnTime-front/test/presentation/my_page/my_data_restore_test.dart: validated preview cancellation never applies backup
00:40 +826 -5: /Users/ejunpark/.codex/worktrees/1f98bd1e-95ca-4396-82c1-c34de41a8851/OnTime-front/test/presentation/my_page/my_data_restore_test.dart: validated preview cancellation never applies backup
00:40 +827 -5: /Users/ejunpark/.codex/worktrees/1f98bd1e-95ca-4396-82c1-c34de41a8851/OnTime-front/test/presentation/my_page/my_data_restore_test.dart: validated preview cancellation never applies backup
00:40 +828 -5: /Users/ejunpark/.codex/worktrees/1f98bd1e-95ca-4396-82c1-c34de41a8851/OnTime-front/test/presentation/my_page/my_data_restore_test.dart: validated preview cancellation never applies backup
00:40 +829 -5: /Users/ejunpark/.codex/worktrees/1f98bd1e-95ca-4396-82c1-c34de41a8851/OnTime-front/test/presentation/my_page/my_data_restore_test.dart: validated preview cancellation never applies backup
00:40 +830 -5: /Users/ejunpark/.codex/worktrees/1f98bd1e-95ca-4396-82c1-c34de41a8851/OnTime-front/test/presentation/my_page/my_data_restore_test.dart: validated preview cancellation never applies backup
00:40 +831 -5: /Users/ejunpark/.codex/worktrees/1f98bd1e-95ca-4396-82c1-c34de41a8851/OnTime-front/test/presentation/my_page/my_data_restore_test.dart: validated preview cancellation never applies backup
00:40 +832 -5: /Users/ejunpark/.codex/worktrees/1f98bd1e-95ca-4396-82c1-c34de41a8851/OnTime-front/test/presentation/my_page/my_data_restore_test.dart: validated preview cancellation never applies backup
00:40 +833 -5: /Users/ejunpark/.codex/worktrees/1f98bd1e-95ca-4396-82c1-c34de41a8851/OnTime-front/test/presentation/my_page/my_data_restore_test.dart: validated preview cancellation never applies backup
00:40 +834 -5: /Users/ejunpark/.codex/worktrees/1f98bd1e-95ca-4396-82c1-c34de41a8851/OnTime-front/test/presentation/my_page/my_data_restore_test.dart: validated preview cancellation never applies backup
00:40 +835 -5: /Users/ejunpark/.codex/worktrees/1f98bd1e-95ca-4396-82c1-c34de41a8851/OnTime-front/test/presentation/my_page/my_data_restore_test.dart: validated preview cancellation never applies backup
00:40 +836 -5: /Users/ejunpark/.codex/worktrees/1f98bd1e-95ca-4396-82c1-c34de41a8851/OnTime-front/test/presentation/my_page/my_data_restore_test.dart: validated preview cancellation never applies backup
00:41 +837 -5: /Users/ejunpark/.codex/worktrees/1f98bd1e-95ca-4396-82c1-c34de41a8851/OnTime-front/test/presentation/my_page/my_data_restore_test.dart: validated preview cancellation never applies backup
00:41 +838 -5: /Users/ejunpark/.codex/worktrees/1f98bd1e-95ca-4396-82c1-c34de41a8851/OnTime-front/test/presentation/my_page/my_data_restore_test.dart: validated preview cancellation never applies backup
00:41 +839 -5: /Users/ejunpark/.codex/worktrees/1f98bd1e-95ca-4396-82c1-c34de41a8851/OnTime-front/test/presentation/my_page/my_data_restore_test.dart: validated preview cancellation never applies backup
00:41 +840 -5: /Users/ejunpark/.codex/worktrees/1f98bd1e-95ca-4396-82c1-c34de41a8851/OnTime-front/test/presentation/my_page/my_data_restore_test.dart: validated preview cancellation never applies backup
00:41 +841 -5: /Users/ejunpark/.codex/worktrees/1f98bd1e-95ca-4396-82c1-c34de41a8851/OnTime-front/test/presentation/my_page/my_data_restore_test.dart: validated preview cancellation never applies backup
00:41 +842 -5: /Users/ejunpark/.codex/worktrees/1f98bd1e-95ca-4396-82c1-c34de41a8851/OnTime-front/test/presentation/my_page/my_data_restore_test.dart: validated preview cancellation never applies backup
00:41 +843 -5: /Users/ejunpark/.codex/worktrees/1f98bd1e-95ca-4396-82c1-c34de41a8851/OnTime-front/test/presentation/my_page/my_data_restore_test.dart: validated preview cancellation never applies backup
00:41 +844 -5: /Users/ejunpark/.codex/worktrees/1f98bd1e-95ca-4396-82c1-c34de41a8851/OnTime-front/test/presentation/my_page/my_data_restore_test.dart: validated preview cancellation never applies backup
00:41 +845 -5: /Users/ejunpark/.codex/worktrees/1f98bd1e-95ca-4396-82c1-c34de41a8851/OnTime-front/test/presentation/my_page/my_data_restore_test.dart: validated preview cancellation never applies backup
00:41 +846 -5: /Users/ejunpark/.codex/worktrees/1f98bd1e-95ca-4396-82c1-c34de41a8851/OnTime-front/test/presentation/my_page/my_data_restore_test.dart: validated preview cancellation never applies backup
00:41 +847 -5: /Users/ejunpark/.codex/worktrees/1f98bd1e-95ca-4396-82c1-c34de41a8851/OnTime-front/test/presentation/my_page/my_data_restore_test.dart: validated preview cancellation never applies backup
00:41 +848 -5: /Users/ejunpark/.codex/worktrees/1f98bd1e-95ca-4396-82c1-c34de41a8851/OnTime-front/test/presentation/my_page/my_page_screen_test.dart: local data and bundled privacy destinations remain in-app
00:42 +849 -5: /Users/ejunpark/.codex/worktrees/1f98bd1e-95ca-4396-82c1-c34de41a8851/OnTime-front/test/presentation/my_page/my_data_restore_test.dart: picker cancel skips preview and leaves data untouched
00:42 +850 -5: /Users/ejunpark/.codex/worktrees/1f98bd1e-95ca-4396-82c1-c34de41a8851/OnTime-front/test/presentation/my_page/my_data_restore_test.dart: picker cancel skips preview and leaves data untouched
00:42 +851 -5: /Users/ejunpark/.codex/worktrees/1f98bd1e-95ca-4396-82c1-c34de41a8851/OnTime-front/test/presentation/my_page/my_data_restore_test.dart: picker cancel skips preview and leaves data untouched
00:42 +852 -5: /Users/ejunpark/.codex/worktrees/1f98bd1e-95ca-4396-82c1-c34de41a8851/OnTime-front/test/presentation/my_page/my_data_restore_test.dart: picker cancel skips preview and leaves data untouched
00:42 +853 -5: /Users/ejunpark/.codex/worktrees/1f98bd1e-95ca-4396-82c1-c34de41a8851/OnTime-front/test/presentation/my_page/my_data_restore_test.dart: invalid selected file reports failure and permits another attempt
00:42 +854 -5: /Users/ejunpark/.codex/worktrees/1f98bd1e-95ca-4396-82c1-c34de41a8851/OnTime-front/test/presentation/my_page/my_data_restore_test.dart: invalid selected file reports failure and permits another attempt
00:42 +855 -5: /Users/ejunpark/.codex/worktrees/1f98bd1e-95ca-4396-82c1-c34de41a8851/OnTime-front/test/presentation/alarm/screens/preparation_flow_widget_test.dart: Preparation flow widgets official start prompt uses one action and opens alarm
00:43 +856 -5: /Users/ejunpark/.codex/worktrees/1f98bd1e-95ca-4396-82c1-c34de41a8851/OnTime-front/test/presentation/alarm/screens/preparation_flow_widget_test.dart: Preparation flow widgets official start prompt uses one action and opens alarm
00:43 +857 -5: /Users/ejunpark/.codex/worktrees/1f98bd1e-95ca-4396-82c1-c34de41a8851/OnTime-front/test/presentation/alarm/screens/schedule_start_commit_widget_test.dart: real button awaits durable commit; failure retries and stale route=false never navigates
00:43 +858 -5: /Users/ejunpark/.codex/worktrees/1f98bd1e-95ca-4396-82c1-c34de41a8851/OnTime-front/test/presentation/alarm/screens/schedule_start_commit_widget_test.dart: real button awaits durable commit; failure retries and stale route=false never navigates
00:43 +859 -5: /Users/ejunpark/.codex/worktrees/1f98bd1e-95ca-4396-82c1-c34de41a8851/OnTime-front/test/presentation/alarm/screens/schedule_start_commit_widget_test.dart: real button awaits durable commit; failure retries and stale route=false never navigates
00:43 +860 -5: /Users/ejunpark/.codex/worktrees/1f98bd1e-95ca-4396-82c1-c34de41a8851/OnTime-front/test/presentation/alarm/screens/schedule_start_commit_widget_test.dart: real button awaits durable commit; failure retries and stale route=false never navigates
00:43 +861 -5: /Users/ejunpark/.codex/worktrees/1f98bd1e-95ca-4396-82c1-c34de41a8851/OnTime-front/test/presentation/alarm/screens/schedule_start_commit_widget_test.dart: real button awaits durable commit; failure retries and stale route=false never navigates
00:43 +862 -5: /Users/ejunpark/.codex/worktrees/1f98bd1e-95ca-4396-82c1-c34de41a8851/OnTime-front/test/presentation/alarm/screens/schedule_start_commit_widget_test.dart: real button awaits durable commit; failure retries and stale route=false never navigates
00:43 +863 -5: /Users/ejunpark/.codex/worktrees/1f98bd1e-95ca-4396-82c1-c34de41a8851/OnTime-front/test/presentation/alarm/screens/schedule_start_commit_widget_test.dart: real button awaits durable commit; failure retries and stale route=false never navigates
00:43 +864 -5: /Users/ejunpark/.codex/worktrees/1f98bd1e-95ca-4396-82c1-c34de41a8851/OnTime-front/test/presentation/alarm/screens/schedule_start_commit_widget_test.dart: real button awaits durable commit; failure retries and stale route=false never navigates
00:43 +865 -5: /Users/ejunpark/.codex/worktrees/1f98bd1e-95ca-4396-82c1-c34de41a8851/OnTime-front/test/presentation/alarm/screens/schedule_start_commit_widget_test.dart: real button awaits durable commit; failure retries and stale route=false never navigates
00:43 +866 -5: /Users/ejunpark/.codex/worktrees/1f98bd1e-95ca-4396-82c1-c34de41a8851/OnTime-front/test/presentation/alarm/screens/schedule_start_commit_widget_test.dart: real button awaits durable commit; failure retries and stale route=false never navigates
00:43 +867 -5: /Users/ejunpark/.codex/worktrees/1f98bd1e-95ca-4396-82c1-c34de41a8851/OnTime-front/test/presentation/alarm/screens/schedule_start_commit_widget_test.dart: real button awaits durable commit; failure retries and stale route=false never navigates
00:44 +868 -5: /Users/ejunpark/.codex/worktrees/1f98bd1e-95ca-4396-82c1-c34de41a8851/OnTime-front/test/presentation/alarm/screens/schedule_start_commit_widget_test.dart: real button awaits durable commit; failure retries and stale route=false never navigates
00:44 +869 -5: /Users/ejunpark/.codex/worktrees/1f98bd1e-95ca-4396-82c1-c34de41a8851/OnTime-front/test/presentation/alarm/screens/schedule_start_commit_widget_test.dart: real button awaits durable commit; failure retries and stale route=false never navigates
00:44 +870 -5: /Users/ejunpark/.codex/worktrees/1f98bd1e-95ca-4396-82c1-c34de41a8851/OnTime-front/test/presentation/alarm/screens/schedule_start_commit_widget_test.dart: real button awaits durable commit; failure retries and stale route=false never navigates
00:44 +871 -5: /Users/ejunpark/.codex/worktrees/1f98bd1e-95ca-4396-82c1-c34de41a8851/OnTime-front/test/presentation/alarm/screens/schedule_start_commit_widget_test.dart: real button awaits durable commit; failure retries and stale route=false never navigates
00:44 +872 -5: /Users/ejunpark/.codex/worktrees/1f98bd1e-95ca-4396-82c1-c34de41a8851/OnTime-front/test/presentation/alarm/screens/schedule_start_commit_widget_test.dart: real button awaits durable commit; failure retries and stale route=false never navigates
00:44 +873 -5: /Users/ejunpark/.codex/worktrees/1f98bd1e-95ca-4396-82c1-c34de41a8851/OnTime-front/test/presentation/alarm/screens/schedule_start_commit_widget_test.dart: real button awaits durable commit; failure retries and stale route=false never navigates
00:44 +874 -5: /Users/ejunpark/.codex/worktrees/1f98bd1e-95ca-4396-82c1-c34de41a8851/OnTime-front/test/presentation/alarm/screens/schedule_start_commit_widget_test.dart: real button awaits durable commit; failure retries and stale route=false never navigates
00:44 +875 -5: /Users/ejunpark/.codex/worktrees/1f98bd1e-95ca-4396-82c1-c34de41a8851/OnTime-front/test/presentation/alarm/screens/schedule_start_commit_widget_test.dart: real button awaits durable commit; failure retries and stale route=false never navigates
00:44 +876 -5: /Users/ejunpark/.codex/worktrees/1f98bd1e-95ca-4396-82c1-c34de41a8851/OnTime-front/test/presentation/alarm/screens/schedule_start_commit_widget_test.dart: real button awaits durable commit; failure retries and stale route=false never navigates
00:44 +877 -5: /Users/ejunpark/.codex/worktrees/1f98bd1e-95ca-4396-82c1-c34de41a8851/OnTime-front/test/presentation/alarm/screens/schedule_start_commit_widget_test.dart: real button awaits durable commit; failure retries and stale route=false never navigates
00:44 +878 -5: /Users/ejunpark/.codex/worktrees/1f98bd1e-95ca-4396-82c1-c34de41a8851/OnTime-front/test/presentation/alarm/screens/schedule_start_commit_widget_test.dart: real button awaits durable commit; failure retries and stale route=false never navigates
00:44 +879 -5: /Users/ejunpark/.codex/worktrees/1f98bd1e-95ca-4396-82c1-c34de41a8851/OnTime-front/test/presentation/alarm/screens/schedule_start_commit_widget_test.dart: real button awaits durable commit; failure retries and stale route=false never navigates
00:44 +880 -5: /Users/ejunpark/.codex/worktrees/1f98bd1e-95ca-4396-82c1-c34de41a8851/OnTime-front/test/presentation/alarm/screens/schedule_start_commit_widget_test.dart: real button awaits durable commit; failure retries and stale route=false never navigates
00:44 +881 -5: /Users/ejunpark/.codex/worktrees/1f98bd1e-95ca-4396-82c1-c34de41a8851/OnTime-front/test/presentation/alarm/screens/schedule_start_commit_widget_test.dart: real button awaits durable commit; failure retries and stale route=false never navigates
00:44 +882 -5: /Users/ejunpark/.codex/worktrees/1f98bd1e-95ca-4396-82c1-c34de41a8851/OnTime-front/test/presentation/alarm/screens/schedule_start_commit_widget_test.dart: real button awaits durable commit; failure retries and stale route=false never navigates
00:44 +883 -5: /Users/ejunpark/.codex/worktrees/1f98bd1e-95ca-4396-82c1-c34de41a8851/OnTime-front/test/presentation/alarm/screens/schedule_start_commit_widget_test.dart: real button awaits durable commit; failure retries and stale route=false never navigates
00:44 +884 -5: /Users/ejunpark/.codex/worktrees/1f98bd1e-95ca-4396-82c1-c34de41a8851/OnTime-front/test/presentation/alarm/screens/schedule_start_commit_widget_test.dart: real button awaits durable commit; failure retries and stale route=false never navigates
00:44 +885 -5: /Users/ejunpark/.codex/worktrees/1f98bd1e-95ca-4396-82c1-c34de41a8851/OnTime-front/test/presentation/alarm/screens/schedule_start_commit_widget_test.dart: real button awaits durable commit; failure retries and stale route=false never navigates
00:44 +886 -5: /Users/ejunpark/.codex/worktrees/1f98bd1e-95ca-4396-82c1-c34de41a8851/OnTime-front/test/presentation/alarm/screens/schedule_start_commit_widget_test.dart: real button awaits durable commit; failure retries and stale route=false never navigates
00:44 +887 -5: /Users/ejunpark/.codex/worktrees/1f98bd1e-95ca-4396-82c1-c34de41a8851/OnTime-front/test/presentation/alarm/screens/schedule_start_commit_widget_test.dart: real button awaits durable commit; failure retries and stale route=false never navigates
00:45 +888 -5: /Users/ejunpark/.codex/worktrees/1f98bd1e-95ca-4396-82c1-c34de41a8851/OnTime-front/test/presentation/alarm/screens/schedule_start_commit_widget_test.dart: real button awaits durable commit; failure retries and stale route=false never navigates
00:45 +889 -5: /Users/ejunpark/.codex/worktrees/1f98bd1e-95ca-4396-82c1-c34de41a8851/OnTime-front/test/presentation/alarm/screens/schedule_start_commit_widget_test.dart: real button awaits durable commit; failure retries and stale route=false never navigates
00:45 +890 -5: /Users/ejunpark/.codex/worktrees/1f98bd1e-95ca-4396-82c1-c34de41a8851/OnTime-front/test/presentation/alarm/screens/schedule_start_commit_widget_test.dart: real button awaits durable commit; failure retries and stale route=false never navigates
00:45 +891 -5: /Users/ejunpark/.codex/worktrees/1f98bd1e-95ca-4396-82c1-c34de41a8851/OnTime-front/test/presentation/alarm/screens/schedule_start_commit_widget_test.dart: real button awaits durable commit; failure retries and stale route=false never navigates
00:45 +892 -5: /Users/ejunpark/.codex/worktrees/1f98bd1e-95ca-4396-82c1-c34de41a8851/OnTime-front/test/presentation/alarm/screens/schedule_start_commit_widget_test.dart: real button awaits durable commit; failure retries and stale route=false never navigates
00:45 +893 -5: /Users/ejunpark/.codex/worktrees/1f98bd1e-95ca-4396-82c1-c34de41a8851/OnTime-front/test/presentation/alarm/screens/schedule_start_commit_widget_test.dart: real button awaits durable commit; failure retries and stale route=false never navigates
00:45 +894 -5: /Users/ejunpark/.codex/worktrees/1f98bd1e-95ca-4396-82c1-c34de41a8851/OnTime-front/test/presentation/alarm/screens/schedule_start_commit_widget_test.dart: real button awaits durable commit; failure retries and stale route=false never navigates
00:45 +895 -5: /Users/ejunpark/.codex/worktrees/1f98bd1e-95ca-4396-82c1-c34de41a8851/OnTime-front/test/presentation/alarm/screens/schedule_start_commit_widget_test.dart: real button awaits durable commit; failure retries and stale route=false never navigates
00:46 +896 -5: /Users/ejunpark/.codex/worktrees/1f98bd1e-95ca-4396-82c1-c34de41a8851/OnTime-front/test/presentation/alarm/screens/schedule_start_commit_widget_test.dart: real button awaits durable commit; failure retries and stale route=false never navigates
00:47 +897 -5: /Users/ejunpark/.codex/worktrees/1f98bd1e-95ca-4396-82c1-c34de41a8851/OnTime-front/test/presentation/alarm/screens/schedule_start_commit_widget_test.dart: real button awaits durable commit; failure retries and stale route=false never navigates
00:47 +898 -5: /Users/ejunpark/.codex/worktrees/1f98bd1e-95ca-4396-82c1-c34de41a8851/OnTime-front/test/presentation/alarm/screens/schedule_start_commit_widget_test.dart: real button awaits durable commit; failure retries and stale route=false never navigates
00:47 +899 -5: /Users/ejunpark/.codex/worktrees/1f98bd1e-95ca-4396-82c1-c34de41a8851/OnTime-front/test/presentation/alarm/screens/schedule_start_commit_widget_test.dart: real button awaits durable commit; failure retries and stale route=false never navigates
00:47 +900 -5: /Users/ejunpark/.codex/worktrees/1f98bd1e-95ca-4396-82c1-c34de41a8851/OnTime-front/test/presentation/alarm/screens/schedule_start_commit_widget_test.dart: real button awaits durable commit; failure retries and stale route=false never navigates
00:47 +901 -5: /Users/ejunpark/.codex/worktrees/1f98bd1e-95ca-4396-82c1-c34de41a8851/OnTime-front/test/presentation/alarm/screens/schedule_start_commit_widget_test.dart: real button awaits durable commit; failure retries and stale route=false never navigates
00:47 +902 -5: /Users/ejunpark/.codex/worktrees/1f98bd1e-95ca-4396-82c1-c34de41a8851/OnTime-front/test/presentation/alarm/screens/schedule_start_commit_widget_test.dart: real button awaits durable commit; failure retries and stale route=false never navigates
00:48 +903 -5: /Users/ejunpark/.codex/worktrees/1f98bd1e-95ca-4396-82c1-c34de41a8851/OnTime-front/test/presentation/alarm/screens/schedule_start_commit_widget_test.dart: real button awaits durable commit; failure retries and stale route=false never navigates
00:48 +904 -5: /Users/ejunpark/.codex/worktrees/1f98bd1e-95ca-4396-82c1-c34de41a8851/OnTime-front/test/presentation/alarm/screens/schedule_start_commit_widget_test.dart: real button awaits durable commit; failure retries and stale route=false never navigates
00:48 +905 -5: /Users/ejunpark/.codex/worktrees/1f98bd1e-95ca-4396-82c1-c34de41a8851/OnTime-front/test/presentation/alarm/screens/schedule_start_commit_widget_test.dart: real button awaits durable commit; failure retries and stale route=false never navigates
00:48 +906 -5: /Users/ejunpark/.codex/worktrees/1f98bd1e-95ca-4396-82c1-c34de41a8851/OnTime-front/test/presentation/alarm/screens/schedule_start_commit_widget_test.dart: real button awaits durable commit; failure retries and stale route=false never navigates
00:48 +907 -5: /Users/ejunpark/.codex/worktrees/1f98bd1e-95ca-4396-82c1-c34de41a8851/OnTime-front/test/presentation/alarm/screens/schedule_start_commit_widget_test.dart: real button awaits durable commit; failure retries and stale route=false never navigates
══╡ EXCEPTION CAUGHT BY FLUTTER TEST FRAMEWORK ╞════════════════════════════════════════════════════
The following TimeoutException was thrown while running async test code:
TimeoutException after 0:00:05.000000: Future not completed

When the exception was thrown, this was the stack:
<asynchronous suspension>
<asynchronous suspension>
#2      main.<anonymous closure> (file:///Users/ejunpark/.codex/worktrees/1f98bd1e-95ca-4396-82c1-c34de41a8851/OnTime-front/test/presentation/alarm/screens/schedule_start_commit_widget_test.dart:133:9)
<asynchronous suspension>
#3      testWidgets.<anonymous closure>.<anonymous closure> (package:flutter_test/src/widget_tester.dart:192:15)
<asynchronous suspension>
#4      TestWidgetsFlutterBinding._runTestBody (package:flutter_test/src/binding.dart:1952:5)
<asynchronous suspension>
<asynchronous suspension>
(elided 3 frames from dart:async and package:stack_trace)

The exception was caught asynchronously.
════════════════════════════════════════════════════════════════════════════════════════════════════
00:48 +907 -6: /Users/ejunpark/.codex/worktrees/1f98bd1e-95ca-4396-82c1-c34de41a8851/OnTime-front/test/presentation/recurring/refreshed_screens_test.dart: secondary recurrence states fit a small phone with large text
00:48 +907 -6: /Users/ejunpark/.codex/worktrees/1f98bd1e-95ca-4396-82c1-c34de41a8851/OnTime-front/test/presentation/alarm/screens/schedule_start_commit_widget_test.dart: real button awaits durable commit; failure retries and stale route=false never navigates [E]
  Test failed. See exception logs above.
  The test description was: real button awaits durable commit; failure retries and stale route=false never navigates

00:49 +908 -6: /Users/ejunpark/.codex/worktrees/1f98bd1e-95ca-4396-82c1-c34de41a8851/OnTime-front/test/presentation/recurring/refreshed_screens_test.dart: secondary recurrence states fit a small phone with large text
00:49 +909 -6: /Users/ejunpark/.codex/worktrees/1f98bd1e-95ca-4396-82c1-c34de41a8851/OnTime-front/test/presentation/recurring/refreshed_screens_test.dart: secondary recurrence states fit a small phone with large text
00:49 +910 -6: /Users/ejunpark/.codex/worktrees/1f98bd1e-95ca-4396-82c1-c34de41a8851/OnTime-front/test/presentation/schedule_create/schedule_place_moving_time/schedule_place_moving_time_form_test.dart: edits place name and saves travel time picker selection
00:49 +911 -6: /Users/ejunpark/.codex/worktrees/1f98bd1e-95ca-4396-82c1-c34de41a8851/OnTime-front/test/presentation/schedule_create/schedule_place_moving_time/schedule_place_moving_time_form_test.dart: edits place name and saves travel time picker selection
00:49 +912 -6: /Users/ejunpark/.codex/worktrees/1f98bd1e-95ca-4396-82c1-c34de41a8851/OnTime-front/test/presentation/schedule_create/schedule_place_moving_time/schedule_place_moving_time_form_test.dart: edits place name and saves travel time picker selection
00:49 +913 -6: /Users/ejunpark/.codex/worktrees/1f98bd1e-95ca-4396-82c1-c34de41a8851/OnTime-front/test/presentation/schedule_create/schedule_place_moving_time/schedule_place_moving_time_form_test.dart: edits place name and saves travel time picker selection
00:49 +914 -6: /Users/ejunpark/.codex/worktrees/1f98bd1e-95ca-4396-82c1-c34de41a8851/OnTime-front/test/presentation/schedule_create/schedule_place_moving_time/schedule_place_moving_time_form_test.dart: edits place name and saves travel time picker selection
00:49 +915 -6: /Users/ejunpark/.codex/worktrees/1f98bd1e-95ca-4396-82c1-c34de41a8851/OnTime-front/test/presentation/schedule_create/schedule_place_moving_time/schedule_place_moving_time_form_test.dart: edits place name and saves travel time picker selection
00:49 +916 -6: /Users/ejunpark/.codex/worktrees/1f98bd1e-95ca-4396-82c1-c34de41a8851/OnTime-front/test/presentation/schedule_create/schedule_place_moving_time/schedule_place_moving_time_form_test.dart: edits place name and saves travel time picker selection
00:49 +917 -6: /Users/ejunpark/.codex/worktrees/1f98bd1e-95ca-4396-82c1-c34de41a8851/OnTime-front/test/presentation/schedule_create/schedule_place_moving_time/schedule_place_moving_time_form_test.dart: edits place name and saves travel time picker selection
00:49 +918 -6: /Users/ejunpark/.codex/worktrees/1f98bd1e-95ca-4396-82c1-c34de41a8851/OnTime-front/test/presentation/schedule_create/schedule_place_moving_time/schedule_place_moving_time_form_test.dart: edits place name and saves travel time picker selection
00:49 +919 -6: /Users/ejunpark/.codex/worktrees/1f98bd1e-95ca-4396-82c1-c34de41a8851/OnTime-front/test/presentation/schedule_create/schedule_place_moving_time/schedule_place_moving_time_form_test.dart: edits place name and saves travel time picker selection
00:49 +920 -6: /Users/ejunpark/.codex/worktrees/1f98bd1e-95ca-4396-82c1-c34de41a8851/OnTime-front/test/presentation/schedule_create/schedule_place_moving_time/schedule_place_moving_time_form_test.dart: edits place name and saves travel time picker selection
00:49 +921 -6: /Users/ejunpark/.codex/worktrees/1f98bd1e-95ca-4396-82c1-c34de41a8851/OnTime-front/test/presentation/alarm/screens/schedule_start_commit_widget_test.dart: real button awaits durable commit; failure retries and stale route=true never navigates
00:49 +922 -6: /Users/ejunpark/.codex/worktrees/1f98bd1e-95ca-4396-82c1-c34de41a8851/OnTime-front/test/presentation/alarm/screens/schedule_start_commit_widget_test.dart: real button awaits durable commit; failure retries and stale route=true never navigates
00:50 +923 -6: /Users/ejunpark/.codex/worktrees/1f98bd1e-95ca-4396-82c1-c34de41a8851/OnTime-front/test/presentation/alarm/screens/schedule_start_commit_widget_test.dart: real button awaits durable commit; failure retries and stale route=true never navigates
00:50 +924 -6: /Users/ejunpark/.codex/worktrees/1f98bd1e-95ca-4396-82c1-c34de41a8851/OnTime-front/test/presentation/alarm/screens/schedule_start_commit_widget_test.dart: real button awaits durable commit; failure retries and stale route=true never navigates
00:50 +925 -6: /Users/ejunpark/.codex/worktrees/1f98bd1e-95ca-4396-82c1-c34de41a8851/OnTime-front/test/presentation/alarm/screens/schedule_start_commit_widget_test.dart: real button awaits durable commit; failure retries and stale route=true never navigates
00:50 +926 -6: /Users/ejunpark/.codex/worktrees/1f98bd1e-95ca-4396-82c1-c34de41a8851/OnTime-front/test/presentation/alarm/screens/schedule_start_commit_widget_test.dart: real button awaits durable commit; failure retries and stale route=true never navigates
00:51 +927 -6: /Users/ejunpark/.codex/worktrees/1f98bd1e-95ca-4396-82c1-c34de41a8851/OnTime-front/test/presentation/alarm/screens/schedule_start_commit_widget_test.dart: real button awaits durable commit; failure retries and stale route=true never navigates
00:51 +928 -6: /Users/ejunpark/.codex/worktrees/1f98bd1e-95ca-4396-82c1-c34de41a8851/OnTime-front/test/presentation/alarm/screens/schedule_start_commit_widget_test.dart: real button awaits durable commit; failure retries and stale route=true never navigates
00:51 +929 -6: /Users/ejunpark/.codex/worktrees/1f98bd1e-95ca-4396-82c1-c34de41a8851/OnTime-front/test/presentation/alarm/screens/schedule_start_commit_widget_test.dart: real button awaits durable commit; failure retries and stale route=true never navigates
00:51 +930 -6: /Users/ejunpark/.codex/worktrees/1f98bd1e-95ca-4396-82c1-c34de41a8851/OnTime-front/test/presentation/alarm/screens/schedule_start_commit_widget_test.dart: real button awaits durable commit; failure retries and stale route=true never navigates
00:51 +931 -6: /Users/ejunpark/.codex/worktrees/1f98bd1e-95ca-4396-82c1-c34de41a8851/OnTime-front/test/presentation/alarm/screens/schedule_start_commit_widget_test.dart: real button awaits durable commit; failure retries and stale route=true never navigates
00:51 +932 -6: /Users/ejunpark/.codex/worktrees/1f98bd1e-95ca-4396-82c1-c34de41a8851/OnTime-front/test/presentation/alarm/screens/schedule_start_commit_widget_test.dart: real button awaits durable commit; failure retries and stale route=true never navigates
00:51 +933 -6: /Users/ejunpark/.codex/worktrees/1f98bd1e-95ca-4396-82c1-c34de41a8851/OnTime-front/test/presentation/alarm/screens/schedule_start_commit_widget_test.dart: real button awaits durable commit; failure retries and stale route=true never navigates
00:51 +934 -6: /Users/ejunpark/.codex/worktrees/1f98bd1e-95ca-4396-82c1-c34de41a8851/OnTime-front/test/presentation/alarm/screens/schedule_start_commit_widget_test.dart: real button awaits durable commit; failure retries and stale route=true never navigates
00:51 +935 -6: /Users/ejunpark/.codex/worktrees/1f98bd1e-95ca-4396-82c1-c34de41a8851/OnTime-front/test/presentation/alarm/screens/schedule_start_commit_widget_test.dart: real button awaits durable commit; failure retries and stale route=true never navigates
00:51 +936 -6: /Users/ejunpark/.codex/worktrees/1f98bd1e-95ca-4396-82c1-c34de41a8851/OnTime-front/test/presentation/alarm/screens/schedule_start_commit_widget_test.dart: real button awaits durable commit; failure retries and stale route=true never navigates
00:51 +937 -6: /Users/ejunpark/.codex/worktrees/1f98bd1e-95ca-4396-82c1-c34de41a8851/OnTime-front/test/presentation/alarm/screens/schedule_start_commit_widget_test.dart: real button awaits durable commit; failure retries and stale route=true never navigates
00:51 +938 -6: /Users/ejunpark/.codex/worktrees/1f98bd1e-95ca-4396-82c1-c34de41a8851/OnTime-front/test/presentation/alarm/screens/schedule_start_commit_widget_test.dart: real button awaits durable commit; failure retries and stale route=true never navigates
00:51 +939 -6: /Users/ejunpark/.codex/worktrees/1f98bd1e-95ca-4396-82c1-c34de41a8851/OnTime-front/test/presentation/alarm/screens/schedule_start_commit_widget_test.dart: real button awaits durable commit; failure retries and stale route=true never navigates
00:51 +940 -6: /Users/ejunpark/.codex/worktrees/1f98bd1e-95ca-4396-82c1-c34de41a8851/OnTime-front/test/presentation/alarm/screens/schedule_start_commit_widget_test.dart: real button awaits durable commit; failure retries and stale route=true never navigates
00:51 +941 -6: /Users/ejunpark/.codex/worktrees/1f98bd1e-95ca-4396-82c1-c34de41a8851/OnTime-front/test/presentation/alarm/screens/schedule_start_commit_widget_test.dart: real button awaits durable commit; failure retries and stale route=true never navigates
00:51 +942 -6: /Users/ejunpark/.codex/worktrees/1f98bd1e-95ca-4396-82c1-c34de41a8851/OnTime-front/test/presentation/alarm/screens/schedule_start_commit_widget_test.dart: real button awaits durable commit; failure retries and stale route=true never navigates
00:51 +943 -6: /Users/ejunpark/.codex/worktrees/1f98bd1e-95ca-4396-82c1-c34de41a8851/OnTime-front/test/presentation/alarm/screens/schedule_start_commit_widget_test.dart: real button awaits durable commit; failure retries and stale route=true never navigates
00:51 +944 -6: /Users/ejunpark/.codex/worktrees/1f98bd1e-95ca-4396-82c1-c34de41a8851/OnTime-front/test/presentation/alarm/screens/schedule_start_commit_widget_test.dart: real button awaits durable commit; failure retries and stale route=true never navigates
00:51 +945 -6: /Users/ejunpark/.codex/worktrees/1f98bd1e-95ca-4396-82c1-c34de41a8851/OnTime-front/test/presentation/alarm/screens/schedule_start_commit_widget_test.dart: real button awaits durable commit; failure retries and stale route=true never navigates
00:51 +946 -6: /Users/ejunpark/.codex/worktrees/1f98bd1e-95ca-4396-82c1-c34de41a8851/OnTime-front/test/presentation/alarm/screens/schedule_start_commit_widget_test.dart: real button awaits durable commit; failure retries and stale route=true never navigates
00:51 +947 -6: /Users/ejunpark/.codex/worktrees/1f98bd1e-95ca-4396-82c1-c34de41a8851/OnTime-front/test/presentation/alarm/screens/schedule_start_commit_widget_test.dart: real button awaits durable commit; failure retries and stale route=true never navigates
00:51 +948 -6: /Users/ejunpark/.codex/worktrees/1f98bd1e-95ca-4396-82c1-c34de41a8851/OnTime-front/test/presentation/alarm/screens/schedule_start_commit_widget_test.dart: real button awaits durable commit; failure retries and stale route=true never navigates
00:51 +949 -6: /Users/ejunpark/.codex/worktrees/1f98bd1e-95ca-4396-82c1-c34de41a8851/OnTime-front/test/presentation/alarm/screens/schedule_start_commit_widget_test.dart: real button awaits durable commit; failure retries and stale route=true never navigates
00:51 +950 -6: /Users/ejunpark/.codex/worktrees/1f98bd1e-95ca-4396-82c1-c34de41a8851/OnTime-front/test/presentation/alarm/screens/schedule_start_commit_widget_test.dart: real button awaits durable commit; failure retries and stale route=true never navigates
00:51 +951 -6: /Users/ejunpark/.codex/worktrees/1f98bd1e-95ca-4396-82c1-c34de41a8851/OnTime-front/test/presentation/alarm/screens/schedule_start_commit_widget_test.dart: real button awaits durable commit; failure retries and stale route=true never navigates
00:51 +952 -6: /Users/ejunpark/.codex/worktrees/1f98bd1e-95ca-4396-82c1-c34de41a8851/OnTime-front/test/presentation/alarm/screens/schedule_start_commit_widget_test.dart: real button awaits durable commit; failure retries and stale route=true never navigates
00:52 +953 -6: /Users/ejunpark/.codex/worktrees/1f98bd1e-95ca-4396-82c1-c34de41a8851/OnTime-front/test/presentation/alarm/screens/schedule_start_commit_widget_test.dart: real button awaits durable commit; failure retries and stale route=true never navigates
00:52 +954 -6: /Users/ejunpark/.codex/worktrees/1f98bd1e-95ca-4396-82c1-c34de41a8851/OnTime-front/test/presentation/alarm/screens/schedule_start_commit_widget_test.dart: real button awaits durable commit; failure retries and stale route=true never navigates
00:52 +955 -6: /Users/ejunpark/.codex/worktrees/1f98bd1e-95ca-4396-82c1-c34de41a8851/OnTime-front/test/presentation/alarm/screens/schedule_start_commit_widget_test.dart: real button awaits durable commit; failure retries and stale route=true never navigates
00:52 +956 -6: /Users/ejunpark/.codex/worktrees/1f98bd1e-95ca-4396-82c1-c34de41a8851/OnTime-front/test/presentation/alarm/screens/schedule_start_commit_widget_test.dart: real button awaits durable commit; failure retries and stale route=true never navigates
00:52 +957 -6: /Users/ejunpark/.codex/worktrees/1f98bd1e-95ca-4396-82c1-c34de41a8851/OnTime-front/test/presentation/alarm/screens/schedule_start_commit_widget_test.dart: real button awaits durable commit; failure retries and stale route=true never navigates
00:53 +958 -6: /Users/ejunpark/.codex/worktrees/1f98bd1e-95ca-4396-82c1-c34de41a8851/OnTime-front/test/presentation/alarm/screens/schedule_start_commit_widget_test.dart: real button awaits durable commit; failure retries and stale route=true never navigates
00:53 +959 -6: /Users/ejunpark/.codex/worktrees/1f98bd1e-95ca-4396-82c1-c34de41a8851/OnTime-front/test/presentation/alarm/screens/schedule_start_commit_widget_test.dart: real button awaits durable commit; failure retries and stale route=true never navigates
00:53 +960 -6: /Users/ejunpark/.codex/worktrees/1f98bd1e-95ca-4396-82c1-c34de41a8851/OnTime-front/test/presentation/alarm/screens/schedule_start_commit_widget_test.dart: real button awaits durable commit; failure retries and stale route=true never navigates
00:53 +961 -6: /Users/ejunpark/.codex/worktrees/1f98bd1e-95ca-4396-82c1-c34de41a8851/OnTime-front/test/presentation/alarm/screens/schedule_start_commit_widget_test.dart: real button awaits durable commit; failure retries and stale route=true never navigates
00:53 +962 -6: /Users/ejunpark/.codex/worktrees/1f98bd1e-95ca-4396-82c1-c34de41a8851/OnTime-front/test/presentation/alarm/screens/schedule_start_commit_widget_test.dart: real button awaits durable commit; failure retries and stale route=true never navigates
00:53 +963 -6: /Users/ejunpark/.codex/worktrees/1f98bd1e-95ca-4396-82c1-c34de41a8851/OnTime-front/test/presentation/alarm/screens/schedule_start_commit_widget_test.dart: real button awaits durable commit; failure retries and stale route=true never navigates
00:53 +964 -6: /Users/ejunpark/.codex/worktrees/1f98bd1e-95ca-4396-82c1-c34de41a8851/OnTime-front/test/presentation/alarm/screens/schedule_start_commit_widget_test.dart: real button awaits durable commit; failure retries and stale route=true never navigates
00:53 +965 -6: /Users/ejunpark/.codex/worktrees/1f98bd1e-95ca-4396-82c1-c34de41a8851/OnTime-front/test/presentation/alarm/screens/schedule_start_commit_widget_test.dart: real button awaits durable commit; failure retries and stale route=true never navigates
00:53 +966 -6: /Users/ejunpark/.codex/worktrees/1f98bd1e-95ca-4396-82c1-c34de41a8851/OnTime-front/test/presentation/alarm/screens/schedule_start_commit_widget_test.dart: real button awaits durable commit; failure retries and stale route=true never navigates
00:53 +967 -6: /Users/ejunpark/.codex/worktrees/1f98bd1e-95ca-4396-82c1-c34de41a8851/OnTime-front/test/presentation/alarm/screens/schedule_start_commit_widget_test.dart: real button awaits durable commit; failure retries and stale route=true never navigates
00:53 +968 -6: /Users/ejunpark/.codex/worktrees/1f98bd1e-95ca-4396-82c1-c34de41a8851/OnTime-front/test/presentation/alarm/screens/schedule_start_commit_widget_test.dart: real button awaits durable commit; failure retries and stale route=true never navigates
00:53 +969 -6: /Users/ejunpark/.codex/worktrees/1f98bd1e-95ca-4396-82c1-c34de41a8851/OnTime-front/test/presentation/alarm/screens/schedule_start_commit_widget_test.dart: real button awaits durable commit; failure retries and stale route=true never navigates
00:54 +970 -6: /Users/ejunpark/.codex/worktrees/1f98bd1e-95ca-4396-82c1-c34de41a8851/OnTime-front/test/presentation/alarm/screens/schedule_start_commit_widget_test.dart: real button awaits durable commit; failure retries and stale route=true never navigates
══╡ EXCEPTION CAUGHT BY FLUTTER TEST FRAMEWORK ╞════════════════════════════════════════════════════
The following TimeoutException was thrown while running async test code:
TimeoutException after 0:00:05.000000: Future not completed

When the exception was thrown, this was the stack:
<asynchronous suspension>
<asynchronous suspension>
#2      main.<anonymous closure> (file:///Users/ejunpark/.codex/worktrees/1f98bd1e-95ca-4396-82c1-c34de41a8851/OnTime-front/test/presentation/alarm/screens/schedule_start_commit_widget_test.dart:133:9)
<asynchronous suspension>
#3      testWidgets.<anonymous closure>.<anonymous closure> (package:flutter_test/src/widget_tester.dart:192:15)
<asynchronous suspension>
#4      TestWidgetsFlutterBinding._runTestBody (package:flutter_test/src/binding.dart:1952:5)
<asynchronous suspension>
<asynchronous suspension>
(elided 3 frames from dart:async and package:stack_trace)

The exception was caught asynchronously.
════════════════════════════════════════════════════════════════════════════════════════════════════
00:54 +970 -7: /Users/ejunpark/.codex/worktrees/1f98bd1e-95ca-4396-82c1-c34de41a8851/OnTime-front/test/presentation/schedule_create/components/schedule_multi_page_form_test.dart: final submit does not close sheet immediately while submitting
00:54 +970 -7: /Users/ejunpark/.codex/worktrees/1f98bd1e-95ca-4396-82c1-c34de41a8851/OnTime-front/test/presentation/alarm/screens/schedule_start_commit_widget_test.dart: real button awaits durable commit; failure retries and stale route=true never navigates [E]
  Test failed. See exception logs above.
  The test description was: real button awaits durable commit; failure retries and stale route=true never navigates

00:54 +971 -7: /Users/ejunpark/.codex/worktrees/1f98bd1e-95ca-4396-82c1-c34de41a8851/OnTime-front/test/presentation/schedule_create/schedule_date_time/schedule_date_time_form_test.dart: formats selected date with Korean locale
00:54 +972 -7: /Users/ejunpark/.codex/worktrees/1f98bd1e-95ca-4396-82c1-c34de41a8851/OnTime-front/test/presentation/schedule_create/components/schedule_multi_page_form_test.dart: create screen initializes form bloc with selected date
00:54 +973 -7: /Users/ejunpark/.codex/worktrees/1f98bd1e-95ca-4396-82c1-c34de41a8851/OnTime-front/test/presentation/schedule_create/components/schedule_multi_page_form_test.dart: create screen initializes form bloc with selected date
00:54 +974 -7: /Users/ejunpark/.codex/worktrees/1f98bd1e-95ca-4396-82c1-c34de41a8851/OnTime-front/test/presentation/schedule_create/components/schedule_multi_page_form_test.dart: edit screen initializes form bloc with requested schedule
00:54 +975 -7: /Users/ejunpark/.codex/worktrees/1f98bd1e-95ca-4396-82c1-c34de41a8851/OnTime-front/test/presentation/schedule_create/components/schedule_multi_page_form_test.dart: sheet closes after successful submit
00:54 +976 -7: /Users/ejunpark/.codex/worktrees/1f98bd1e-95ca-4396-82c1-c34de41a8851/OnTime-front/test/presentation/schedule_create/components/schedule_multi_page_form_test.dart: sheet stays open and shows error when submit fails
00:55 +977 -7: /Users/ejunpark/.codex/worktrees/1f98bd1e-95ca-4396-82c1-c34de41a8851/OnTime-front/test/presentation/schedule_create/components/schedule_multi_page_form_test.dart: edited name and place are submitted from form steps
00:55 +978 -7: /Users/ejunpark/.codex/worktrees/1f98bd1e-95ca-4396-82c1-c34de41a8851/OnTime-front/test/presentation/schedule_create/components/schedule_multi_page_form_test.dart: edited name and place are submitted from form steps
00:55 +979 -7: /Users/ejunpark/.codex/worktrees/1f98bd1e-95ca-4396-82c1-c34de41a8851/OnTime-front/test/presentation/schedule_create/components/schedule_multi_page_form_test.dart: date time overlap keeps next disabled
00:55 +980 -7: /Users/ejunpark/.codex/worktrees/1f98bd1e-95ca-4396-82c1-c34de41a8851/OnTime-front/test/presentation/schedule_create/components/schedule_multi_page_form_test.dart: date time overlap keeps next disabled
00:55 +981 -7: /Users/ejunpark/.codex/worktrees/1f98bd1e-95ca-4396-82c1-c34de41a8851/OnTime-front/test/presentation/schedule_create/components/schedule_multi_page_form_test.dart: date time overlap keeps next disabled
00:55 +982 -7: /Users/ejunpark/.codex/worktrees/1f98bd1e-95ca-4396-82c1-c34de41a8851/OnTime-front/test/presentation/schedule_create/preparation_form/preparation_form_reorderable_list_test.dart: reorderable preparation list wires edits to row callbacks
00:56 +983 -7: /Users/ejunpark/.codex/worktrees/1f98bd1e-95ca-4396-82c1-c34de41a8851/OnTime-front/test/presentation/schedule_create/preparation_form/preparation_form_reorderable_list_test.dart: reorderable preparation list wires edits to row callbacks
00:56 +984 -7: /Users/ejunpark/.codex/worktrees/1f98bd1e-95ca-4396-82c1-c34de41a8851/OnTime-front/test/presentation/schedule_create/preparation_form/preparation_form_create_list_test.dart: create list forwards edits, reorder changes, and create request
00:56 +985 -7: /Users/ejunpark/.codex/worktrees/1f98bd1e-95ca-4396-82c1-c34de41a8851/OnTime-front/test/presentation/schedule_create/preparation_form/preparation_step_form_cubit_test.dart: name and time edits update validity for a preparation step draft
00:56 +986 -7: /Users/ejunpark/.codex/worktrees/1f98bd1e-95ca-4396-82c1-c34de41a8851/OnTime-front/test/presentation/schedule_create/preparation_form/preparation_step_form_cubit_test.dart: saving a step sends the current draft to the preparation form bloc
00:57 +987 -7: /Users/ejunpark/.codex/worktrees/1f98bd1e-95ca-4396-82c1-c34de41a8851/OnTime-front/test/presentation/schedule_create/preparation_form/preparation_form_state_event_test.dart: PreparationFormEvent props capture step edits
00:57 +988 -7: /Users/ejunpark/.codex/worktrees/1f98bd1e-95ca-4396-82c1-c34de41a8851/OnTime-front/test/presentation/schedule_create/preparation_form/preparation_form_state_event_test.dart: PreparationFormState orders linked entity steps for editing
00:57 +989 -7: /Users/ejunpark/.codex/worktrees/1f98bd1e-95ca-4396-82c1-c34de41a8851/OnTime-front/test/presentation/schedule_create/preparation_form/preparation_form_state_event_test.dart: PreparationFormState validates fields and converts visible steps
00:57 +990 -7: /Users/ejunpark/.codex/worktrees/1f98bd1e-95ca-4396-82c1-c34de41a8851/OnTime-front/test/presentation/schedule_create/preparation_form/preparation_form_list_field_test.dart: editing a saved preparation step reports name changes and save
00:57 +991 -7: /Users/ejunpark/.codex/worktrees/1f98bd1e-95ca-4396-82c1-c34de41a8851/OnTime-front/test/presentation/schedule_create/preparation_form/preparation_form_list_field_test.dart: editing a saved preparation step reports name changes and save
00:57 +992 -7: /Users/ejunpark/.codex/worktrees/1f98bd1e-95ca-4396-82c1-c34de41a8851/OnTime-front/test/presentation/schedule_create/preparation_form/preparation_form_list_field_test.dart: editing a saved preparation step reports name changes and save
00:57 +993 -7: /Users/ejunpark/.codex/worktrees/1f98bd1e-95ca-4396-82c1-c34de41a8851/OnTime-front/test/presentation/schedule_create/preparation_form/preparation_form_list_field_test.dart: editing a saved preparation step reports name changes and save
00:58 +994 -7: /Users/ejunpark/.codex/worktrees/1f98bd1e-95ca-4396-82c1-c34de41a8851/OnTime-front/test/presentation/schedule_create/preparation_form/preparation_form_list_field_test.dart: editing a saved preparation step reports name changes and save
00:58 +995 -7: /Users/ejunpark/.codex/worktrees/1f98bd1e-95ca-4396-82c1-c34de41a8851/OnTime-front/test/presentation/schedule_create/preparation_form/preparation_form_list_field_test.dart: editing a saved preparation step reports name changes and save
00:58 +996 -7: /Users/ejunpark/.codex/worktrees/1f98bd1e-95ca-4396-82c1-c34de41a8851/OnTime-front/test/presentation/schedule_create/preparation_form/preparation_form_list_field_test.dart: editing a saved preparation step reports name changes and save
00:58 +997 -7: /Users/ejunpark/.codex/worktrees/1f98bd1e-95ca-4396-82c1-c34de41a8851/OnTime-front/test/presentation/schedule_create/preparation_form/preparation_form_list_field_test.dart: editing a saved preparation step reports name changes and save
00:58 +998 -7: /Users/ejunpark/.codex/worktrees/1f98bd1e-95ca-4396-82c1-c34de41a8851/OnTime-front/test/presentation/schedule_create/preparation_form/preparation_form_list_field_test.dart: editing a saved preparation step reports name changes and save
00:58 +999 -7: /Users/ejunpark/.codex/worktrees/1f98bd1e-95ca-4396-82c1-c34de41a8851/OnTime-front/test/presentation/schedule_create/preparation_form/preparation_form_list_field_test.dart: editing a saved preparation step reports name changes and save
00:58 +1000 -7: /Users/ejunpark/.codex/worktrees/1f98bd1e-95ca-4396-82c1-c34de41a8851/OnTime-front/test/presentation/schedule_create/preparation_form/preparation_form_list_field_test.dart: editing a saved preparation step reports name changes and save
00:58 +1001 -7: /Users/ejunpark/.codex/worktrees/1f98bd1e-95ca-4396-82c1-c34de41a8851/OnTime-front/test/presentation/schedule_create/preparation_form/preparation_form_list_field_test.dart: editing a saved preparation step reports name changes and save
00:58 +1002 -7: /Users/ejunpark/.codex/worktrees/1f98bd1e-95ca-4396-82c1-c34de41a8851/OnTime-front/test/presentation/schedule_create/preparation_form/preparation_form_list_field_test.dart: editing a saved preparation step reports name changes and save
00:58 +1003 -7: /Users/ejunpark/.codex/worktrees/1f98bd1e-95ca-4396-82c1-c34de41a8851/OnTime-front/test/presentation/schedule_create/preparation_form/preparation_form_list_field_test.dart: adding row delays interaction-ended while time picker is open
00:58 +1004 -7: /Users/ejunpark/.codex/worktrees/1f98bd1e-95ca-4396-82c1-c34de41a8851/OnTime-front/test/presentation/schedule_create/preparation_form/preparation_form_list_field_test.dart: validation errors explain invalid name and preparation time
00:58 +1005 -7: /Users/ejunpark/.codex/worktrees/1f98bd1e-95ca-4396-82c1-c34de41a8851/OnTime-front/test/presentation/schedule_create/preparation_form/preparation_form_list_field_test.dart: validation reports too-large preparation time
00:58 +1006 -7: /Users/ejunpark/.codex/worktrees/1f98bd1e-95ca-4396-82c1-c34de41a8851/OnTime-front/test/presentation/schedule_create/preparation_form/preparation_form_list_field_test.dart: updates focus listener and field value when row identity changes
00:58 +1007 -7: /Users/ejunpark/.codex/worktrees/1f98bd1e-95ca-4396-82c1-c34de41a8851/OnTime-front/test/presentation/schedule_create/preparation_form/preparation_form_list_field_test.dart: row without remove callback renders as a plain editable tile
00:58 +1008 -7: Some tests failed.

Failing tests:
  /Users/ejunpark/.codex/worktrees/1f98bd1e-95ca-4396-82c1-c34de41a8851/OnTime-front/test/data/daos/schedule_dao_test.dart: getScheduleById should return a schedule from the database of given [id]
  /Users/ejunpark/.codex/worktrees/1f98bd1e-95ca-4396-82c1-c34de41a8851/OnTime-front/test/data/daos/schedule_dao_test.dart: getSchedulesByDate should return a list of schedules between [startDate] and [endDate]
  /Users/ejunpark/.codex/worktrees/1f98bd1e-95ca-4396-82c1-c34de41a8851/OnTime-front/test/data/daos/schedule_dao_test.dart: getSchedulesByDate should return a list of schedules later then [startDate] if [endDate] is null
  /Users/ejunpark/.codex/worktrees/1f98bd1e-95ca-4396-82c1-c34de41a8851/OnTime-front/test/data/daos/schedule_dao_test.dart: updateSchedule should update a schedule in the database
  ... and 3 more
