00:00 +0: loading /Users/ejunpark/.codex/worktrees/1f98bd1e-95ca-4396-82c1-c34de41a8851/OnTime-front/test/repository_structure_test.dart
00:00 +0: /Users/ejunpark/.codex/worktrees/1f98bd1e-95ca-4396-82c1-c34de41a8851/OnTime-front/test/repository_structure_test.dart: repository structure source and test directories do not use .dart suffixes
00:00 +1: /Users/ejunpark/.codex/worktrees/1f98bd1e-95ca-4396-82c1-c34de41a8851/OnTime-front/test/repository_structure_test.dart: repository structure schedule place moving time imports use the folder path
00:00 +2: /Users/ejunpark/.codex/worktrees/1f98bd1e-95ca-4396-82c1-c34de41a8851/OnTime-front/test/core/database/local_data_operation_gate_test.dart: rejects competing operations instead of queueing destructive work
00:00 +3: /Users/ejunpark/.codex/worktrees/1f98bd1e-95ca-4396-82c1-c34de41a8851/OnTime-front/test/core/database/local_data_operation_gate_test.dart: failure releases lease; invalidated database cannot be reused
00:00 +4: /Users/ejunpark/.codex/worktrees/1f98bd1e-95ca-4396-82c1-c34de41a8851/OnTime-front/test/core/database/local_data_operation_gate_test.dart: exclusive validation does not invalidate writers until accepted
00:01 +5: /Users/ejunpark/.codex/worktrees/1f98bd1e-95ca-4396-82c1-c34de41a8851/OnTime-front/test/core/database/local_reset_protocol_test.dart: legacy reset marker with no ownership is never an empty success
00:01 +6: /Users/ejunpark/.codex/worktrees/1f98bd1e-95ca-4396-82c1-c34de41a8851/OnTime-front/test/core/database/local_reset_protocol_test.dart: corrupt registry uncertainty survives preference deletion and restart
00:01 +7: /Users/ejunpark/.codex/worktrees/1f98bd1e-95ca-4396-82c1-c34de41a8851/OnTime-front/test/core/database/local_reset_protocol_test.dart: unknown ownership clears only after an app-wide provider receipt
00:01 +8: /Users/ejunpark/.codex/worktrees/1f98bd1e-95ca-4396-82c1-c34de41a8851/OnTime-front/test/core/database/local_reset_protocol_test.dart: ordinary ownership does not authorize reset or remove user data
00:01 +9: /Users/ejunpark/.codex/worktrees/1f98bd1e-95ca-4396-82c1-c34de41a8851/OnTime-front/test/core/database/local_reset_protocol_test.dart: returned cancel failure permits content deletion and survives fresh-instance retry
00:01 +10: /Users/ejunpark/.codex/worktrees/1f98bd1e-95ca-4396-82c1-c34de41a8851/OnTime-front/test/core/database/alarm_replacement_integration_test.dart: actual restore waits for late platform completion before replacing database
00:01 +11: /Users/ejunpark/.codex/worktrees/1f98bd1e-95ca-4396-82c1-c34de41a8851/OnTime-front/test/core/database/alarm_replacement_integration_test.dart: actual restore waits for late platform completion before replacing database
00:01 +12: /Users/ejunpark/.codex/worktrees/1f98bd1e-95ca-4396-82c1-c34de41a8851/OnTime-front/test/core/database/alarm_replacement_integration_test.dart: actual restore waits for late platform completion before replacing database
00:01 +13: /Users/ejunpark/.codex/worktrees/1f98bd1e-95ca-4396-82c1-c34de41a8851/OnTime-front/test/core/database/alarm_replacement_integration_test.dart: actual restore waits for late platform completion before replacing database
00:01 +14: /Users/ejunpark/.codex/worktrees/1f98bd1e-95ca-4396-82c1-c34de41a8851/OnTime-front/test/core/database/alarm_replacement_integration_test.dart: actual restore waits for late platform completion before replacing database
00:01 +15: /Users/ejunpark/.codex/worktrees/1f98bd1e-95ca-4396-82c1-c34de41a8851/OnTime-front/test/core/database/alarm_replacement_integration_test.dart: actual restore waits for late platform completion before replacing database
00:01 +15: /Users/ejunpark/.codex/worktrees/1f98bd1e-95ca-4396-82c1-c34de41a8851/OnTime-front/test/core/database/schedule_aggregate_migration_test.dart: frozen schema 1 upgrades atomically and identities survive reopen/upsert
WARNING (drift): It looks like you've created the database class AppDatabase multiple times. When these two databases use the same QueryExecutor, race conditions will occur and might corrupt the database.
Try to follow the advice at https://drift.simonbinder.eu/faq/#using-the-database or, if you know what you're doing, set driftRuntimeOptions.dontWarnAboutMultipleDatabases = true
Here is the stacktrace from when the database was opened a second time:
#0      GeneratedDatabase._handleInstantiated (package:drift/src/runtime/api/db_base.dart:96:30)
#1      GeneratedDatabase._whenConstructed (package:drift/src/runtime/api/db_base.dart:73:12)
#2      new GeneratedDatabase (package:drift/src/runtime/api/db_base.dart:64:5)
#3      new _$AppDatabase (package:on_time_front/core/database/database.g.dart:6499:36)
#4      new AppDatabase.forTesting (package:on_time_front/core/database/database.dart)
#5      main.<anonymous closure> (file:///Users/ejunpark/.codex/worktrees/1f98bd1e-95ca-4396-82c1-c34de41a8851/OnTime-front/test/core/database/schedule_aggregate_migration_test.dart:105:37)
<asynchronous suspension>
#6      Declarer.test.<anonymous closure>.<anonymous closure> (package:test_api/src/backend/declarer.dart:253:15)
<asynchronous suspension>
#7      Declarer.test.<anonymous closure> (package:test_api/src/backend/declarer.dart:250:11)
<asynchronous suspension>
#8      Invoker._waitForOutstandingCallbacks.<anonymous closure> (package:test_api/src/backend/invoker.dart:318:9)
<asynchronous suspension>
This warning will only appear on debug builds.
00:01 +16: /Users/ejunpark/.codex/worktrees/1f98bd1e-95ca-4396-82c1-c34de41a8851/OnTime-front/test/core/database/alarm_replacement_integration_test.dart: actual restore waits for late platform completion before replacing database
00:01 +17: /Users/ejunpark/.codex/worktrees/1f98bd1e-95ca-4396-82c1-c34de41a8851/OnTime-front/test/core/database/alarm_replacement_integration_test.dart: actual restore waits for late platform completion before replacing database
00:01 +18: /Users/ejunpark/.codex/worktrees/1f98bd1e-95ca-4396-82c1-c34de41a8851/OnTime-front/test/core/database/alarm_replacement_integration_test.dart: actual restore waits for late platform completion before replacing database
00:01 +19: /Users/ejunpark/.codex/worktrees/1f98bd1e-95ca-4396-82c1-c34de41a8851/OnTime-front/test/core/database/alarm_replacement_integration_test.dart: actual restore waits for late platform completion before replacing database
00:01 +20: /Users/ejunpark/.codex/worktrees/1f98bd1e-95ca-4396-82c1-c34de41a8851/OnTime-front/test/core/database/alarm_replacement_integration_test.dart: actual restore waits for late platform completion before replacing database
00:01 +21: /Users/ejunpark/.codex/worktrees/1f98bd1e-95ca-4396-82c1-c34de41a8851/OnTime-front/test/core/database/alarm_replacement_integration_test.dart: actual restore waits for late platform completion before replacing database
00:01 +22: /Users/ejunpark/.codex/worktrees/1f98bd1e-95ca-4396-82c1-c34de41a8851/OnTime-front/test/core/database/alarm_replacement_integration_test.dart: actual restore waits for late platform completion before replacing database
00:01 +23: /Users/ejunpark/.codex/worktrees/1f98bd1e-95ca-4396-82c1-c34de41a8851/OnTime-front/test/core/database/alarm_replacement_integration_test.dart: actual restore waits for late platform completion before replacing database
00:01 +23: /Users/ejunpark/.codex/worktrees/1f98bd1e-95ca-4396-82c1-c34de41a8851/OnTime-front/test/core/database/schedule_aggregate_migration_test.dart: frozen schema 2 upgrades atomically and identities survive reopen/upsert
WARNING (drift): It looks like you've created the database class AppDatabase multiple times. When these two databases use the same QueryExecutor, race conditions will occur and might corrupt the database.
Try to follow the advice at https://drift.simonbinder.eu/faq/#using-the-database or, if you know what you're doing, set driftRuntimeOptions.dontWarnAboutMultipleDatabases = true
Here is the stacktrace from when the database was opened a second time:
#0      GeneratedDatabase._handleInstantiated (package:drift/src/runtime/api/db_base.dart:96:30)
#1      GeneratedDatabase._whenConstructed (package:drift/src/runtime/api/db_base.dart:73:12)
#2      new GeneratedDatabase (package:drift/src/runtime/api/db_base.dart:64:5)
#3      new _$AppDatabase (package:on_time_front/core/database/database.g.dart:6499:36)
#4      new AppDatabase.forTesting (package:on_time_front/core/database/database.dart)
#5      main.<anonymous closure> (file:///Users/ejunpark/.codex/worktrees/1f98bd1e-95ca-4396-82c1-c34de41a8851/OnTime-front/test/core/database/schedule_aggregate_migration_test.dart:105:37)
<asynchronous suspension>
#6      Declarer.test.<anonymous closure>.<anonymous closure> (package:test_api/src/backend/declarer.dart:253:15)
<asynchronous suspension>
#7      Declarer.test.<anonymous closure> (package:test_api/src/backend/declarer.dart:250:11)
<asynchronous suspension>
#8      Invoker._waitForOutstandingCallbacks.<anonymous closure> (package:test_api/src/backend/invoker.dart:318:9)
<asynchronous suspension>
This warning will only appear on debug builds.
00:01 +24: /Users/ejunpark/.codex/worktrees/1f98bd1e-95ca-4396-82c1-c34de41a8851/OnTime-front/test/core/database/alarm_replacement_integration_test.dart: actual restore waits for late platform completion before replacing database
00:01 +25: /Users/ejunpark/.codex/worktrees/1f98bd1e-95ca-4396-82c1-c34de41a8851/OnTime-front/test/core/database/alarm_replacement_integration_test.dart: actual restore waits for late platform completion before replacing database
00:01 +26: /Users/ejunpark/.codex/worktrees/1f98bd1e-95ca-4396-82c1-c34de41a8851/OnTime-front/test/core/database/alarm_replacement_integration_test.dart: actual restore waits for late platform completion before replacing database
00:01 +27: /Users/ejunpark/.codex/worktrees/1f98bd1e-95ca-4396-82c1-c34de41a8851/OnTime-front/test/core/database/alarm_replacement_integration_test.dart: actual restore waits for late platform completion before replacing database
00:01 +28: /Users/ejunpark/.codex/worktrees/1f98bd1e-95ca-4396-82c1-c34de41a8851/OnTime-front/test/core/database/alarm_replacement_integration_test.dart: actual restore waits for late platform completion before replacing database
00:02 +29: /Users/ejunpark/.codex/worktrees/1f98bd1e-95ca-4396-82c1-c34de41a8851/OnTime-front/test/core/database/alarm_replacement_integration_test.dart: actual restore waits for late platform completion before replacing database
00:02 +30: /Users/ejunpark/.codex/worktrees/1f98bd1e-95ca-4396-82c1-c34de41a8851/OnTime-front/test/core/database/local_reset_protocol_test.dart: unverified intent write reports no completion and never deletes data
00:02 +31: /Users/ejunpark/.codex/worktrees/1f98bd1e-95ca-4396-82c1-c34de41a8851/OnTime-front/test/core/database/alarm_replacement_integration_test.dart: actual restore cancellation failure preserves original database and ownership
00:02 +32: /Users/ejunpark/.codex/worktrees/1f98bd1e-95ca-4396-82c1-c34de41a8851/OnTime-front/test/core/database/alarm_replacement_integration_test.dart: reset retains independent cancellation ownership after content deletion and retries only cleanup
00:02 +33: /Users/ejunpark/.codex/worktrees/1f98bd1e-95ca-4396-82c1-c34de41a8851/OnTime-front/test/core/database/database_index_test.dart: creates lookup indexes for schedule and preparation DAO predicates
00:02 +34: /Users/ejunpark/.codex/worktrees/1f98bd1e-95ca-4396-82c1-c34de41a8851/OnTime-front/test/core/database/database_index_test.dart: rejects in-place upgrades across the one-way local cutover
00:03 +35: /Users/ejunpark/.codex/worktrees/1f98bd1e-95ca-4396-82c1-c34de41a8851/OnTime-front/test/core/database/bootstrap_privacy_boundary_test.dart: pending reset preserves its ownership and bypasses unrelated privacy cleanup
00:03 +36: /Users/ejunpark/.codex/worktrees/1f98bd1e-95ca-4396-82c1-c34de41a8851/OnTime-front/test/core/database/bootstrap_privacy_boundary_test.dart: successful bootstrap does not remove runtime
00:03 +37: /Users/ejunpark/.codex/worktrees/1f98bd1e-95ca-4396-82c1-c34de41a8851/OnTime-front/test/core/database/bootstrap_privacy_boundary_test.dart: failure before Auth attempts cleanup and preserves original failure
00:03 +38: /Users/ejunpark/.codex/worktrees/1f98bd1e-95ca-4396-82c1-c34de41a8851/OnTime-front/test/core/database/bootstrap_privacy_boundary_test.dart: cleanup failure preserves both failures without private message text
00:03 +39: /Users/ejunpark/.codex/worktrees/1f98bd1e-95ca-4396-82c1-c34de41a8851/OnTime-front/test/core/database/alarm_journal_recovery_test.dart: partial JSON in  recovers fresh owner without resetting user data
00:03 +40: /Users/ejunpark/.codex/worktrees/1f98bd1e-95ca-4396-82c1-c34de41a8851/OnTime-front/test/core/database/alarm_journal_recovery_test.dart: partial JSON in .pending recovers fresh owner without resetting user data
00:03 +41: /Users/ejunpark/.codex/worktrees/1f98bd1e-95ca-4396-82c1-c34de41a8851/OnTime-front/test/core/database/recurring_migration_test.dart: version 1 database upgrades in place preserving user outcomes and schedules
00:03 +42: /Users/ejunpark/.codex/worktrees/1f98bd1e-95ca-4396-82c1-c34de41a8851/OnTime-front/test/core/database/recurring_migration_test.dart: version 1 database upgrades in place preserving user outcomes and schedules
00:03 +43: /Users/ejunpark/.codex/worktrees/1f98bd1e-95ca-4396-82c1-c34de41a8851/OnTime-front/test/core/database/recurring_migration_test.dart: version 1 database upgrades in place preserving user outcomes and schedules
00:03 +44: /Users/ejunpark/.codex/worktrees/1f98bd1e-95ca-4396-82c1-c34de41a8851/OnTime-front/test/core/database/recurring_migration_test.dart: version 1 database upgrades in place preserving user outcomes and schedules
00:03 +45: /Users/ejunpark/.codex/worktrees/1f98bd1e-95ca-4396-82c1-c34de41a8851/OnTime-front/test/core/database/alarm_journal_recovery_test.dart: iOS fallbackError remains partial without guessing ownership
00:03 +46: /Users/ejunpark/.codex/worktrees/1f98bd1e-95ca-4396-82c1-c34de41a8851/OnTime-front/test/core/database/alarm_journal_recovery_test.dart: iOS unownedNotification remains partial without guessing ownership
00:03 +47: /Users/ejunpark/.codex/worktrees/1f98bd1e-95ca-4396-82c1-c34de41a8851/OnTime-front/test/core/database/alarm_journal_recovery_test.dart: secure reset marker resumes deletion but Android uncertainty remains
00:03 +48: /Users/ejunpark/.codex/worktrees/1f98bd1e-95ca-4396-82c1-c34de41a8851/OnTime-front/test/core/database/alarm_journal_recovery_test.dart: secure reset marker resumes deletion but Android uncertainty remains
00:03 +49: /Users/ejunpark/.codex/worktrees/1f98bd1e-95ca-4396-82c1-c34de41a8851/OnTime-front/test/core/database/alarm_journal_recovery_test.dart: secure reset marker resumes deletion but Android uncertainty remains
00:03 +50: /Users/ejunpark/.codex/worktrees/1f98bd1e-95ca-4396-82c1-c34de41a8851/OnTime-front/test/core/time/civil_time_resolver_test.dart: fall-back overlap exposes first and second occurrence
00:03 +51: /Users/ejunpark/.codex/worktrees/1f98bd1e-95ca-4396-82c1-c34de41a8851/OnTime-front/test/core/database/alarm_journal_recovery_test.dart: explicit reset after damage cleans quarantine only after complete receipt
00:03 +52: /Users/ejunpark/.codex/worktrees/1f98bd1e-95ca-4396-82c1-c34de41a8851/OnTime-front/test/core/database/alarm_journal_recovery_test.dart: future version or impossible supported state is never automatically replaced: {"version":2}
00:03 +53: /Users/ejunpark/.codex/worktrees/1f98bd1e-95ca-4396-82c1-c34de41a8851/OnTime-front/test/core/database/alarm_journal_recovery_test.dart: future version or impossible supported state is never automatically replaced: {"version":1,"reset":"complete","completed":[],"ownership":[]}
00:03 +54: /Users/ejunpark/.codex/worktrees/1f98bd1e-95ca-4396-82c1-c34de41a8851/OnTime-front/test/core/database/alarm_journal_recovery_test.dart: future version or impossible supported state is never automatically replaced: {"version":1,"reset":"none","completed":[],"ownership":[{"provider":"localNotification","scheduleId":"a","id":1,"pending":true},{"provider":"localNotification","scheduleId":"b","id":1,"pending":true}]}
00:03 +55: /Users/ejunpark/.codex/worktrees/1f98bd1e-95ca-4396-82c1-c34de41a8851/OnTime-front/test/core/database/alarm_journal_recovery_test.dart: read I/O failure does not quarantine or authorize deletion
00:03 +56: /Users/ejunpark/.codex/worktrees/1f98bd1e-95ca-4396-82c1-c34de41a8851/OnTime-front/test/core/database/alarm_journal_recovery_test.dart: reconstruction interrupted at recoveryMarked recovers through a new owner
00:03 +57: /Users/ejunpark/.codex/worktrees/1f98bd1e-95ca-4396-82c1-c34de41a8851/OnTime-front/test/core/database/alarm_journal_recovery_test.dart: reconstruction interrupted at quarantinedMain recovers through a new owner
00:03 +58: /Users/ejunpark/.codex/worktrees/1f98bd1e-95ca-4396-82c1-c34de41a8851/OnTime-front/test/core/database/alarm_journal_recovery_test.dart: reconstruction interrupted at written recovers through a new owner
00:03 +59: /Users/ejunpark/.codex/worktrees/1f98bd1e-95ca-4396-82c1-c34de41a8851/OnTime-front/test/core/database/alarm_journal_recovery_test.dart: reconstruction interrupted at verified recovers through a new owner
00:03 +60: /Users/ejunpark/.codex/worktrees/1f98bd1e-95ca-4396-82c1-c34de41a8851/OnTime-front/test/core/database/alarm_journal_recovery_test.dart: reconstruction interrupted at renamed recovers through a new owner
00:03 +61: /Users/ejunpark/.codex/worktrees/1f98bd1e-95ca-4396-82c1-c34de41a8851/OnTime-front/test/core/database/alarm_journal_recovery_test.dart: reconstruction interrupted at readBack recovers through a new owner
00:03 +62: /Users/ejunpark/.codex/worktrees/1f98bd1e-95ca-4396-82c1-c34de41a8851/OnTime-front/test/core/backup/backup_crypto_test.dart: round trip restores the authenticated plaintext
00:03 +63: /Users/ejunpark/.codex/worktrees/1f98bd1e-95ca-4396-82c1-c34de41a8851/OnTime-front/test/core/backup/backup_crypto_test.dart: round trip restores the authenticated plaintext
00:03 +64: /Users/ejunpark/.codex/worktrees/1f98bd1e-95ca-4396-82c1-c34de41a8851/OnTime-front/test/core/backup/backup_crypto_test.dart: round trip restores the authenticated plaintext
00:04 +65: /Users/ejunpark/.codex/worktrees/1f98bd1e-95ca-4396-82c1-c34de41a8851/OnTime-front/test/core/backup/backup_crypto_test.dart: round trip restores the authenticated plaintext
00:04 +66: /Users/ejunpark/.codex/worktrees/1f98bd1e-95ca-4396-82c1-c34de41a8851/OnTime-front/test/core/backup/backup_crypto_test.dart: round trip restores the authenticated plaintext
00:04 +67: /Users/ejunpark/.codex/worktrees/1f98bd1e-95ca-4396-82c1-c34de41a8851/OnTime-front/test/core/backup/backup_crypto_test.dart: round trip restores the authenticated plaintext
00:04 +68: /Users/ejunpark/.codex/worktrees/1f98bd1e-95ca-4396-82c1-c34de41a8851/OnTime-front/test/core/backup/backup_crypto_test.dart: round trip restores the authenticated plaintext
00:04 +69: /Users/ejunpark/.codex/worktrees/1f98bd1e-95ca-4396-82c1-c34de41a8851/OnTime-front/test/core/backup/backup_crypto_test.dart: round trip restores the authenticated plaintext
00:04 +70: /Users/ejunpark/.codex/worktrees/1f98bd1e-95ca-4396-82c1-c34de41a8851/OnTime-front/test/core/backup/backup_crypto_test.dart: round trip restores the authenticated plaintext
00:04 +71: /Users/ejunpark/.codex/worktrees/1f98bd1e-95ca-4396-82c1-c34de41a8851/OnTime-front/test/core/backup/backup_crypto_test.dart: round trip restores the authenticated plaintext
00:04 +72: /Users/ejunpark/.codex/worktrees/1f98bd1e-95ca-4396-82c1-c34de41a8851/OnTime-front/test/core/backup/backup_crypto_test.dart: round trip restores the authenticated plaintext
00:04 +73: /Users/ejunpark/.codex/worktrees/1f98bd1e-95ca-4396-82c1-c34de41a8851/OnTime-front/test/core/backup/backup_crypto_test.dart: round trip restores the authenticated plaintext
00:04 +74: /Users/ejunpark/.codex/worktrees/1f98bd1e-95ca-4396-82c1-c34de41a8851/OnTime-front/test/core/backup/backup_crypto_test.dart: round trip restores the authenticated plaintext
00:04 +75: /Users/ejunpark/.codex/worktrees/1f98bd1e-95ca-4396-82c1-c34de41a8851/OnTime-front/test/core/backup/backup_crypto_test.dart: round trip restores the authenticated plaintext
00:04 +76: /Users/ejunpark/.codex/worktrees/1f98bd1e-95ca-4396-82c1-c34de41a8851/OnTime-front/test/core/backup/backup_crypto_test.dart: wrong password cannot produce backup contents
00:04 +77: /Users/ejunpark/.codex/worktrees/1f98bd1e-95ca-4396-82c1-c34de41a8851/OnTime-front/test/core/backup/backup_crypto_test.dart: authenticated encryption detects a modified container
00:04 +78: /Users/ejunpark/.codex/worktrees/1f98bd1e-95ca-4396-82c1-c34de41a8851/OnTime-front/test/core/backup/backup_crypto_test.dart: authenticated encryption detects a modified container
00:04 +79: /Users/ejunpark/.codex/worktrees/1f98bd1e-95ca-4396-82c1-c34de41a8851/OnTime-front/test/core/backup/backup_crypto_test.dart: authenticated encryption detects a modified container
00:04 +80: /Users/ejunpark/.codex/worktrees/1f98bd1e-95ca-4396-82c1-c34de41a8851/OnTime-front/test/core/backup/backup_crypto_test.dart: authenticated encryption detects a modified container
00:04 +81: /Users/ejunpark/.codex/worktrees/1f98bd1e-95ca-4396-82c1-c34de41a8851/OnTime-front/test/core/backup/backup_crypto_test.dart: authenticated encryption detects a modified container
00:04 +82: /Users/ejunpark/.codex/worktrees/1f98bd1e-95ca-4396-82c1-c34de41a8851/OnTime-front/test/core/backup/backup_crypto_test.dart: authenticated encryption detects a modified container
00:04 +83: /Users/ejunpark/.codex/worktrees/1f98bd1e-95ca-4396-82c1-c34de41a8851/OnTime-front/test/core/backup/backup_password_test.dart: normalizes canonically equivalent passwords to the same value
00:04 +84: /Users/ejunpark/.codex/worktrees/1f98bd1e-95ca-4396-82c1-c34de41a8851/OnTime-front/test/core/backup/backup_password_test.dart: preserves case and surrounding spaces
00:04 +85: /Users/ejunpark/.codex/worktrees/1f98bd1e-95ca-4396-82c1-c34de41a8851/OnTime-front/test/core/backup/backup_password_test.dart: rejects passwords outside the 15 to 128 code point boundary
00:05 +86: /Users/ejunpark/.codex/worktrees/1f98bd1e-95ca-4396-82c1-c34de41a8851/OnTime-front/test/core/backup/backup_service_test.dart: saved receipt marks only the captured revision despite an ordinary edit
00:05 +87: /Users/ejunpark/.codex/worktrees/1f98bd1e-95ca-4396-82c1-c34de41a8851/OnTime-front/test/core/backup/backup_service_test.dart: cancel preserves freshness and releases gate for a retry
00:05 +88: /Users/ejunpark/.codex/worktrees/1f98bd1e-95ca-4396-82c1-c34de41a8851/OnTime-front/test/core/backup/backup_restore_stale_contract_test.dart: preview followed by a durable edit never overwrites that edit
00:05 +89: /Users/ejunpark/.codex/worktrees/1f98bd1e-95ca-4396-82c1-c34de41a8851/OnTime-front/test/core/backup/backup_restore_stale_contract_test.dart: preview followed by a durable edit never overwrites that edit
00:06 +90: /Users/ejunpark/.codex/worktrees/1f98bd1e-95ca-4396-82c1-c34de41a8851/OnTime-front/test/core/backup/backup_service_test.dart: second export, restore, and destructive operation reject while picker is open
00:06 +91: /Users/ejunpark/.codex/worktrees/1f98bd1e-95ca-4396-82c1-c34de41a8851/OnTime-front/test/core/backup/backup_service_test.dart: successful external save with missing profile reports metadata failure
00:06 +92: /Users/ejunpark/.codex/worktrees/1f98bd1e-95ca-4396-82c1-c34de41a8851/OnTime-front/test/core/logging/app_logger_test.dart: AppLogger redaction redacts sensitive map values recursively
00:06 +93: /Users/ejunpark/.codex/worktrees/1f98bd1e-95ca-4396-82c1-c34de41a8851/OnTime-front/test/core/backup/backup_service_test.dart: late success cannot write freshness after lifecycle invalidation
00:06 +94: /Users/ejunpark/.codex/worktrees/1f98bd1e-95ca-4396-82c1-c34de41a8851/OnTime-front/test/core/backup/backup_service_test.dart: late success cannot write freshness after lifecycle invalidation
00:06 +95: /Users/ejunpark/.codex/worktrees/1f98bd1e-95ca-4396-82c1-c34de41a8851/OnTime-front/test/core/backup/backup_service_test.dart: late success cannot write freshness after lifecycle invalidation
00:06 +96: /Users/ejunpark/.codex/worktrees/1f98bd1e-95ca-4396-82c1-c34de41a8851/OnTime-front/test/core/backup/backup_service_test.dart: late success cannot write freshness after lifecycle invalidation
00:06 +97: /Users/ejunpark/.codex/worktrees/1f98bd1e-95ca-4396-82c1-c34de41a8851/OnTime-front/test/core/backup/backup_service_test.dart: late success cannot write freshness after lifecycle invalidation
00:06 +98: /Users/ejunpark/.codex/worktrees/1f98bd1e-95ca-4396-82c1-c34de41a8851/OnTime-front/test/core/backup/backup_service_test.dart: late success cannot write freshness after lifecycle invalidation
00:06 +99: /Users/ejunpark/.codex/worktrees/1f98bd1e-95ca-4396-82c1-c34de41a8851/OnTime-front/test/core/backup/backup_service_test.dart: late success cannot write freshness after lifecycle invalidation
00:06 +100: /Users/ejunpark/.codex/worktrees/1f98bd1e-95ca-4396-82c1-c34de41a8851/OnTime-front/test/core/services/notification_tap_router_test.dart: last valid tap survives delayed readiness and malformed input
00:06 +101: /Users/ejunpark/.codex/worktrees/1f98bd1e-95ca-4396-82c1-c34de41a8851/OnTime-front/test/core/backup/backup_service_test.dart: crypto failure releases gate without opening a destination
00:06 +102: /Users/ejunpark/.codex/worktrees/1f98bd1e-95ca-4396-82c1-c34de41a8851/OnTime-front/test/core/backup/backup_service_test.dart: crypto failure releases gate without opening a destination
00:06 +103: /Users/ejunpark/.codex/worktrees/1f98bd1e-95ca-4396-82c1-c34de41a8851/OnTime-front/test/core/backup/backup_service_test.dart: crypto failure releases gate without opening a destination
00:06 +104: /Users/ejunpark/.codex/worktrees/1f98bd1e-95ca-4396-82c1-c34de41a8851/OnTime-front/test/core/services/notification_tap_router_test.dart: duplicate native receipt blocks stale cold result without invalidating open A
00:06 +105: /Users/ejunpark/.codex/worktrees/1f98bd1e-95ca-4396-82c1-c34de41a8851/OnTime-front/test/core/backup/backup_service_test.dart: preview authenticates backup and restore replaces active data
00:06 +106: /Users/ejunpark/.codex/worktrees/1f98bd1e-95ca-4396-82c1-c34de41a8851/OnTime-front/test/core/backup/backup_service_test.dart: preview authenticates backup and restore replaces active data
00:06 +107: /Users/ejunpark/.codex/worktrees/1f98bd1e-95ca-4396-82c1-c34de41a8851/OnTime-front/test/core/backup/backup_service_test.dart: preview authenticates backup and restore replaces active data
00:06 +108: /Users/ejunpark/.codex/worktrees/1f98bd1e-95ca-4396-82c1-c34de41a8851/OnTime-front/test/core/backup/backup_service_test.dart: preview authenticates backup and restore replaces active data
00:06 +109: /Users/ejunpark/.codex/worktrees/1f98bd1e-95ca-4396-82c1-c34de41a8851/OnTime-front/test/core/backup/backup_service_test.dart: preview authenticates backup and restore replaces active data
00:06 +110: /Users/ejunpark/.codex/worktrees/1f98bd1e-95ca-4396-82c1-c34de41a8851/OnTime-front/test/core/backup/backup_service_test.dart: preview authenticates backup and restore replaces active data
00:06 +111: /Users/ejunpark/.codex/worktrees/1f98bd1e-95ca-4396-82c1-c34de41a8851/OnTime-front/test/core/backup/backup_service_test.dart: preview authenticates backup and restore replaces active data
00:06 +112: /Users/ejunpark/.codex/worktrees/1f98bd1e-95ca-4396-82c1-c34de41a8851/OnTime-front/test/core/backup/backup_service_test.dart: preview authenticates backup and restore replaces active data
00:06 +113: /Users/ejunpark/.codex/worktrees/1f98bd1e-95ca-4396-82c1-c34de41a8851/OnTime-front/test/core/backup/backup_service_test.dart: preview authenticates backup and restore replaces active data
00:06 +114: /Users/ejunpark/.codex/worktrees/1f98bd1e-95ca-4396-82c1-c34de41a8851/OnTime-front/test/core/backup/backup_service_test.dart: preview authenticates backup and restore replaces active data
00:06 +115: /Users/ejunpark/.codex/worktrees/1f98bd1e-95ca-4396-82c1-c34de41a8851/OnTime-front/test/core/backup/backup_restore_picker_test.dart: previous extension-only filter fails before reaching iOS host
00:06 +116: /Users/ejunpark/.codex/worktrees/1f98bd1e-95ca-4396-82c1-c34de41a8851/OnTime-front/test/core/backup/backup_service_test.dart: format 2 restores owned preparation and exclusions without regenerating deleted slots
00:06 +117: /Users/ejunpark/.codex/worktrees/1f98bd1e-95ca-4396-82c1-c34de41a8851/OnTime-front/test/core/backup/backup_service_test.dart: format 2 restores owned preparation and exclusions without regenerating deleted slots
00:07 +118: /Users/ejunpark/.codex/worktrees/1f98bd1e-95ca-4396-82c1-c34de41a8851/OnTime-front/test/core/backup/backup_restore_picker_test.dart: cancel does not decrypt and a later valid selection can be previewed
00:07 +119: /Users/ejunpark/.codex/worktrees/1f98bd1e-95ca-4396-82c1-c34de41a8851/OnTime-front/test/core/backup/backup_service_test.dart: format 1 remains importable and malformed new references never replace data
00:07 +120: /Users/ejunpark/.codex/worktrees/1f98bd1e-95ca-4396-82c1-c34de41a8851/OnTime-front/test/core/backup/backup_service_test.dart: format 1 remains importable and malformed new references never replace data
00:07 +121: /Users/ejunpark/.codex/worktrees/1f98bd1e-95ca-4396-82c1-c34de41a8851/OnTime-front/test/core/backup/backup_service_test.dart: format 1 remains importable and malformed new references never replace data
00:07 +122: /Users/ejunpark/.codex/worktrees/1f98bd1e-95ca-4396-82c1-c34de41a8851/OnTime-front/test/core/backup/backup_service_test.dart: format 1 remains importable and malformed new references never replace data
00:07 +123: /Users/ejunpark/.codex/worktrees/1f98bd1e-95ca-4396-82c1-c34de41a8851/OnTime-front/test/core/backup/backup_service_test.dart: format 1 remains importable and malformed new references never replace data
00:07 +124: /Users/ejunpark/.codex/worktrees/1f98bd1e-95ca-4396-82c1-c34de41a8851/OnTime-front/test/core/backup/backup_service_test.dart: format 1 remains importable and malformed new references never replace data
00:07 +125: /Users/ejunpark/.codex/worktrees/1f98bd1e-95ca-4396-82c1-c34de41a8851/OnTime-front/test/core/backup/backup_service_test.dart: format 1 remains importable and malformed new references never replace data
00:07 +126: /Users/ejunpark/.codex/worktrees/1f98bd1e-95ca-4396-82c1-c34de41a8851/OnTime-front/test/core/backup/backup_restore_picker_test.dart: truncated backup is rejected without writes
00:07 +127: /Users/ejunpark/.codex/worktrees/1f98bd1e-95ca-4396-82c1-c34de41a8851/OnTime-front/test/core/backup/backup_restore_picker_test.dart: truncated backup is rejected without writes
00:07 +128: /Users/ejunpark/.codex/worktrees/1f98bd1e-95ca-4396-82c1-c34de41a8851/OnTime-front/test/core/backup/backup_restore_picker_test.dart: truncated backup is rejected without writes
00:07 +129: /Users/ejunpark/.codex/worktrees/1f98bd1e-95ca-4396-82c1-c34de41a8851/OnTime-front/test/core/backup/backup_restore_picker_test.dart: truncated backup is rejected without writes
00:07 +130: /Users/ejunpark/.codex/worktrees/1f98bd1e-95ca-4396-82c1-c34de41a8851/OnTime-front/test/core/backup/backup_service_test.dart: wrong password leaves current database unchanged
00:08 +131: /Users/ejunpark/.codex/worktrees/1f98bd1e-95ca-4396-82c1-c34de41a8851/OnTime-front/test/core/backup/backup_service_test.dart: wrong password leaves current database unchanged
00:08 +132: /Users/ejunpark/.codex/worktrees/1f98bd1e-95ca-4396-82c1-c34de41a8851/OnTime-front/test/core/backup/backup_service_test.dart: wrong password leaves current database unchanged
00:08 +133: /Users/ejunpark/.codex/worktrees/1f98bd1e-95ca-4396-82c1-c34de41a8851/OnTime-front/test/core/backup/backup_service_test.dart: wrong password leaves current database unchanged
00:08 +134: /Users/ejunpark/.codex/worktrees/1f98bd1e-95ca-4396-82c1-c34de41a8851/OnTime-front/test/core/backup/backup_service_test.dart: wrong password leaves current database unchanged
00:08 +135: /Users/ejunpark/.codex/worktrees/1f98bd1e-95ca-4396-82c1-c34de41a8851/OnTime-front/test/core/backup/backup_service_test.dart: wrong password leaves current database unchanged
00:08 +136: /Users/ejunpark/.codex/worktrees/1f98bd1e-95ca-4396-82c1-c34de41a8851/OnTime-front/test/core/backup/backup_service_test.dart: wrong password leaves current database unchanged
00:08 +137: /Users/ejunpark/.codex/worktrees/1f98bd1e-95ca-4396-82c1-c34de41a8851/OnTime-front/test/core/backup/backup_service_test.dart: wrong password leaves current database unchanged
00:08 +138: /Users/ejunpark/.codex/worktrees/1f98bd1e-95ca-4396-82c1-c34de41a8851/OnTime-front/test/core/backup/backup_restore_picker_test.dart: wrong password is rejected without writes
00:08 +139: /Users/ejunpark/.codex/worktrees/1f98bd1e-95ca-4396-82c1-c34de41a8851/OnTime-front/test/core/backup/backup_restore_picker_test.dart: wrong password is rejected without writes
00:08 +140: /Users/ejunpark/.codex/worktrees/1f98bd1e-95ca-4396-82c1-c34de41a8851/OnTime-front/test/core/backup/backup_restore_picker_test.dart: wrong password is rejected without writes
00:08 +141: /Users/ejunpark/.codex/worktrees/1f98bd1e-95ca-4396-82c1-c34de41a8851/OnTime-front/test/core/backup/backup_restore_picker_test.dart: wrong password is rejected without writes
00:08 +142: /Users/ejunpark/.codex/worktrees/1f98bd1e-95ca-4396-82c1-c34de41a8851/OnTime-front/test/core/backup/backup_restore_picker_test.dart: wrong password is rejected without writes
00:08 +143: /Users/ejunpark/.codex/worktrees/1f98bd1e-95ca-4396-82c1-c34de41a8851/OnTime-front/test/core/backup/backup_restore_picker_test.dart: wrong password is rejected without writes
00:08 +144: /Users/ejunpark/.codex/worktrees/1f98bd1e-95ca-4396-82c1-c34de41a8851/OnTime-front/test/core/backup/backup_restore_picker_test.dart: wrong password is rejected without writes
00:08 +145: /Users/ejunpark/.codex/worktrees/1f98bd1e-95ca-4396-82c1-c34de41a8851/OnTime-front/test/core/backup/backup_restore_picker_test.dart: wrong password is rejected without writes
00:08 +146: /Users/ejunpark/.codex/worktrees/1f98bd1e-95ca-4396-82c1-c34de41a8851/OnTime-front/test/core/backup/backup_restore_picker_test.dart: wrong password is rejected without writes
00:08 +147: /Users/ejunpark/.codex/worktrees/1f98bd1e-95ca-4396-82c1-c34de41a8851/OnTime-front/test/core/backup/backup_restore_picker_test.dart: wrong password is rejected without writes
00:08 +148: /Users/ejunpark/.codex/worktrees/1f98bd1e-95ca-4396-82c1-c34de41a8851/OnTime-front/test/core/backup/backup_restore_picker_test.dart: wrong password is rejected without writes
00:08 +149: /Users/ejunpark/.codex/worktrees/1f98bd1e-95ca-4396-82c1-c34de41a8851/OnTime-front/test/core/backup/backup_restore_picker_test.dart: read failure preserves data and does not prevent another attempt
00:08 +150: /Users/ejunpark/.codex/worktrees/1f98bd1e-95ca-4396-82c1-c34de41a8851/OnTime-front/test/core/services/alarm_ownership_journal_test.dart: independent file retains only cancellation identity across reopen
00:08 +151: /Users/ejunpark/.codex/worktrees/1f98bd1e-95ca-4396-82c1-c34de41a8851/OnTime-front/test/core/services/alarm_ownership_journal_test.dart: interrupted replacement at written reopens a complete committed generation
00:08 +152: /Users/ejunpark/.codex/worktrees/1f98bd1e-95ca-4396-82c1-c34de41a8851/OnTime-front/test/core/services/alarm_ownership_journal_test.dart: interrupted replacement at verified reopens a complete committed generation
00:08 +153: /Users/ejunpark/.codex/worktrees/1f98bd1e-95ca-4396-82c1-c34de41a8851/OnTime-front/test/core/services/alarm_ownership_journal_test.dart: interrupted replacement at renamed reopens a complete committed generation
00:08 +154: /Users/ejunpark/.codex/worktrees/1f98bd1e-95ca-4396-82c1-c34de41a8851/OnTime-front/test/core/services/alarm_ownership_journal_test.dart: interrupted replacement at readBack reopens a complete committed generation
00:08 +155: /Users/ejunpark/.codex/worktrees/1f98bd1e-95ca-4396-82c1-c34de41a8851/OnTime-front/test/core/services/alarm_ownership_journal_test.dart: staged first write is preserved and never reported as an empty installation
00:08 +156: /Users/ejunpark/.codex/worktrees/1f98bd1e-95ca-4396-82c1-c34de41a8851/OnTime-front/test/core/services/alarm_ownership_journal_test.dart: truncated staged first write is preserved and blocks new ownership
00:08 +157: /Users/ejunpark/.codex/worktrees/1f98bd1e-95ca-4396-82c1-c34de41a8851/OnTime-front/test/core/services/alarm_ownership_journal_test.dart: malformed or unsupported committed journal stays intact: {broken
00:08 +158: /Users/ejunpark/.codex/worktrees/1f98bd1e-95ca-4396-82c1-c34de41a8851/OnTime-front/test/core/services/alarm_ownership_journal_test.dart: malformed or unsupported committed journal stays intact: {"version":2}
00:08 +159: /Users/ejunpark/.codex/worktrees/1f98bd1e-95ca-4396-82c1-c34de41a8851/OnTime-front/test/core/services/alarm_ownership_journal_test.dart: malformed or unsupported committed journal stays intact: {"version":1,"ownership":[]}
00:08 +160: /Users/ejunpark/.codex/worktrees/1f98bd1e-95ca-4396-82c1-c34de41a8851/OnTime-front/test/core/services/alarm_ownership_journal_test.dart: backup exclusion failure prevents creating ownership bytes
00:08 +161: /Users/ejunpark/.codex/worktrees/1f98bd1e-95ca-4396-82c1-c34de41a8851/OnTime-front/test/core/services/alarm_ownership_journal_test.dart: only a fully completed reset journal can be removed
00:08 +162: /Users/ejunpark/.codex/worktrees/1f98bd1e-95ca-4396-82c1-c34de41a8851/OnTime-front/test/core/services/alarm_ownership_journal_test.dart: duplicate actual platform IDs are rejected instead of hiding ownership
00:08 +163: /Users/ejunpark/.codex/worktrees/1f98bd1e-95ca-4396-82c1-c34de41a8851/OnTime-front/test/core/services/alarm_ownership_journal_test.dart: impossible completion states cannot be written over a valid journal
00:09 +164: /Users/ejunpark/.codex/worktrees/1f98bd1e-95ca-4396-82c1-c34de41a8851/OnTime-front/test/core/services/alarm_scheduler_service_test.dart: initializeLaunchHandling dispatches cold-start alarm payload
00:09 +165: /Users/ejunpark/.codex/worktrees/1f98bd1e-95ca-4396-82c1-c34de41a8851/OnTime-front/test/core/services/alarm_scheduler_service_test.dart: dispatchPendingLaunchPayload dispatches resumed alarm payload
00:09 +166: /Users/ejunpark/.codex/worktrees/1f98bd1e-95ca-4396-82c1-c34de41a8851/OnTime-front/test/core/services/alarm_scheduler_service_test.dart: getCapabilities maps native alarm provider capabilities
00:09 +167: /Users/ejunpark/.codex/worktrees/1f98bd1e-95ca-4396-82c1-c34de41a8851/OnTime-front/test/core/services/alarm_scheduler_service_test.dart: getCapabilities treats missing platform implementation as unsupported
00:09 +168: /Users/ejunpark/.codex/worktrees/1f98bd1e-95ca-4396-82c1-c34de41a8851/OnTime-front/test/core/services/alarm_scheduler_service_test.dart: getCapabilities treats native platform errors as unsupported
00:09 +169: /Users/ejunpark/.codex/worktrees/1f98bd1e-95ca-4396-82c1-c34de41a8851/OnTime-front/test/core/services/alarm_scheduler_service_test.dart: getCapabilities treats null native response as unsupported
00:09 +170: /Users/ejunpark/.codex/worktrees/1f98bd1e-95ca-4396-82c1-c34de41a8851/OnTime-front/test/core/services/alarm_scheduler_service_test.dart: checkPermission and requestPermission map native wire values
00:09 +171: /Users/ejunpark/.codex/worktrees/1f98bd1e-95ca-4396-82c1-c34de41a8851/OnTime-front/test/core/services/alarm_scheduler_service_test.dart: permission checks treat missing platform implementation as unsupported
00:09 +172: /Users/ejunpark/.codex/worktrees/1f98bd1e-95ca-4396-82c1-c34de41a8851/OnTime-front/test/core/services/alarm_scheduler_service_test.dart: permission checks treat native platform errors as unsupported
00:09 +173: /Users/ejunpark/.codex/worktrees/1f98bd1e-95ca-4396-82c1-c34de41a8851/OnTime-front/test/core/services/alarm_scheduler_service_test.dart: scheduleNativeAlarm sends the native alarm contract payload
00:09 +174: /Users/ejunpark/.codex/worktrees/1f98bd1e-95ca-4396-82c1-c34de41a8851/OnTime-front/test/core/services/alarm_scheduler_service_test.dart: scheduleNativeAlarm exposes permission failures as scheduling exception
00:09 +175: /Users/ejunpark/.codex/worktrees/1f98bd1e-95ca-4396-82c1-c34de41a8851/OnTime-front/test/core/services/alarm_scheduler_service_test.dart: scheduleNativeAlarm maps unsupported and generic native errors
00:09 +176: /Users/ejunpark/.codex/worktrees/1f98bd1e-95ca-4396-82c1-c34de41a8851/OnTime-front/test/core/services/alarm_scheduler_service_test.dart: cancelNativeAlarm sends cancellation payload for scheduled records
00:09 +177: /Users/ejunpark/.codex/worktrees/1f98bd1e-95ca-4396-82c1-c34de41a8851/OnTime-front/test/core/services/alarm_scheduler_service_test.dart: cancelNativeAlarm reports missing native platform as unconfirmed
00:09 +178: /Users/ejunpark/.codex/worktrees/1f98bd1e-95ca-4396-82c1-c34de41a8851/OnTime-front/test/core/services/alarm_scheduler_service_test.dart: cancelNativeAlarm maps native platform failures to scheduling exception
00:09 +179: /Users/ejunpark/.codex/worktrees/1f98bd1e-95ca-4396-82c1-c34de41a8851/OnTime-front/test/core/services/alarm_scheduler_service_test.dart: cancelAllNativeAlarms cancels every provided record in order
00:09 +180: /Users/ejunpark/.codex/worktrees/1f98bd1e-95ca-4396-82c1-c34de41a8851/OnTime-front/test/core/services/alarm_scheduler_service_test.dart: dispatchPendingLaunchPayload ignores invalid and failed payload reads
00:09 +181: /Users/ejunpark/.codex/worktrees/1f98bd1e-95ca-4396-82c1-c34de41a8851/OnTime-front/test/core/services/scheduled_notification_delivery_test.dart: native and fallback send the same ko detailed=false snapshot after persistence
00:09 +182: /Users/ejunpark/.codex/worktrees/1f98bd1e-95ca-4396-82c1-c34de41a8851/OnTime-front/test/core/services/scheduled_notification_delivery_test.dart: native and fallback send the same ko detailed=true snapshot after persistence
00:09 +183: /Users/ejunpark/.codex/worktrees/1f98bd1e-95ca-4396-82c1-c34de41a8851/OnTime-front/test/core/services/scheduled_notification_delivery_test.dart: native and fallback send the same en detailed=false snapshot after persistence
00:09 +184: /Users/ejunpark/.codex/worktrees/1f98bd1e-95ca-4396-82c1-c34de41a8851/OnTime-front/test/core/services/scheduled_notification_delivery_test.dart: native and fallback send the same en detailed=true snapshot after persistence
00:09 +185: /Users/ejunpark/.codex/worktrees/1f98bd1e-95ca-4396-82c1-c34de41a8851/OnTime-front/test/core/services/scheduled_notification_delivery_test.dart: legacy and corrupted content cannot bypass reconciliation at either provider
00:09 +186: /Users/ejunpark/.codex/worktrees/1f98bd1e-95ca-4396-82c1-c34de41a8851/OnTime-front/test/core/services/scheduled_notification_delivery_test.dart: targeted cancel uses the plugin API for pending and presented IDs, never cancelAll
00:09 +187: /Users/ejunpark/.codex/worktrees/1f98bd1e-95ca-4396-82c1-c34de41a8851/OnTime-front/test/core/services/scheduled_notification_delivery_test.dart: targeted cancellation errors are visible to reconciliation
00:09 +188: /Users/ejunpark/.codex/worktrees/1f98bd1e-95ca-4396-82c1-c34de41a8851/OnTime-front/test/core/services/app_metadata_service_test.dart: package info metadata provider returns runtime app metadata
00:10 +189: /Users/ejunpark/.codex/worktrees/1f98bd1e-95ca-4396-82c1-c34de41a8851/OnTime-front/test/core/services/notification_privacy_cleanup_test.dart: owned legacy pending is cancelled without clearing step notifications
00:10 +190: /Users/ejunpark/.codex/worktrees/1f98bd1e-95ca-4396-82c1-c34de41a8851/OnTime-front/test/core/services/notification_launch_test.dart: cold launch collects once and concurrent initialization is single flight
00:10 +191: /Users/ejunpark/.codex/worktrees/1f98bd1e-95ca-4396-82c1-c34de41a8851/OnTime-front/test/core/services/notification_launch_test.dart: cold launch collects once and concurrent initialization is single flight
00:10 +192: /Users/ejunpark/.codex/worktrees/1f98bd1e-95ca-4396-82c1-c34de41a8851/OnTime-front/test/core/services/notification_privacy_cleanup_test.dart: known schedule payload with invalid route ID cleans owned pending
00:10 +193: /Users/ejunpark/.codex/worktrees/1f98bd1e-95ca-4396-82c1-c34de41a8851/OnTime-front/test/core/services/notification_privacy_cleanup_test.dart: known schedule payload with invalid route ID cleans owned pending
00:10 +194: /Users/ejunpark/.codex/worktrees/1f98bd1e-95ca-4396-82c1-c34de41a8851/OnTime-front/test/core/services/notification_privacy_cleanup_test.dart: known schedule payload with invalid route ID cleans owned pending
00:10 +195: /Users/ejunpark/.codex/worktrees/1f98bd1e-95ca-4396-82c1-c34de41a8851/OnTime-front/test/core/services/notification_privacy_cleanup_test.dart: known schedule payload with invalid route ID cleans owned pending
00:10 +196: /Users/ejunpark/.codex/worktrees/1f98bd1e-95ca-4396-82c1-c34de41a8851/OnTime-front/test/core/services/notification_launch_test.dart: getter failure releases single flight and callback still works before retry
00:10 +197: /Users/ejunpark/.codex/worktrees/1f98bd1e-95ca-4396-82c1-c34de41a8851/OnTime-front/test/core/services/notification_launch_test.dart: getter failure releases single flight and callback still works before retry
00:10 +198: /Users/ejunpark/.codex/worktrees/1f98bd1e-95ca-4396-82c1-c34de41a8851/OnTime-front/test/core/services/notification_launch_test.dart: callback B arriving while cold A getter waits wins, raw legacy fields removed
00:10 +199: /Users/ejunpark/.codex/worktrees/1f98bd1e-95ca-4396-82c1-c34de41a8851/OnTime-front/test/core/services/notification_launch_test.dart: callback before delegate installation preserves only safe latest payload
00:10 +200: /Users/ejunpark/.codex/worktrees/1f98bd1e-95ca-4396-82c1-c34de41a8851/OnTime-front/test/core/services/notification_launch_test.dart: Noop to installed delegate cannot let slow cold A overwrite native B
00:10 +201: /Users/ejunpark/.codex/worktrees/1f98bd1e-95ca-4396-82c1-c34de41a8851/OnTime-front/test/core/services/notification_launch_test.dart: data replacement invalidates delayed initial launch
00:10 +202: /Users/ejunpark/.codex/worktrees/1f98bd1e-95ca-4396-82c1-c34de41a8851/OnTime-front/test/core/services/delivery_observation_test.dart: Android cache observation preserves source and minimal ownership
00:10 +203: /Users/ejunpark/.codex/worktrees/1f98bd1e-95ca-4396-82c1-c34de41a8851/OnTime-front/test/core/services/delivery_observation_test.dart: Android read failure is unknown, not absent
00:10 +204: /Users/ejunpark/.codex/worktrees/1f98bd1e-95ca-4396-82c1-c34de41a8851/OnTime-front/test/core/services/delivery_observation_test.dart: Android cancel needs public success and post read-back
00:10 +205: /Users/ejunpark/.codex/worktrees/1f98bd1e-95ca-4396-82c1-c34de41a8851/OnTime-front/test/core/services/delivery_observation_test.dart: Android cache absence does not hide cancel failure
00:10 +206: /Users/ejunpark/.codex/worktrees/1f98bd1e-95ca-4396-82c1-c34de41a8851/OnTime-front/test/core/services/delivery_observation_test.dart: Android remaining ID and failed post query are unconfirmed cancellations
00:10 +207: /Users/ejunpark/.codex/worktrees/1f98bd1e-95ca-4396-82c1-c34de41a8851/OnTime-front/test/core/services/delivery_observation_test.dart: iOS OS observation preserves source and minimal ownership
00:10 +208: /Users/ejunpark/.codex/worktrees/1f98bd1e-95ca-4396-82c1-c34de41a8851/OnTime-front/test/core/services/delivery_observation_test.dart: iOS read failure is unknown, not absent
00:10 +209: /Users/ejunpark/.codex/worktrees/1f98bd1e-95ca-4396-82c1-c34de41a8851/OnTime-front/test/core/services/delivery_observation_test.dart: iOS cancel needs public success and post read-back
00:10 +210: /Users/ejunpark/.codex/worktrees/1f98bd1e-95ca-4396-82c1-c34de41a8851/OnTime-front/test/core/services/delivery_observation_test.dart: iOS cache absence does not hide cancel failure
00:10 +211: /Users/ejunpark/.codex/worktrees/1f98bd1e-95ca-4396-82c1-c34de41a8851/OnTime-front/test/core/services/delivery_observation_test.dart: iOS remaining ID and failed post query are unconfirmed cancellations
00:10 +212: /Users/ejunpark/.codex/worktrees/1f98bd1e-95ca-4396-82c1-c34de41a8851/OnTime-front/test/core/services/delivery_observation_test.dart: AlarmKit observation rejects unavailable, malformed and unrelated IDs
00:10 +213: /Users/ejunpark/.codex/worktrees/1f98bd1e-95ca-4396-82c1-c34de41a8851/OnTime-front/test/core/services/delivery_observation_test.dart: AlarmKit already absent is idempotent; present cancel requires fresh absence
00:11 +214: /Users/ejunpark/.codex/worktrees/1f98bd1e-95ca-4396-82c1-c34de41a8851/OnTime-front/test/core/services/runtime_privacy_migration_test.dart: all legacy runs migrate, orphans clear, unrelated settings survive
00:11 +215: /Users/ejunpark/.codex/worktrees/1f98bd1e-95ca-4396-82c1-c34de41a8851/OnTime-front/test/core/services/runtime_privacy_migration_test.dart: platform cleanup failure is visible and retryable, without raw content
00:11 +216: /Users/ejunpark/.codex/worktrees/1f98bd1e-95ca-4396-82c1-c34de41a8851/OnTime-front/test/core/services/runtime_privacy_migration_test.dart: DB-unavailable cleanup removes legacy raw and does not touch unrelated data
00:11 +217: /Users/ejunpark/.codex/worktrees/1f98bd1e-95ca-4396-82c1-c34de41a8851/OnTime-front/test/core/services/notification_routing_test.dart: localizedNotificationText selects Korean text only for Korean locale
00:11 +218: /Users/ejunpark/.codex/worktrees/1f98bd1e-95ca-4396-82c1-c34de41a8851/OnTime-front/test/core/services/notification_routing_test.dart: isScheduleAlarmPayload detects native alarm payloads without suppressing schedule notifications
00:11 +219: /Users/ejunpark/.codex/worktrees/1f98bd1e-95ca-4396-82c1-c34de41a8851/OnTime-front/test/core/services/notification_routing_test.dart: notificationRouteForPayloadString routes schedule notification payload to the schedule start screen
00:11 +220: /Users/ejunpark/.codex/worktrees/1f98bd1e-95ca-4396-82c1-c34de41a8851/OnTime-front/test/core/services/notification_routing_test.dart: notificationRouteForPayloadString routes five-minute prompts as early-start schedule starts
00:11 +221: /Users/ejunpark/.codex/worktrees/1f98bd1e-95ca-4396-82c1-c34de41a8851/OnTime-front/test/core/services/notification_routing_test.dart: notificationRouteForPayloadString routes schedule and preparation updates to the alarm screen
00:11 +222: /Users/ejunpark/.codex/worktrees/1f98bd1e-95ca-4396-82c1-c34de41a8851/OnTime-front/test/core/services/notification_routing_test.dart: notificationRouteForPayloadString ignores null, invalid, and unrelated payloads
00:11 +223: /Users/ejunpark/.codex/worktrees/1f98bd1e-95ca-4396-82c1-c34de41a8851/OnTime-front/test/core/services/notification_routing_test.dart: invalid schedule hints never route to nearest preparation
00:11 +224: /Users/ejunpark/.codex/worktrees/1f98bd1e-95ca-4396-82c1-c34de41a8851/OnTime-front/test/core/services/notification_routing_test.dart: notificationRouteForData routes decoded local payload data with the same rules
00:11 +225: /Users/ejunpark/.codex/worktrees/1f98bd1e-95ca-4396-82c1-c34de41a8851/OnTime-front/test/core/services/android_notification_timing_test.dart: fresh permission chooses exact then approximate without full-screen
00:11 +226: /Users/ejunpark/.codex/worktrees/1f98bd1e-95ca-4396-82c1-c34de41a8851/OnTime-front/test/local_only_boundary_test.dart: product source and release configuration contain no network client
00:11 +227: /Users/ejunpark/.codex/worktrees/1f98bd1e-95ca-4396-82c1-c34de41a8851/OnTime-front/test/local_only_boundary_test.dart: product source and release configuration contain no network client
00:11 +228: /Users/ejunpark/.codex/worktrees/1f98bd1e-95ca-4396-82c1-c34de41a8851/OnTime-front/test/local_only_boundary_test.dart: product source and release configuration contain no network client
00:11 +229: /Users/ejunpark/.codex/worktrees/1f98bd1e-95ca-4396-82c1-c34de41a8851/OnTime-front/test/local_only_boundary_test.dart: product source and release configuration contain no network client
00:11 +230: /Users/ejunpark/.codex/worktrees/1f98bd1e-95ca-4396-82c1-c34de41a8851/OnTime-front/test/local_only_boundary_test.dart: product source and release configuration contain no network client
00:11 +231: /Users/ejunpark/.codex/worktrees/1f98bd1e-95ca-4396-82c1-c34de41a8851/OnTime-front/test/local_only_boundary_test.dart: product source and release configuration contain no network client
00:11 +232: /Users/ejunpark/.codex/worktrees/1f98bd1e-95ca-4396-82c1-c34de41a8851/OnTime-front/test/local_only_boundary_test.dart: product source and release configuration contain no network client
00:11 +233: /Users/ejunpark/.codex/worktrees/1f98bd1e-95ca-4396-82c1-c34de41a8851/OnTime-front/test/local_only_boundary_test.dart: product source and release configuration contain no network client
00:11 +234: /Users/ejunpark/.codex/worktrees/1f98bd1e-95ca-4396-82c1-c34de41a8851/OnTime-front/test/local_only_boundary_test.dart: iOS remote notification hooks violate the local-only boundary
00:11 +235: /Users/ejunpark/.codex/worktrees/1f98bd1e-95ca-4396-82c1-c34de41a8851/OnTime-front/test/local_only_boundary_test.dart: web remote bootstrap resources violate the local-only boundary
00:11 +236: /Users/ejunpark/.codex/worktrees/1f98bd1e-95ca-4396-82c1-c34de41a8851/OnTime-front/test/data/repositories/schedule_aggregate_snapshot_test.dart: edit snapshot cannot combine old schedule with new preparation
00:11 +237: /Users/ejunpark/.codex/worktrees/1f98bd1e-95ca-4396-82c1-c34de41a8851/OnTime-front/test/data/repositories/schedule_aggregate_snapshot_test.dart: planning snapshot cannot combine old schedule with new preparation
00:11 +238: /Users/ejunpark/.codex/worktrees/1f98bd1e-95ca-4396-82c1-c34de41a8851/OnTime-front/test/data/repositories/schedule_aggregate_snapshot_test.dart: file database close/reopen with new gate verifies committed receipt
00:11 +239: /Users/ejunpark/.codex/worktrees/1f98bd1e-95ca-4396-82c1-c34de41a8851/OnTime-front/test/data/repositories/schedule_aggregate_snapshot_test.dart: real preparation watch sees committed aggregate and never rolled back value
00:11 +240: /Users/ejunpark/.codex/worktrees/1f98bd1e-95ca-4396-82c1-c34de41a8851/OnTime-front/test/data/repositories/schedule_aggregate_snapshot_test.dart: template and definition trigger versions wake actual dependent schedule watch
00:11 +241: /Users/ejunpark/.codex/worktrees/1f98bd1e-95ca-4396-82c1-c34de41a8851/OnTime-front/test/data/repositories/schedule_aggregate_snapshot_test.dart: new draft reads default preparation and revision in one real transaction
00:11 +242: /Users/ejunpark/.codex/worktrees/1f98bd1e-95ca-4396-82c1-c34de41a8851/OnTime-front/test/data/repositories/schedule_aggregate_snapshot_test.dart: following receipt survives file close reopen and deletion of original occurrence
00:11 +243: /Users/ejunpark/.codex/worktrees/1f98bd1e-95ca-4396-82c1-c34de41a8851/OnTime-front/test/data/repositories/schedule_aggregate_snapshot_test.dart: real encrypted backup cutoff cannot mix concurrent aggregate commit
00:12 +244: /Users/ejunpark/.codex/worktrees/1f98bd1e-95ca-4396-82c1-c34de41a8851/OnTime-front/test/data/repositories/recurring_schedule_repository_test.dart: series owns reusable preparation and direct duplicate create rejects missing intent receipt
00:12 +245: /Users/ejunpark/.codex/worktrees/1f98bd1e-95ca-4396-82c1-c34de41a8851/OnTime-front/test/data/repositories/recurring_schedule_repository_test.dart: series owns reusable preparation and direct duplicate create rejects missing intent receipt
00:12 +246: /Users/ejunpark/.codex/worktrees/1f98bd1e-95ca-4396-82c1-c34de41a8851/OnTime-front/test/data/repositories/recurring_schedule_repository_test.dart: series owns reusable preparation and direct duplicate create rejects missing intent receipt
00:12 +247: /Users/ejunpark/.codex/worktrees/1f98bd1e-95ca-4396-82c1-c34de41a8851/OnTime-front/test/data/repositories/schedule_start_transaction_test.dart: a failed revision write rolls back the schedule transition and retry succeeds
00:12 +248: /Users/ejunpark/.codex/worktrees/1f98bd1e-95ca-4396-82c1-c34de41a8851/OnTime-front/test/data/repositories/recurring_schedule_repository_test.dart: deleting one occurrence never refills the count after rematerialization
00:13 +249: /Users/ejunpark/.codex/worktrees/1f98bd1e-95ca-4396-82c1-c34de41a8851/OnTime-front/test/data/repositories/recurring_schedule_repository_test.dart: deleting one occurrence never refills the count after rematerialization
00:13 +250: /Users/ejunpark/.codex/worktrees/1f98bd1e-95ca-4396-82c1-c34de41a8851/OnTime-front/test/data/repositories/schedule_start_transaction_test.dart: fresh session respects valid run vs explicit confirmation=false missing=false without overwriting durable first start
00:13 +251: /Users/ejunpark/.codex/worktrees/1f98bd1e-95ca-4396-82c1-c34de41a8851/OnTime-front/test/data/repositories/recurring_schedule_repository_test.dart: after three elapsed slots, two detached overrides leave five recurring and two standalone
00:13 +252: /Users/ejunpark/.codex/worktrees/1f98bd1e-95ca-4396-82c1-c34de41a8851/OnTime-front/test/data/repositories/recurring_schedule_repository_test.dart: after three elapsed slots, two detached overrides leave five recurring and two standalone
00:13 +253: /Users/ejunpark/.codex/worktrees/1f98bd1e-95ca-4396-82c1-c34de41a8851/OnTime-front/test/data/repositories/recurring_schedule_repository_test.dart: after three elapsed slots, two detached overrides leave five recurring and two standalone
00:13 +254: /Users/ejunpark/.codex/worktrees/1f98bd1e-95ca-4396-82c1-c34de41a8851/OnTime-front/test/data/repositories/recurring_schedule_repository_test.dart: after three elapsed slots, two detached overrides leave five recurring and two standalone
00:13 +255: /Users/ejunpark/.codex/worktrees/1f98bd1e-95ca-4396-82c1-c34de41a8851/OnTime-front/test/data/repositories/alarm_registry_repository_impl_test.dart: real registry preserves duplicate ownership until confirmed cancellation: failure=false
00:13 +256: /Users/ejunpark/.codex/worktrees/1f98bd1e-95ca-4396-82c1-c34de41a8851/OnTime-front/test/data/repositories/alarm_registry_repository_impl_test.dart: real registry preserves duplicate ownership until confirmed cancellation: failure=false
00:13 +257: /Users/ejunpark/.codex/worktrees/1f98bd1e-95ca-4396-82c1-c34de41a8851/OnTime-front/test/data/repositories/recurring_schedule_repository_test.dart: a detached occurrence and a later new slot on its original date remain distinct
00:13 +258: /Users/ejunpark/.codex/worktrees/1f98bd1e-95ca-4396-82c1-c34de41a8851/OnTime-front/test/data/repositories/recurring_schedule_repository_test.dart: a detached occurrence and a later new slot on its original date remain distinct
00:13 +259: /Users/ejunpark/.codex/worktrees/1f98bd1e-95ca-4396-82c1-c34de41a8851/OnTime-front/test/data/repositories/recurring_schedule_repository_test.dart: a detached occurrence and a later new slot on its original date remain distinct
00:13 +260: /Users/ejunpark/.codex/worktrees/1f98bd1e-95ca-4396-82c1-c34de41a8851/OnTime-front/test/data/repositories/recurring_schedule_repository_test.dart: a detached occurrence and a later new slot on its original date remain distinct
00:13 +261: /Users/ejunpark/.codex/worktrees/1f98bd1e-95ca-4396-82c1-c34de41a8851/OnTime-front/test/data/repositories/recurring_schedule_repository_test.dart: a detached occurrence and a later new slot on its original date remain distinct
00:13 +262: /Users/ejunpark/.codex/worktrees/1f98bd1e-95ca-4396-82c1-c34de41a8851/OnTime-front/test/data/repositories/recurring_schedule_repository_test.dart: a detached occurrence and a later new slot on its original date remain distinct
00:13 +263: /Users/ejunpark/.codex/worktrees/1f98bd1e-95ca-4396-82c1-c34de41a8851/OnTime-front/test/data/repositories/recurring_schedule_repository_test.dart: bulk changes preserve only overridden fields and preparation
00:13 +264: /Users/ejunpark/.codex/worktrees/1f98bd1e-95ca-4396-82c1-c34de41a8851/OnTime-front/test/data/repositories/recurring_schedule_repository_test.dart: ending following leaves active and historical rows and their preparations intact
00:13 +265: /Users/ejunpark/.codex/worktrees/1f98bd1e-95ca-4396-82c1-c34de41a8851/OnTime-front/test/data/repositories/recurring_schedule_repository_test.dart: finite conflicts require explicit exclusion and excluded slots consume count
00:13 +266: /Users/ejunpark/.codex/worktrees/1f98bd1e-95ca-4396-82c1-c34de41a8851/OnTime-front/test/data/repositories/recurring_schedule_repository_test.dart: place edits never rename another occurrence or historical place
00:13 +267: /Users/ejunpark/.codex/worktrees/1f98bd1e-95ca-4396-82c1-c34de41a8851/OnTime-front/test/data/repositories/recurring_schedule_repository_test.dart: bulk edit preserves active preparation and consumes its original count
00:13 +268: /Users/ejunpark/.codex/worktrees/1f98bd1e-95ca-4396-82c1-c34de41a8851/OnTime-front/test/data/repositories/recurring_schedule_repository_test.dart: stale first occurrence approval asks for review without changing durable data
00:13 +269: /Users/ejunpark/.codex/worktrees/1f98bd1e-95ca-4396-82c1-c34de41a8851/OnTime-front/test/data/repositories/recurring_schedule_repository_test.dart: explicit count edit replaces the remaining budget
00:13 +270: /Users/ejunpark/.codex/worktrees/1f98bd1e-95ca-4396-82c1-c34de41a8851/OnTime-front/test/data/repositories/recurring_schedule_repository_test.dart: a deleted slot remains consumed when the new weekdays omit that date
00:13 +271: /Users/ejunpark/.codex/worktrees/1f98bd1e-95ca-4396-82c1-c34de41a8851/OnTime-front/test/data/repositories/recurring_schedule_repository_test.dart: unbounded series detects persistent rule collisions and stores only nearby occurrences
00:13 +272: /Users/ejunpark/.codex/worktrees/1f98bd1e-95ca-4396-82c1-c34de41a8851/OnTime-front/test/data/repositories/recurring_schedule_repository_test.dart: unbounded daily intervals prove conflicts beyond deleted occurrences
00:13 +273: /Users/ejunpark/.codex/worktrees/1f98bd1e-95ca-4396-82c1-c34de41a8851/OnTime-front/test/data/repositories/local_schedule_score_test.dart: normal and late finishes contribute once while deletion preserves aggregate
00:13 +274: /Users/ejunpark/.codex/worktrees/1f98bd1e-95ca-4396-82c1-c34de41a8851/OnTime-front/test/data/repositories/local_schedule_score_test.dart: normal and late finishes contribute once while deletion preserves aggregate
00:14 +275: /Users/ejunpark/.codex/worktrees/1f98bd1e-95ca-4396-82c1-c34de41a8851/OnTime-front/test/data/repositories/profile_write_preservation_test.dart: alarm repository returns preserved offset and detail preference from the DB
00:14 +276: /Users/ejunpark/.codex/worktrees/1f98bd1e-95ca-4396-82c1-c34de41a8851/OnTime-front/test/data/repositories/profile_write_preservation_test.dart: alarm repository returns preserved offset and detail preference from the DB
00:14 +277: /Users/ejunpark/.codex/worktrees/1f98bd1e-95ca-4396-82c1-c34de41a8851/OnTime-front/test/data/repositories/profile_write_preservation_test.dart: alarm repository returns preserved offset and detail preference from the DB
00:14 +278: /Users/ejunpark/.codex/worktrees/1f98bd1e-95ca-4396-82c1-c34de41a8851/OnTime-front/test/data/repositories/profile_write_preservation_test.dart: alarm repository returns preserved offset and detail preference from the DB
00:14 +279: /Users/ejunpark/.codex/worktrees/1f98bd1e-95ca-4396-82c1-c34de41a8851/OnTime-front/test/data/repositories/profile_write_preservation_test.dart: alarm repository returns preserved offset and detail preference from the DB
00:14 +280: /Users/ejunpark/.codex/worktrees/1f98bd1e-95ca-4396-82c1-c34de41a8851/OnTime-front/test/data/repositories/profile_write_preservation_test.dart: alarm repository returns preserved offset and detail preference from the DB
00:14 +281: /Users/ejunpark/.codex/worktrees/1f98bd1e-95ca-4396-82c1-c34de41a8851/OnTime-front/test/data/repositories/profile_write_preservation_test.dart: alarm repository returns preserved offset and detail preference from the DB
00:14 +282: /Users/ejunpark/.codex/worktrees/1f98bd1e-95ca-4396-82c1-c34de41a8851/OnTime-front/test/data/repositories/profile_write_preservation_test.dart: alarm repository returns preserved offset and detail preference from the DB
00:14 +283: /Users/ejunpark/.codex/worktrees/1f98bd1e-95ca-4396-82c1-c34de41a8851/OnTime-front/test/data/repositories/profile_write_preservation_test.dart: alarm repository returns preserved offset and detail preference from the DB
00:14 +284: /Users/ejunpark/.codex/worktrees/1f98bd1e-95ca-4396-82c1-c34de41a8851/OnTime-front/test/data/repositories/profile_write_preservation_test.dart: alarm repository returns preserved offset and detail preference from the DB
00:14 +285: /Users/ejunpark/.codex/worktrees/1f98bd1e-95ca-4396-82c1-c34de41a8851/OnTime-front/test/data/repositories/profile_write_preservation_test.dart: alarm repository returns preserved offset and detail preference from the DB
00:14 +286: /Users/ejunpark/.codex/worktrees/1f98bd1e-95ca-4396-82c1-c34de41a8851/OnTime-front/test/data/repositories/profile_write_preservation_test.dart: alarm repository returns preserved offset and detail preference from the DB
00:14 +287: /Users/ejunpark/.codex/worktrees/1f98bd1e-95ca-4396-82c1-c34de41a8851/OnTime-front/test/data/repositories/profile_write_preservation_test.dart: alarm repository returns preserved offset and detail preference from the DB
00:14 +288: /Users/ejunpark/.codex/worktrees/1f98bd1e-95ca-4396-82c1-c34de41a8851/OnTime-front/test/data/repositories/schedule_aggregate_repository_test.dart: place fault rolls back the whole aggregate and same intent retries
00:14 +289: /Users/ejunpark/.codex/worktrees/1f98bd1e-95ca-4396-82c1-c34de41a8851/OnTime-front/test/data/repositories/schedule_aggregate_repository_test.dart: place fault rolls back the whole aggregate and same intent retries
00:14 +290: /Users/ejunpark/.codex/worktrees/1f98bd1e-95ca-4396-82c1-c34de41a8851/OnTime-front/test/data/repositories/profile_write_preservation_test.dart: spare time preserves preferences, scores and export metadata
00:14 +291: /Users/ejunpark/.codex/worktrees/1f98bd1e-95ca-4396-82c1-c34de41a8851/OnTime-front/test/data/repositories/schedule_aggregate_repository_test.dart: schedule fault rolls back the whole aggregate and same intent retries
00:14 +292: /Users/ejunpark/.codex/worktrees/1f98bd1e-95ca-4396-82c1-c34de41a8851/OnTime-front/test/data/repositories/schedule_aggregate_repository_test.dart: schedule fault rolls back the whole aggregate and same intent retries
00:14 +293: /Users/ejunpark/.codex/worktrees/1f98bd1e-95ca-4396-82c1-c34de41a8851/OnTime-front/test/data/repositories/profile_write_preservation_test.dart: same preferences and empty score reset are exact no-ops
00:14 +294: /Users/ejunpark/.codex/worktrees/1f98bd1e-95ca-4396-82c1-c34de41a8851/OnTime-front/test/data/repositories/schedule_aggregate_repository_test.dart: step fault rolls back the whole aggregate and same intent retries
00:14 +295: /Users/ejunpark/.codex/worktrees/1f98bd1e-95ca-4396-82c1-c34de41a8851/OnTime-front/test/data/repositories/profile_write_preservation_test.dart: finish and spare time changes retain both results with one revision each
00:14 +296: /Users/ejunpark/.codex/worktrees/1f98bd1e-95ca-4396-82c1-c34de41a8851/OnTime-front/test/data/repositories/schedule_aggregate_repository_test.dart: revision fault rolls back the whole aggregate and same intent retries
00:14 +297: /Users/ejunpark/.codex/worktrees/1f98bd1e-95ca-4396-82c1-c34de41a8851/OnTime-front/test/data/repositories/profile_write_preservation_test.dart: concurrent finishes count distinct schedules once and duplicate only once
00:14 +298: /Users/ejunpark/.codex/worktrees/1f98bd1e-95ca-4396-82c1-c34de41a8851/OnTime-front/test/data/repositories/profile_write_preservation_test.dart: concurrent finishes count distinct schedules once and duplicate only once
00:14 +299: /Users/ejunpark/.codex/worktrees/1f98bd1e-95ca-4396-82c1-c34de41a8851/OnTime-front/test/data/repositories/schedule_aggregate_repository_test.dart: concurrent and recreated repository lost receipt retry commit once
00:14 +300: /Users/ejunpark/.codex/worktrees/1f98bd1e-95ca-4396-82c1-c34de41a8851/OnTime-front/test/data/repositories/schedule_aggregate_repository_test.dart: concurrent and recreated repository lost receipt retry commit once
00:14 +301: /Users/ejunpark/.codex/worktrees/1f98bd1e-95ca-4396-82c1-c34de41a8851/OnTime-front/test/data/repositories/profile_write_preservation_test.dart: revision failure rolls back schedule result and score together
00:14 +302: /Users/ejunpark/.codex/worktrees/1f98bd1e-95ca-4396-82c1-c34de41a8851/OnTime-front/test/data/repositories/profile_write_preservation_test.dart: revision failure rolls back schedule result and score together
00:14 +303: /Users/ejunpark/.codex/worktrees/1f98bd1e-95ca-4396-82c1-c34de41a8851/OnTime-front/test/data/repositories/schedule_aggregate_repository_test.dart: semantic no-op preserves owned step IDs and revision
00:14 +304: /Users/ejunpark/.codex/worktrees/1f98bd1e-95ca-4396-82c1-c34de41a8851/OnTime-front/test/data/repositories/profile_write_preservation_test.dart: onboarding preparation and profile roll back if revision fails
00:14 +305: /Users/ejunpark/.codex/worktrees/1f98bd1e-95ca-4396-82c1-c34de41a8851/OnTime-front/test/data/repositories/schedule_aggregate_repository_test.dart: two edit drafts and value ABA conflict without using global revision
00:14 +306: /Users/ejunpark/.codex/worktrees/1f98bd1e-95ca-4396-82c1-c34de41a8851/OnTime-front/test/data/repositories/schedule_aggregate_repository_test.dart: two edit drafts and value ABA conflict without using global revision
00:14 +307: /Users/ejunpark/.codex/worktrees/1f98bd1e-95ca-4396-82c1-c34de41a8851/OnTime-front/test/data/repositories/schedule_aggregate_repository_test.dart: two edit drafts and value ABA conflict without using global revision
00:14 +308: /Users/ejunpark/.codex/worktrees/1f98bd1e-95ca-4396-82c1-c34de41a8851/OnTime-front/test/data/repositories/profile_write_preservation_test.dart: empty profile starts without a durable revision and creation is race safe
00:14 +309: /Users/ejunpark/.codex/worktrees/1f98bd1e-95ca-4396-82c1-c34de41a8851/OnTime-front/test/data/repositories/schedule_aggregate_repository_test.dart: deleted create retry and recreated same id reject old intent
00:14 +310: /Users/ejunpark/.codex/worktrees/1f98bd1e-95ca-4396-82c1-c34de41a8851/OnTime-front/test/data/repositories/profile_write_preservation_test.dart: raw revision update notifies DB watchers and failed profile write publishes no success
00:14 +311: /Users/ejunpark/.codex/worktrees/1f98bd1e-95ca-4396-82c1-c34de41a8851/OnTime-front/test/data/repositories/schedule_aggregate_repository_test.dart: new store same revision and fresh memory generation rejects old draft
00:14 +312: /Users/ejunpark/.codex/worktrees/1f98bd1e-95ca-4396-82c1-c34de41a8851/OnTime-front/test/data/repositories/schedule_aggregate_repository_test.dart: unrelated durable create conflict is explicit; reviewed new intent succeeds
00:14 +313: /Users/ejunpark/.codex/worktrees/1f98bd1e-95ca-4396-82c1-c34de41a8851/OnTime-front/test/data/repositories/schedule_aggregate_repository_test.dart: start between draft and commit conflicts and preserves protected fields
00:14 +314: /Users/ejunpark/.codex/worktrees/1f98bd1e-95ca-4396-82c1-c34de41a8851/OnTime-front/test/data/repositories/schedule_aggregate_repository_test.dart: same shared place label edit copies ownership
00:14 +315: /Users/ejunpark/.codex/worktrees/1f98bd1e-95ca-4396-82c1-c34de41a8851/OnTime-front/test/data/repositories/schedule_aggregate_repository_test.dart: invalid custom input is rejected atomically 0:00:00.000000
00:14 +316: /Users/ejunpark/.codex/worktrees/1f98bd1e-95ca-4396-82c1-c34de41a8851/OnTime-front/test/data/repositories/schedule_aggregate_repository_test.dart: invalid custom input is rejected atomically 0:01:59.000000
00:14 +317: /Users/ejunpark/.codex/worktrees/1f98bd1e-95ca-4396-82c1-c34de41a8851/OnTime-front/test/data/repositories/schedule_aggregate_repository_test.dart: create cannot inject outcome or frozen metadata
00:14 +318: /Users/ejunpark/.codex/worktrees/1f98bd1e-95ca-4396-82c1-c34de41a8851/OnTime-front/test/data/repositories/schedule_aggregate_repository_test.dart: recurring duplicate create has durable receipt and rejects changed input
00:14 +319: /Users/ejunpark/.codex/worktrees/1f98bd1e-95ca-4396-82c1-c34de41a8851/OnTime-front/test/data/repositories/schedule_aggregate_repository_test.dart: workflow failed delivery retry does not re-save and coalesces pending intent
00:14 +320: /Users/ejunpark/.codex/worktrees/1f98bd1e-95ca-4396-82c1-c34de41a8851/OnTime-front/test/data/data_sources/schedule_data_source_contract_test.dart: schedule local data source contract does not expose domain entities
00:14 +321: /Users/ejunpark/.codex/worktrees/1f98bd1e-95ca-4396-82c1-c34de41a8851/OnTime-front/test/data/data_sources/schedule_data_source_contract_test.dart: schedule local data source contract does not expose domain entities
00:14 +322: /Users/ejunpark/.codex/worktrees/1f98bd1e-95ca-4396-82c1-c34de41a8851/OnTime-front/test/data/repositories/schedule_aggregate_repository_test.dart: custom to default to template preserves reference sources and owned cleanup
00:14 +323: /Users/ejunpark/.codex/worktrees/1f98bd1e-95ca-4396-82c1-c34de41a8851/OnTime-front/test/data/repositories/schedule_aggregate_repository_test.dart: default fallback dependency ABA invalidates stale edit
00:14 +324: /Users/ejunpark/.codex/worktrees/1f98bd1e-95ca-4396-82c1-c34de41a8851/OnTime-front/test/data/repositories/schedule_aggregate_repository_test.dart: recurring preparation_definition_steps fault rolls back definitions series materialization and revision
00:15 +325: /Users/ejunpark/.codex/worktrees/1f98bd1e-95ca-4396-82c1-c34de41a8851/OnTime-front/test/data/data_sources/schedule_local_data_source_test.dart: creates and reads a schedule with its place
00:15 +326: /Users/ejunpark/.codex/worktrees/1f98bd1e-95ca-4396-82c1-c34de41a8851/OnTime-front/test/data/data_sources/schedule_local_data_source_test.dart: creates and reads a schedule with its place
00:15 +327: /Users/ejunpark/.codex/worktrees/1f98bd1e-95ca-4396-82c1-c34de41a8851/OnTime-front/test/data/data_sources/schedule_local_data_source_test.dart: creates and reads a schedule with its place
00:15 +328: /Users/ejunpark/.codex/worktrees/1f98bd1e-95ca-4396-82c1-c34de41a8851/OnTime-front/test/data/data_sources/schedule_local_data_source_test.dart: creates and reads a schedule with its place
00:15 +329: /Users/ejunpark/.codex/worktrees/1f98bd1e-95ca-4396-82c1-c34de41a8851/OnTime-front/test/data/data_sources/schedule_local_data_source_test.dart: creates and reads a schedule with its place
00:15 +330: /Users/ejunpark/.codex/worktrees/1f98bd1e-95ca-4396-82c1-c34de41a8851/OnTime-front/test/data/repositories/schedule_aggregate_repository_test.dart: semantic same following save does not split or increase revision
00:15 +331: /Users/ejunpark/.codex/worktrees/1f98bd1e-95ca-4396-82c1-c34de41a8851/OnTime-front/test/data/data_sources/schedule_local_data_source_test.dart: filters schedules by date range and updates schedule fields
00:15 +332: /Users/ejunpark/.codex/worktrees/1f98bd1e-95ca-4396-82c1-c34de41a8851/OnTime-front/test/data/repositories/schedule_aggregate_repository_test.dart: root receipt rejects dependency place mutation after following commit
00:15 +333: /Users/ejunpark/.codex/worktrees/1f98bd1e-95ca-4396-82c1-c34de41a8851/OnTime-front/test/data/repositories/schedule_aggregate_repository_test.dart: root receipt rejects dependency place mutation after following commit
00:15 +334: /Users/ejunpark/.codex/worktrees/1f98bd1e-95ca-4396-82c1-c34de41a8851/OnTime-front/test/data/data_sources/schedule_local_data_source_test.dart: deleteSchedule removes only the requested schedule
00:15 +335: /Users/ejunpark/.codex/worktrees/1f98bd1e-95ca-4396-82c1-c34de41a8851/OnTime-front/test/data/repositories/schedule_aggregate_repository_test.dart: custom step 0 insertion failure has no partial aggregate
00:15 +336: /Users/ejunpark/.codex/worktrees/1f98bd1e-95ca-4396-82c1-c34de41a8851/OnTime-front/test/data/repositories/schedule_aggregate_repository_test.dart: custom step 1 insertion failure has no partial aggregate
00:15 +337: /Users/ejunpark/.codex/worktrees/1f98bd1e-95ca-4396-82c1-c34de41a8851/OnTime-front/test/data/repositories/schedule_aggregate_repository_test.dart: custom step 2 insertion failure has no partial aggregate
00:15 +338: /Users/ejunpark/.codex/worktrees/1f98bd1e-95ca-4396-82c1-c34de41a8851/OnTime-front/test/data/repositories/schedule_aggregate_repository_test.dart: clock reaching preparation start protects unchanged database baseline
00:15 +339: /Users/ejunpark/.codex/worktrees/1f98bd1e-95ca-4396-82c1-c34de41a8851/OnTime-front/test/data/repositories/schedule_aggregate_repository_test.dart: recurring RecurringEditScope.occurrence preparation_definition_steps failure preserves prior complete series
00:15 +340: /Users/ejunpark/.codex/worktrees/1f98bd1e-95ca-4396-82c1-c34de41a8851/OnTime-front/test/data/repositories/schedule_aggregate_repository_test.dart: recurring RecurringEditScope.occurrence users failure preserves prior complete series
00:15 +341: /Users/ejunpark/.codex/worktrees/1f98bd1e-95ca-4396-82c1-c34de41a8851/OnTime-front/test/data/repositories/schedule_aggregate_repository_test.dart: recurring RecurringEditScope.following preparation_definition_steps failure preserves prior complete series
00:15 +342: /Users/ejunpark/.codex/worktrees/1f98bd1e-95ca-4396-82c1-c34de41a8851/OnTime-front/test/data/repositories/schedule_aggregate_repository_test.dart: recurring RecurringEditScope.following users failure preserves prior complete series
00:15 +343: /Users/ejunpark/.codex/worktrees/1f98bd1e-95ca-4396-82c1-c34de41a8851/OnTime-front/test/data/repositories/schedule_aggregate_repository_test.dart: recreated create receipt cannot validate old baseline even with reused mutation identity
00:15 +344: /Users/ejunpark/.codex/worktrees/1f98bd1e-95ca-4396-82c1-c34de41a8851/OnTime-front/test/data/repositories/schedule_aggregate_repository_test.dart: occurrence owned definition invalidates series root receipt dependency
00:15 +345: /Users/ejunpark/.codex/worktrees/1f98bd1e-95ca-4396-82c1-c34de41a8851/OnTime-front/test/data/repositories/schedule_aggregate_repository_test.dart: legacy persisted row withPlace=false cannot rewind identity version or receipt
00:15 +346: /Users/ejunpark/.codex/worktrees/1f98bd1e-95ca-4396-82c1-c34de41a8851/OnTime-front/test/data/repositories/schedule_aggregate_repository_test.dart: legacy persisted row withPlace=true cannot rewind identity version or receipt
00:15 +347: /Users/ejunpark/.codex/worktrees/1f98bd1e-95ca-4396-82c1-c34de41a8851/OnTime-front/test/data/data_sources/preparation_with_time_local_data_source_test.dart: savePreparation persists elapsed step state for a schedule
00:15 +348: /Users/ejunpark/.codex/worktrees/1f98bd1e-95ca-4396-82c1-c34de41a8851/OnTime-front/test/data/data_sources/preparation_with_time_local_data_source_test.dart: savePreparation persists preparation run action events
00:15 +349: /Users/ejunpark/.codex/worktrees/1f98bd1e-95ca-4396-82c1-c34de41a8851/OnTime-front/test/data/data_sources/preparation_with_time_local_data_source_test.dart: loadPreparation returns null for missing or corrupt snapshots
00:15 +350: /Users/ejunpark/.codex/worktrees/1f98bd1e-95ca-4396-82c1-c34de41a8851/OnTime-front/test/data/data_sources/preparation_with_time_local_data_source_test.dart: loadPreparation rejects unverifiable legacy snapshots
00:15 +351: /Users/ejunpark/.codex/worktrees/1f98bd1e-95ca-4396-82c1-c34de41a8851/OnTime-front/test/data/data_sources/preparation_with_time_local_data_source_test.dart: clearPreparation removes only the requested schedule snapshot
00:15 +352: /Users/ejunpark/.codex/worktrees/1f98bd1e-95ca-4396-82c1-c34de41a8851/OnTime-front/test/data/data_sources/preparation_with_time_local_data_source_test.dart: explicit malformed events and negative progress invalidate whole snapshot
00:15 +353: /Users/ejunpark/.codex/worktrees/1f98bd1e-95ca-4396-82c1-c34de41a8851/OnTime-front/test/data/data_sources/preparation_with_time_local_data_source_test.dart: TimedPreparationRepositoryImpl delegates cache lifecycle operations
00:15 +354: /Users/ejunpark/.codex/worktrees/1f98bd1e-95ca-4396-82c1-c34de41a8851/OnTime-front/test/data/data_sources/preparation_local_data_source_test.dart: creates and updates the default user preparation
00:16 +355: /Users/ejunpark/.codex/worktrees/1f98bd1e-95ca-4396-82c1-c34de41a8851/OnTime-front/test/data/data_sources/preparation_local_data_source_test.dart: creates, reads, updates, and deletes custom schedule preparation
00:16 +356: /Users/ejunpark/.codex/worktrees/1f98bd1e-95ca-4396-82c1-c34de41a8851/OnTime-front/test/data/data_sources/early_start_session_local_data_source_test.dart: saves and loads the early start timestamp per schedule
00:16 +357: /Users/ejunpark/.codex/worktrees/1f98bd1e-95ca-4396-82c1-c34de41a8851/OnTime-front/test/data/data_sources/early_start_session_local_data_source_test.dart: saves and loads the early start timestamp per schedule
00:16 +358: /Users/ejunpark/.codex/worktrees/1f98bd1e-95ca-4396-82c1-c34de41a8851/OnTime-front/test/data/data_sources/early_start_session_local_data_source_test.dart: returns null for missing, corrupt, and incomplete session payloads
00:16 +359: /Users/ejunpark/.codex/worktrees/1f98bd1e-95ca-4396-82c1-c34de41a8851/OnTime-front/test/data/data_sources/early_start_session_local_data_source_test.dart: clearSession removes only the requested schedule session
00:16 +360: /Users/ejunpark/.codex/worktrees/1f98bd1e-95ca-4396-82c1-c34de41a8851/OnTime-front/test/data/mappers/domain_persistence_mappers_test.dart: domain persistence mappers map schedules to and from database rows preserving stored fields
00:16 +361: /Users/ejunpark/.codex/worktrees/1f98bd1e-95ca-4396-82c1-c34de41a8851/OnTime-front/test/data/mappers/domain_persistence_mappers_test.dart: domain persistence mappers maps users to and from database rows preserving profile values
00:16 +362: /Users/ejunpark/.codex/worktrees/1f98bd1e-95ca-4396-82c1-c34de41a8851/OnTime-front/test/data/mappers/domain_persistence_mappers_test.dart: domain persistence mappers empty users cannot be converted to database rows
00:16 +363: /Users/ejunpark/.codex/worktrees/1f98bd1e-95ca-4396-82c1-c34de41a8851/OnTime-front/test/data/mappers/domain_persistence_mappers_test.dart: domain persistence mappers maps places and preparation steps to database rows
00:16 +364: /Users/ejunpark/.codex/worktrees/1f98bd1e-95ca-4396-82c1-c34de41a8851/OnTime-front/test/data/daos/user_dao_test.dart: createUser persists the user profile fields
00:16 +365: /Users/ejunpark/.codex/worktrees/1f98bd1e-95ca-4396-82c1-c34de41a8851/OnTime-front/test/data/daos/user_dao_test.dart: getUserById returns null for an unknown user
00:16 +366: /Users/ejunpark/.codex/worktrees/1f98bd1e-95ca-4396-82c1-c34de41a8851/OnTime-front/test/data/daos/user_dao_test.dart: getAllUsers returns all persisted users as domain entities
00:17 +367: /Users/ejunpark/.codex/worktrees/1f98bd1e-95ca-4396-82c1-c34de41a8851/OnTime-front/test/data/daos/preparation_user_dao_test.dart: createPreparationUser should insert preparation steps and link them as a linked list
00:17 +368: /Users/ejunpark/.codex/worktrees/1f98bd1e-95ca-4396-82c1-c34de41a8851/OnTime-front/test/data/daos/schedule_dao_test.dart: missing schedule has typed absence while database failure stays an error
00:17 +369: /Users/ejunpark/.codex/worktrees/1f98bd1e-95ca-4396-82c1-c34de41a8851/OnTime-front/test/data/daos/schedule_dao_test.dart: missing schedule has typed absence while database failure stays an error
00:17 +370: /Users/ejunpark/.codex/worktrees/1f98bd1e-95ca-4396-82c1-c34de41a8851/OnTime-front/test/data/daos/schedule_dao_test.dart: missing schedule has typed absence while database failure stays an error
00:17 +371: /Users/ejunpark/.codex/worktrees/1f98bd1e-95ca-4396-82c1-c34de41a8851/OnTime-front/test/data/daos/preparation_schedule_dao_test.dart: createPreparationUser should insert preparation steps and link them as a linked list
00:17 +372: /Users/ejunpark/.codex/worktrees/1f98bd1e-95ca-4396-82c1-c34de41a8851/OnTime-front/test/data/daos/preparation_schedule_dao_test.dart: createPreparationUser should insert preparation steps and link them as a linked list
00:17 +373: /Users/ejunpark/.codex/worktrees/1f98bd1e-95ca-4396-82c1-c34de41a8851/OnTime-front/test/data/daos/preparation_schedule_dao_test.dart: createPreparationUser should insert preparation steps and link them as a linked list
00:17 +374: /Users/ejunpark/.codex/worktrees/1f98bd1e-95ca-4396-82c1-c34de41a8851/OnTime-front/test/data/daos/preparation_schedule_dao_test.dart: createPreparationUser should insert preparation steps and link them as a linked list
00:17 +375: /Users/ejunpark/.codex/worktrees/1f98bd1e-95ca-4396-82c1-c34de41a8851/OnTime-front/test/data/daos/preparation_schedule_dao_test.dart: createPreparationUser should insert preparation steps and link them as a linked list
00:17 +376: /Users/ejunpark/.codex/worktrees/1f98bd1e-95ca-4396-82c1-c34de41a8851/OnTime-front/test/data/daos/preparation_schedule_dao_test.dart: createPreparationUser should insert preparation steps and link them as a linked list
00:17 +377: /Users/ejunpark/.codex/worktrees/1f98bd1e-95ca-4396-82c1-c34de41a8851/OnTime-front/test/data/daos/preparation_user_dao_test.dart: getPreparationStepById should throw when the preparation step does not exist
00:17 +378: /Users/ejunpark/.codex/worktrees/1f98bd1e-95ca-4396-82c1-c34de41a8851/OnTime-front/test/data/daos/schedule_dao_test.dart: createSchedule should insert a schedule into the database
00:17 +379: /Users/ejunpark/.codex/worktrees/1f98bd1e-95ca-4396-82c1-c34de41a8851/OnTime-front/test/data/daos/schedule_dao_test.dart: createSchedule should insert a schedule into the database
00:17 +380: /Users/ejunpark/.codex/worktrees/1f98bd1e-95ca-4396-82c1-c34de41a8851/OnTime-front/test/domain/recurrence/recurrence_engine_test.dart: monthly 31st counts real dates and skips short months
00:17 +381: /Users/ejunpark/.codex/worktrees/1f98bd1e-95ca-4396-82c1-c34de41a8851/OnTime-front/test/domain/recurrence/recurrence_engine_test.dart: monthly 31st counts real dates and skips short months
00:17 +382: /Users/ejunpark/.codex/worktrees/1f98bd1e-95ca-4396-82c1-c34de41a8851/OnTime-front/test/domain/recurrence/recurrence_engine_test.dart: monthly 31st counts real dates and skips short months
00:17 +383: /Users/ejunpark/.codex/worktrees/1f98bd1e-95ca-4396-82c1-c34de41a8851/OnTime-front/test/domain/recurrence/recurrence_engine_test.dart: monthly 31st counts real dates and skips short months
00:17 +384: /Users/ejunpark/.codex/worktrees/1f98bd1e-95ca-4396-82c1-c34de41a8851/OnTime-front/test/domain/recurrence/recurrence_engine_test.dart: monthly 31st counts real dates and skips short months
00:17 +385: /Users/ejunpark/.codex/worktrees/1f98bd1e-95ca-4396-82c1-c34de41a8851/OnTime-front/test/domain/recurrence/recurrence_engine_test.dart: monthly 31st counts real dates and skips short months
00:17 +386: /Users/ejunpark/.codex/worktrees/1f98bd1e-95ca-4396-82c1-c34de41a8851/OnTime-front/test/domain/recurrence/recurrence_engine_test.dart: monthly 31st counts real dates and skips short months
00:17 +387: /Users/ejunpark/.codex/worktrees/1f98bd1e-95ca-4396-82c1-c34de41a8851/OnTime-front/test/domain/recurrence/recurrence_engine_test.dart: monthly 31st counts real dates and skips short months
00:17 +388: /Users/ejunpark/.codex/worktrees/1f98bd1e-95ca-4396-82c1-c34de41a8851/OnTime-front/test/domain/recurrence/recurrence_engine_test.dart: monthly 31st counts real dates and skips short months
00:17 +389: /Users/ejunpark/.codex/worktrees/1f98bd1e-95ca-4396-82c1-c34de41a8851/OnTime-front/test/data/daos/schedule_dao_test.dart: getSchedulesByDate includes start date and excludes exact end date
00:17 +390: /Users/ejunpark/.codex/worktrees/1f98bd1e-95ca-4396-82c1-c34de41a8851/OnTime-front/test/data/daos/schedule_dao_test.dart: getSchedulesByDate includes start date and excludes exact end date
00:17 +391: /Users/ejunpark/.codex/worktrees/1f98bd1e-95ca-4396-82c1-c34de41a8851/OnTime-front/test/data/daos/schedule_dao_test.dart: getSchedulesByDate includes start date and excludes exact end date
00:17 +392: /Users/ejunpark/.codex/worktrees/1f98bd1e-95ca-4396-82c1-c34de41a8851/OnTime-front/test/data/daos/schedule_dao_test.dart: getSchedulesByDate includes start date and excludes exact end date
00:17 +393: /Users/ejunpark/.codex/worktrees/1f98bd1e-95ca-4396-82c1-c34de41a8851/OnTime-front/test/domain/recurrence/recurrence_engine_test.dart: fifth weekday skips missing months while last weekday does not
00:17 +394: /Users/ejunpark/.codex/worktrees/1f98bd1e-95ca-4396-82c1-c34de41a8851/OnTime-front/test/data/daos/preparation_schedule_dao_test.dart: schedule preparations getPreparationSchedulesByScheduleId orders three linked steps when rows are out of order
00:17 +395: /Users/ejunpark/.codex/worktrees/1f98bd1e-95ca-4396-82c1-c34de41a8851/OnTime-front/test/data/daos/preparation_schedule_dao_test.dart: schedule preparations getPreparationSchedulesByScheduleId orders three linked steps when rows are out of order
00:17 +396: /Users/ejunpark/.codex/worktrees/1f98bd1e-95ca-4396-82c1-c34de41a8851/OnTime-front/test/data/daos/preparation_schedule_dao_test.dart: schedule preparations getPreparationSchedulesByScheduleId orders three linked steps when rows are out of order
00:17 +397: /Users/ejunpark/.codex/worktrees/1f98bd1e-95ca-4396-82c1-c34de41a8851/OnTime-front/test/data/daos/preparation_schedule_dao_test.dart: schedule preparations getPreparationSchedulesByScheduleId orders three linked steps when rows are out of order
00:17 +398: /Users/ejunpark/.codex/worktrees/1f98bd1e-95ca-4396-82c1-c34de41a8851/OnTime-front/test/data/daos/schedule_dao_test.dart: getSchedulesByDate should return a list of schedules between [startDate] and [endDate]
00:17 +399: /Users/ejunpark/.codex/worktrees/1f98bd1e-95ca-4396-82c1-c34de41a8851/OnTime-front/test/domain/recurrence/recurrence_engine_test.dart: fall overlap requires an explicit first or second choice
00:17 +400: /Users/ejunpark/.codex/worktrees/1f98bd1e-95ca-4396-82c1-c34de41a8851/OnTime-front/test/data/daos/preparation_schedule_dao_test.dart: schedule preparations getPreparationSchedulesByScheduleId keeps remaining steps when a link is broken
00:17 +401: /Users/ejunpark/.codex/worktrees/1f98bd1e-95ca-4396-82c1-c34de41a8851/OnTime-front/test/data/daos/preparation_schedule_dao_test.dart: schedule preparations getPreparationSchedulesByScheduleId keeps remaining steps when a link is broken
00:17 +402: /Users/ejunpark/.codex/worktrees/1f98bd1e-95ca-4396-82c1-c34de41a8851/OnTime-front/test/data/daos/preparation_schedule_dao_test.dart: schedule preparations getPreparationSchedulesByScheduleId keeps remaining steps when a link is broken
00:17 +403: /Users/ejunpark/.codex/worktrees/1f98bd1e-95ca-4396-82c1-c34de41a8851/OnTime-front/test/data/daos/schedule_dao_test.dart: getSchedulesByDate should return a list of schedules later then [startDate] if [endDate] is null
00:17 +404: /Users/ejunpark/.codex/worktrees/1f98bd1e-95ca-4396-82c1-c34de41a8851/OnTime-front/test/data/daos/schedule_dao_test.dart: getSchedulesByDate should return a list of schedules later then [startDate] if [endDate] is null
00:17 +405: /Users/ejunpark/.codex/worktrees/1f98bd1e-95ca-4396-82c1-c34de41a8851/OnTime-front/test/data/daos/preparation_schedule_dao_test.dart: schedule preparations getPreparationSchedulesByScheduleId returns each step once when links form a cycle
00:17 +406: /Users/ejunpark/.codex/worktrees/1f98bd1e-95ca-4396-82c1-c34de41a8851/OnTime-front/test/data/daos/preparation_schedule_dao_test.dart: schedule preparations getPreparationSchedulesByScheduleId returns each step once when links form a cycle
00:17 +407: /Users/ejunpark/.codex/worktrees/1f98bd1e-95ca-4396-82c1-c34de41a8851/OnTime-front/test/data/daos/preparation_schedule_dao_test.dart: schedule preparations getPreparationStepById returns the stored step contract
00:17 +408: /Users/ejunpark/.codex/worktrees/1f98bd1e-95ca-4396-82c1-c34de41a8851/OnTime-front/test/data/daos/preparation_schedule_dao_test.dart: schedule preparations getPreparationStepById throws for a missing step
00:17 +409: /Users/ejunpark/.codex/worktrees/1f98bd1e-95ca-4396-82c1-c34de41a8851/OnTime-front/test/data/daos/preparation_schedule_dao_test.dart: schedule preparations updatePreparationSchedule changes name time and next pointer
00:17 +410: /Users/ejunpark/.codex/worktrees/1f98bd1e-95ca-4396-82c1-c34de41a8851/OnTime-front/test/data/daos/preparation_schedule_dao_test.dart: schedule preparations deletePreparationSchedule removes middle step and relinks neighbors
00:17 +411: /Users/ejunpark/.codex/worktrees/1f98bd1e-95ca-4396-82c1-c34de41a8851/OnTime-front/test/domain/use-cases/reconcile_alarms_use_case_test.dart: Android grant and revoke replace timing while preserving capacity and ownership
00:17 +412: /Users/ejunpark/.codex/worktrees/1f98bd1e-95ca-4396-82c1-c34de41a8851/OnTime-front/test/domain/use-cases/reconcile_alarms_use_case_test.dart: actual downgrade receipt is persisted instead of optimistic permission
00:17 +413: /Users/ejunpark/.codex/worktrees/1f98bd1e-95ca-4396-82c1-c34de41a8851/OnTime-front/test/domain/use-cases/reconcile_alarms_use_case_test.dart: legacy or malformed mode keeps ownership and forces Android replacement
00:17 +414: /Users/ejunpark/.codex/worktrees/1f98bd1e-95ca-4396-82c1-c34de41a8851/OnTime-front/test/domain/use-cases/reconcile_alarms_use_case_test.dart: timing change cannot overwrite a failed cancellation
00:17 +415: /Users/ejunpark/.codex/worktrees/1f98bd1e-95ca-4396-82c1-c34de41a8851/OnTime-front/test/domain/use-cases/reconcile_alarms_use_case_test.dart: display denial plus cancellation failure preserves OS ownership
00:17 +416: /Users/ejunpark/.codex/worktrees/1f98bd1e-95ca-4396-82c1-c34de41a8851/OnTime-front/test/domain/use-cases/reconcile_alarms_use_case_test.dart: requests the full future window and schedules only eligible records
00:17 +417: /Users/ejunpark/.codex/worktrees/1f98bd1e-95ca-4396-82c1-c34de41a8851/OnTime-front/test/domain/use-cases/reconcile_alarms_use_case_test.dart: skips a just-missed alarm instead of scheduling catch-up
00:17 +418: /Users/ejunpark/.codex/worktrees/1f98bd1e-95ca-4396-82c1-c34de41a8851/OnTime-front/test/domain/use-cases/reconcile_alarms_use_case_test.dart: clears an already armed just-missed alarm instead of scheduling catch-up
00:17 +419: /Users/ejunpark/.codex/worktrees/1f98bd1e-95ca-4396-82c1-c34de41a8851/OnTime-front/test/domain/use-cases/reconcile_alarms_use_case_test.dart: android schedule notifications arm beyond 24 hours
00:17 +420: /Users/ejunpark/.codex/worktrees/1f98bd1e-95ca-4396-82c1-c34de41a8851/OnTime-front/test/domain/use-cases/reconcile_alarms_use_case_test.dart: arms only the nearest 60 future alarms and reports the overflow
00:17 +421: /Users/ejunpark/.codex/worktrees/1f98bd1e-95ca-4396-82c1-c34de41a8851/OnTime-front/test/domain/use-cases/reconcile_alarms_use_case_test.dart: keeps alarm content private unless detailed content is enabled
00:17 +422: /Users/ejunpark/.codex/worktrees/1f98bd1e-95ca-4396-82c1-c34de41a8851/OnTime-front/test/domain/use-cases/reconcile_alarms_use_case_test.dart: replaces an existing detailed registration when details are disabled
00:17 +423: /Users/ejunpark/.codex/worktrees/1f98bd1e-95ca-4396-82c1-c34de41a8851/OnTime-front/test/domain/use-cases/reconcile_alarms_use_case_test.dart: does not report private armed or discard evidence when detailed cancellation fails
00:17 +424: /Users/ejunpark/.codex/worktrees/1f98bd1e-95ca-4396-82c1-c34de41a8851/OnTime-front/test/domain/use-cases/reconcile_alarms_use_case_test.dart: changes detailed titles but does not reschedule private title-only edits
00:17 +425: /Users/ejunpark/.codex/worktrees/1f98bd1e-95ca-4396-82c1-c34de41a8851/OnTime-front/test/domain/use-cases/reconcile_alarms_use_case_test.dart: reconciles locale and visible time zone using one content snapshot
00:18 +426: /Users/ejunpark/.codex/worktrees/1f98bd1e-95ca-4396-82c1-c34de41a8851/OnTime-front/test/domain/use-cases/reconcile_alarms_use_case_test.dart: legacy content metadata is replaced once and current persisted metadata is stable
00:18 +427: /Users/ejunpark/.codex/worktrees/1f98bd1e-95ca-4396-82c1-c34de41a8851/OnTime-front/test/domain/use-cases/reconcile_alarms_use_case_test.dart: cancellation failure survives restart, blocks only that ID and retries after recovery
00:18 +428: /Users/ejunpark/.codex/worktrees/1f98bd1e-95ca-4396-82c1-c34de41a8851/OnTime-front/test/domain/use-cases/reconcile_alarms_use_case_test.dart: private scheduling failure never restores details and retries next time
00:18 +429: /Users/ejunpark/.codex/worktrees/1f98bd1e-95ca-4396-82c1-c34de41a8851/OnTime-front/test/domain/use-cases/reconcile_alarms_use_case_test.dart: global disable retains failed cancellation instead of claiming disabled
00:18 +430: /Users/ejunpark/.codex/worktrees/1f98bd1e-95ca-4396-82c1-c34de41a8851/OnTime-front/test/domain/use-cases/reconcile_alarms_use_case_test.dart: cleans a past owned notification without re-emitting it or canceling other IDs
00:18 +431: /Users/ejunpark/.codex/worktrees/1f98bd1e-95ca-4396-82c1-c34de41a8851/OnTime-front/test/domain/use-cases/reconcile_alarms_use_case_test.dart: an already started preparation never receives a new start notification
00:18 +432: /Users/ejunpark/.codex/worktrees/1f98bd1e-95ca-4396-82c1-c34de41a8851/OnTime-front/test/domain/use-cases/reconcile_alarms_use_case_test.dart: iOS native privacy cancellation also preserves failed evidence and retries
00:18 +433: /Users/ejunpark/.codex/worktrees/1f98bd1e-95ca-4396-82c1-c34de41a8851/OnTime-front/test/domain/use-cases/reconcile_alarms_use_case_test.dart: overlapping requests each observe their requested pass
00:18 +434: /Users/ejunpark/.codex/worktrees/1f98bd1e-95ca-4396-82c1-c34de41a8851/OnTime-front/test/domain/use-cases/reconcile_alarms_use_case_test.dart: cancels stale record before rescheduling changed fingerprint
00:18 +435: /Users/ejunpark/.codex/worktrees/1f98bd1e-95ca-4396-82c1-c34de41a8851/OnTime-front/test/domain/use-cases/reconcile_alarms_use_case_test.dart: replaces matching Android native registry record with notification
00:18 +436: /Users/ejunpark/.codex/worktrees/1f98bd1e-95ca-4396-82c1-c34de41a8851/OnTime-front/test/domain/use-cases/reconcile_alarms_use_case_test.dart: keeps matching iOS fallback only when OS pending confirms it
00:18 +437: /Users/ejunpark/.codex/worktrees/1f98bd1e-95ca-4396-82c1-c34de41a8851/OnTime-front/test/domain/use-cases/reconcile_alarms_use_case_test.dart: reschedules stale record with old alarm launch payload version
00:18 +438: /Users/ejunpark/.codex/worktrees/1f98bd1e-95ca-4396-82c1-c34de41a8851/OnTime-front/test/domain/use-cases/reconcile_alarms_use_case_test.dart: uses local notification fallback when native alarms are unsupported
00:18 +439: /Users/ejunpark/.codex/worktrees/1f98bd1e-95ca-4396-82c1-c34de41a8851/OnTime-front/test/domain/use-cases/reconcile_alarms_use_case_test.dart: uses local notification fallback when exact alarm permission is denied
00:18 +440: /Users/ejunpark/.codex/worktrees/1f98bd1e-95ca-4396-82c1-c34de41a8851/OnTime-front/test/domain/use-cases/reconcile_alarms_use_case_test.dart: falls back to local notification when native scheduling fails
00:18 +441: /Users/ejunpark/.codex/worktrees/1f98bd1e-95ca-4396-82c1-c34de41a8851/OnTime-front/test/domain/use-cases/reconcile_alarms_use_case_test.dart: reports notification permission when only fallback delivery is denied
00:18 +442: /Users/ejunpark/.codex/worktrees/1f98bd1e-95ca-4396-82c1-c34de41a8851/OnTime-front/test/domain/use-cases/reconcile_alarms_use_case_test.dart: reports permissionNeeded when exact alarm and fallback permissions are denied
00:18 +443: /Users/ejunpark/.codex/worktrees/1f98bd1e-95ca-4396-82c1-c34de41a8851/OnTime-front/test/domain/use-cases/reconcile_alarms_use_case_test.dart: does not use notification fallback when fallback provider is disabled
00:18 +444: /Users/ejunpark/.codex/worktrees/1f98bd1e-95ca-4396-82c1-c34de41a8851/OnTime-front/test/domain/use-cases/reconcile_alarms_use_case_test.dart: settingsUnavailable reports without canceling existing registry
00:18 +445: /Users/ejunpark/.codex/worktrees/1f98bd1e-95ca-4396-82c1-c34de41a8851/OnTime-front/test/domain/use-cases/reconcile_alarms_use_case_test.dart: alarm window failure reports partial without throwing
00:18 +446: /Users/ejunpark/.codex/worktrees/1f98bd1e-95ca-4396-82c1-c34de41a8851/OnTime-front/test/domain/use-cases/reconcile_alarms_use_case_test.dart: global disabled cancels all local alarms and clears registry
00:18 +447: /Users/ejunpark/.codex/worktrees/1f98bd1e-95ca-4396-82c1-c34de41a8851/OnTime-front/test/domain/use-cases/reconcile_alarms_use_case_test.dart: reports partial when scheduling a desired notification fails
00:18 +448: /Users/ejunpark/.codex/worktrees/1f98bd1e-95ca-4396-82c1-c34de41a8851/OnTime-front/test/domain/use-cases/reconcile_alarms_use_case_test.dart: notification permission is reported when fallback notification is unavailable
00:18 +449: /Users/ejunpark/.codex/worktrees/1f98bd1e-95ca-4396-82c1-c34de41a8851/OnTime-front/test/domain/use-cases/reconcile_alarms_use_case_test.dart: fallback scheduling failures become permission or partial reports
00:18 +450: /Users/ejunpark/.codex/worktrees/1f98bd1e-95ca-4396-82c1-c34de41a8851/OnTime-front/test/domain/use-cases/reconcile_alarms_use_case_test.dart: fallback alarm scheduling exceptions without permission issue are partial failures
00:18 +451: /Users/ejunpark/.codex/worktrees/1f98bd1e-95ca-4396-82c1-c34de41a8851/OnTime-front/test/domain/use-cases/reconcile_alarms_use_case_test.dart: unsupported local providers return unsupported without throwing
00:18 +452: /Users/ejunpark/.codex/worktrees/1f98bd1e-95ca-4396-82c1-c34de41a8851/OnTime-front/test/domain/use-cases/reconcile_alarms_use_case_test.dart: permission check failures degrade to denied or unsupported states
00:18 +453: /Users/ejunpark/.codex/worktrees/1f98bd1e-95ca-4396-82c1-c34de41a8851/OnTime-front/test/domain/use-cases/reconcile_alarms_use_case_test.dart: cancel failures retain retry evidence without claiming armed
00:18 +454: /Users/ejunpark/.codex/worktrees/1f98bd1e-95ca-4396-82c1-c34de41a8851/OnTime-front/test/domain/use-cases/schedule_mutation_alarm_effects_coordinator_test.dart: created and updated schedules reconcile without targeted cancellation
00:18 +455: /Users/ejunpark/.codex/worktrees/1f98bd1e-95ca-4396-82c1-c34de41a8851/OnTime-front/test/domain/use-cases/schedule_mutation_alarm_effects_coordinator_test.dart: deleted and finished schedules accept reconciliation before awaiting cancellation
00:18 +456: /Users/ejunpark/.codex/worktrees/1f98bd1e-95ca-4396-82c1-c34de41a8851/OnTime-front/test/domain/use-cases/schedule_mutation_alarm_effects_coordinator_test.dart: reconciliation failures remain best-effort
00:18 +457: /Users/ejunpark/.codex/worktrees/1f98bd1e-95ca-4396-82c1-c34de41a8851/OnTime-front/test/domain/use-cases/get_nearest_upcoming_schedule_use_case_test.dart: swallows background week load failures before streaming cache
00:18 +458: /Users/ejunpark/.codex/worktrees/1f98bd1e-95ca-4396-82c1-c34de41a8851/OnTime-front/test/domain/use-cases/load_schedule_form_draft_use_case_test.dart: create draft uses default preparation, user spare time, generated ids, and seeded date
00:19 +459: /Users/ejunpark/.codex/worktrees/1f98bd1e-95ca-4396-82c1-c34de41a8851/OnTime-front/test/domain/use-cases/timed_preparation_use_cases_test.dart: SaveTimedPreparationUseCase stores a fingerprinted snapshot
00:19 +460: /Users/ejunpark/.codex/worktrees/1f98bd1e-95ca-4396-82c1-c34de41a8851/OnTime-front/test/domain/use-cases/timed_preparation_use_cases_test.dart: timed preparation read and clear use cases delegate by schedule id
00:19 +461: /Users/ejunpark/.codex/worktrees/1f98bd1e-95ca-4396-82c1-c34de41a8851/OnTime-front/test/domain/use-cases/timed_preparation_use_cases_test.dart: early start session use cases mark read and clear one schedule
00:19 +462: /Users/ejunpark/.codex/worktrees/1f98bd1e-95ca-4396-82c1-c34de41a8851/OnTime-front/test/domain/use-cases/timed_preparation_use_cases_test.dart: timed preparation snapshots copy changed cache fields
00:19 +463: /Users/ejunpark/.codex/worktrees/1f98bd1e-95ca-4396-82c1-c34de41a8851/OnTime-front/test/domain/use-cases/timed_preparation_use_cases_test.dart: LoadAdjacentScheduleWithPreparationUseCase loads each schedule prep
00:19 +464: /Users/ejunpark/.codex/worktrees/1f98bd1e-95ca-4396-82c1-c34de41a8851/OnTime-front/test/domain/use-cases/timed_preparation_use_cases_test.dart: GetPreparationByScheduleIdUseCase waits for matching cache entry
00:19 +465: /Users/ejunpark/.codex/worktrees/1f98bd1e-95ca-4396-82c1-c34de41a8851/OnTime-front/test/domain/use-cases/timed_preparation_use_cases_test.dart: preparation use cases delegate to repository with explicit arguments
00:19 +466: /Users/ejunpark/.codex/worktrees/1f98bd1e-95ca-4396-82c1-c34de41a8851/OnTime-front/test/domain/use-cases/timed_preparation_use_cases_test.dart: default and stream preparation use cases expose repository values
00:19 +467: /Users/ejunpark/.codex/worktrees/1f98bd1e-95ca-4396-82c1-c34de41a8851/OnTime-front/test/domain/use-cases/timed_preparation_use_cases_test.dart: GetNearestUpcomingScheduleUseCase loads prep for nearest active schedule
00:19 +468: /Users/ejunpark/.codex/worktrees/1f98bd1e-95ca-4396-82c1-c34de41a8851/OnTime-front/test/domain/use-cases/schedule_preparation_session_use_case_test.dart: pending callers share failure, then retry the same instance and timestamp
00:19 +469: /Users/ejunpark/.codex/worktrees/1f98bd1e-95ca-4396-82c1-c34de41a8851/OnTime-front/test/domain/use-cases/schedule_preparation_session_use_case_test.dart: snapshot failure is partial and retry preserves a newer skip projection
00:19 +470: /Users/ejunpark/.codex/worktrees/1f98bd1e-95ca-4396-82c1-c34de41a8851/OnTime-front/test/domain/use-cases/schedule_preparation_session_use_case_test.dart: replacement generation does not reuse an old flight or write old runtime
00:19 +471: /Users/ejunpark/.codex/worktrees/1f98bd1e-95ca-4396-82c1-c34de41a8851/OnTime-front/test/domain/use-cases/schedule_preparation_session_use_case_test.dart: marker failure keeps durable run and a bounded retry preserves its clock
00:19 +472: /Users/ejunpark/.codex/worktrees/1f98bd1e-95ca-4396-82c1-c34de41a8851/OnTime-front/test/domain/use-cases/schedule_preparation_session_use_case_test.dart: finish while start cleanup is pending cannot resurrect the run
00:19 +473: /Users/ejunpark/.codex/worktrees/1f98bd1e-95ca-4396-82c1-c34de41a8851/OnTime-front/test/domain/use-cases/schedule_preparation_session_use_case_test.dart: dispose detaches the shared listener without releasing in-flight ownership
00:19 +474: /Users/ejunpark/.codex/worktrees/1f98bd1e-95ca-4396-82c1-c34de41a8851/OnTime-front/test/domain/use-cases/schedule_preparation_session_use_case_test.dart: early start begins the schedule preparation session once and saves progress
00:19 +475: /Users/ejunpark/.codex/worktrees/1f98bd1e-95ca-4396-82c1-c34de41a8851/OnTime-front/test/domain/use-cases/schedule_preparation_session_use_case_test.dart: cancellation failure does not undo committed start or skip its snapshot
00:19 +476: /Users/ejunpark/.codex/worktrees/1f98bd1e-95ca-4396-82c1-c34de41a8851/OnTime-front/test/domain/use-cases/schedule_preparation_session_use_case_test.dart: cancellation failure after finish still clears completed runtime
00:19 +477: /Users/ejunpark/.codex/worktrees/1f98bd1e-95ca-4396-82c1-c34de41a8851/OnTime-front/test/domain/use-cases/schedule_preparation_session_use_case_test.dart: matching timed preparation snapshot restores elapsed session progress
00:19 +478: /Users/ejunpark/.codex/worktrees/1f98bd1e-95ca-4396-82c1-c34de41a8851/OnTime-front/test/domain/use-cases/schedule_preparation_session_use_case_test.dart: stale timed preparation snapshot clears persisted session state
00:19 +479: /Users/ejunpark/.codex/worktrees/1f98bd1e-95ca-4396-82c1-c34de41a8851/OnTime-front/test/domain/use-cases/schedule_preparation_session_use_case_test.dart: ended prompted schedule is rejected and scheduled delivery is cancelled
00:19 +480: /Users/ejunpark/.codex/worktrees/1f98bd1e-95ca-4396-82c1-c34de41a8851/OnTime-front/test/domain/use-cases/schedule_preparation_session_use_case_test.dart: valid prompted schedule loads preparation and returns ready schedule
00:19 +481: /Users/ejunpark/.codex/worktrees/1f98bd1e-95ca-4396-82c1-c34de41a8851/OnTime-front/test/domain/use-cases/schedule_preparation_session_use_case_test.dart: database failure retains both prompt kinds as unavailable
00:19 +482: /Users/ejunpark/.codex/worktrees/1f98bd1e-95ca-4396-82c1-c34de41a8851/OnTime-front/test/domain/use-cases/schedule_preparation_session_use_case_test.dart: BehaviorSubject replay resolves the loaded map and stream errors stay unavailable
00:19 +483: /Users/ejunpark/.codex/worktrees/1f98bd1e-95ca-4396-82c1-c34de41a8851/OnTime-front/test/domain/use-cases/schedule_preparation_session_use_case_test.dart: definitive missing is rejected without treating storage failure as missing
00:19 +484: /Users/ejunpark/.codex/worktrees/1f98bd1e-95ca-4396-82c1-c34de41a8851/OnTime-front/test/domain/use-cases/schedule_preparation_session_use_case_test.dart: finish completes the preparation session and clears scheduled delivery
00:19 +485: /Users/ejunpark/.codex/worktrees/1f98bd1e-95ca-4396-82c1-c34de41a8851/OnTime-front/test/domain/use-cases/local_data_workflows_test.dart: preclaim durable edit rejects without cleanup or generation change
00:20 +486: /Users/ejunpark/.codex/worktrees/1f98bd1e-95ca-4396-82c1-c34de41a8851/OnTime-front/test/domain/use-cases/local_data_workflows_test.dart: preclaim durable edit rejects without cleanup or generation change
00:20 +487: /Users/ejunpark/.codex/worktrees/1f98bd1e-95ca-4396-82c1-c34de41a8851/OnTime-front/test/domain/use-cases/local_data_workflows_test.dart: preclaim durable edit rejects without cleanup or generation change
00:20 +488: /Users/ejunpark/.codex/worktrees/1f98bd1e-95ca-4396-82c1-c34de41a8851/OnTime-front/test/domain/use-cases/local_data_workflows_test.dart: preclaim durable edit rejects without cleanup or generation change
00:20 +489: /Users/ejunpark/.codex/worktrees/1f98bd1e-95ca-4396-82c1-c34de41a8851/OnTime-front/test/domain/use-cases/local_data_workflows_test.dart: preclaim durable edit rejects without cleanup or generation change
00:20 +490: /Users/ejunpark/.codex/worktrees/1f98bd1e-95ca-4396-82c1-c34de41a8851/OnTime-front/test/domain/use-cases/local_data_workflows_test.dart: preclaim durable edit rejects without cleanup or generation change
00:20 +491: /Users/ejunpark/.codex/worktrees/1f98bd1e-95ca-4396-82c1-c34de41a8851/OnTime-front/test/domain/use-cases/local_data_workflows_test.dart: preclaim durable edit rejects without cleanup or generation change
00:20 +492: /Users/ejunpark/.codex/worktrees/1f98bd1e-95ca-4396-82c1-c34de41a8851/OnTime-front/test/domain/use-cases/local_data_workflows_test.dart: preclaim durable edit rejects without cleanup or generation change
00:20 +493: /Users/ejunpark/.codex/worktrees/1f98bd1e-95ca-4396-82c1-c34de41a8851/OnTime-front/test/domain/use-cases/local_data_workflows_test.dart: preclaim durable edit rejects without cleanup or generation change
00:20 +494: /Users/ejunpark/.codex/worktrees/1f98bd1e-95ca-4396-82c1-c34de41a8851/OnTime-front/test/domain/use-cases/local_data_workflows_test.dart: preclaim durable edit rejects without cleanup or generation change
00:20 +495: /Users/ejunpark/.codex/worktrees/1f98bd1e-95ca-4396-82c1-c34de41a8851/OnTime-front/test/domain/use-cases/local_data_workflows_test.dart: preclaim durable edit rejects without cleanup or generation change
00:20 +496: /Users/ejunpark/.codex/worktrees/1f98bd1e-95ca-4396-82c1-c34de41a8851/OnTime-front/test/domain/use-cases/recurring_alarm_integration_test.dart: actual create/update entrypoints rerun after snapshot and retain nearest 60 without materialize loop
00:20 +497: /Users/ejunpark/.codex/worktrees/1f98bd1e-95ca-4396-82c1-c34de41a8851/OnTime-front/test/domain/use-cases/recurring_alarm_integration_test.dart: actual create/update entrypoints rerun after snapshot and retain nearest 60 without materialize loop
00:20 +498: /Users/ejunpark/.codex/worktrees/1f98bd1e-95ca-4396-82c1-c34de41a8851/OnTime-front/test/domain/use-cases/recurring_alarm_integration_test.dart: actual create/update entrypoints rerun after snapshot and retain nearest 60 without materialize loop
00:20 +499: /Users/ejunpark/.codex/worktrees/1f98bd1e-95ca-4396-82c1-c34de41a8851/OnTime-front/test/domain/use-cases/recurring_alarm_integration_test.dart: actual create/update entrypoints rerun after snapshot and retain nearest 60 without materialize loop
00:20 +500: /Users/ejunpark/.codex/worktrees/1f98bd1e-95ca-4396-82c1-c34de41a8851/OnTime-front/test/domain/use-cases/recurring_alarm_integration_test.dart: actual create/update entrypoints rerun after snapshot and retain nearest 60 without materialize loop
00:20 +501: /Users/ejunpark/.codex/worktrees/1f98bd1e-95ca-4396-82c1-c34de41a8851/OnTime-front/test/domain/use-cases/recurring_alarm_integration_test.dart: actual create/update entrypoints rerun after snapshot and retain nearest 60 without materialize loop
00:20 +502: /Users/ejunpark/.codex/worktrees/1f98bd1e-95ca-4396-82c1-c34de41a8851/OnTime-front/test/domain/use-cases/recurring_alarm_integration_test.dart: actual create/update entrypoints rerun after snapshot and retain nearest 60 without materialize loop
00:21 +503: /Users/ejunpark/.codex/worktrees/1f98bd1e-95ca-4396-82c1-c34de41a8851/OnTime-front/test/domain/use-cases/local_data_workflows_test.dart: edit while cleanup awaits rejects transaction and exposes pending recovery
00:21 +504: /Users/ejunpark/.codex/worktrees/1f98bd1e-95ca-4396-82c1-c34de41a8851/OnTime-front/test/domain/use-cases/recurring_alarm_integration_test.dart: actual default and custom preparation commits request latest delivery timing
00:21 +505: /Users/ejunpark/.codex/worktrees/1f98bd1e-95ca-4396-82c1-c34de41a8851/OnTime-front/test/domain/use-cases/local_data_workflows_test.dart: same token shares full pending receipt and delivery retry never reapplies
00:21 +506: /Users/ejunpark/.codex/worktrees/1f98bd1e-95ca-4396-82c1-c34de41a8851/OnTime-front/test/domain/use-cases/recurring_alarm_integration_test.dart: two unbounded series share the nearest 60 alarms and survive reopening
00:21 +507: /Users/ejunpark/.codex/worktrees/1f98bd1e-95ca-4396-82c1-c34de41a8851/OnTime-front/test/domain/use-cases/local_data_workflows_test.dart: failed actual replacement transaction preserves data and retry commits once
00:21 +508: /Users/ejunpark/.codex/worktrees/1f98bd1e-95ca-4396-82c1-c34de41a8851/OnTime-front/test/domain/use-cases/recurring_alarm_integration_test.dart: deletion cancels one alarm, refills capacity and stays excluded
00:21 +509: /Users/ejunpark/.codex/worktrees/1f98bd1e-95ca-4396-82c1-c34de41a8851/OnTime-front/test/domain/use-cases/recurring_alarm_integration_test.dart: deletion cancels one alarm, refills capacity and stays excluded
00:21 +510: /Users/ejunpark/.codex/worktrees/1f98bd1e-95ca-4396-82c1-c34de41a8851/OnTime-front/test/domain/use-cases/recurring_alarm_integration_test.dart: deletion cancels one alarm, refills capacity and stays excluded
00:21 +511: /Users/ejunpark/.codex/worktrees/1f98bd1e-95ca-4396-82c1-c34de41a8851/OnTime-front/test/domain/use-cases/local_data_workflows_test.dart: claim generation survives a later replacement before continuation
00:21 +512: /Users/ejunpark/.codex/worktrees/1f98bd1e-95ca-4396-82c1-c34de41a8851/OnTime-front/test/domain/use-cases/local_data_workflows_test.dart: claim generation survives a later replacement before continuation
00:21 +513: /Users/ejunpark/.codex/worktrees/1f98bd1e-95ca-4396-82c1-c34de41a8851/OnTime-front/test/domain/use-cases/local_data_workflows_test.dart: claim generation survives a later replacement before continuation
00:21 +514: /Users/ejunpark/.codex/worktrees/1f98bd1e-95ca-4396-82c1-c34de41a8851/OnTime-front/test/domain/use-cases/local_data_workflows_test.dart: claim generation survives a later replacement before continuation
00:21 +515: /Users/ejunpark/.codex/worktrees/1f98bd1e-95ca-4396-82c1-c34de41a8851/OnTime-front/test/domain/use-cases/alarm_reconciliation_concurrency_test.dart: failure alone stops; a request from completion starts another pass
00:21 +516: /Users/ejunpark/.codex/worktrees/1f98bd1e-95ca-4396-82c1-c34de41a8851/OnTime-front/test/domain/use-cases/local_data_workflows_test.dart: old delayed retry cannot absorb a newer generation receipt
00:21 +517: /Users/ejunpark/.codex/worktrees/1f98bd1e-95ca-4396-82c1-c34de41a8851/OnTime-front/test/domain/use-cases/local_data_workflows_test.dart: old delayed retry cannot absorb a newer generation receipt
00:21 +518: /Users/ejunpark/.codex/worktrees/1f98bd1e-95ca-4396-82c1-c34de41a8851/OnTime-front/test/domain/use-cases/local_data_workflows_test.dart: old delayed retry cannot absorb a newer generation receipt
00:21 +519: /Users/ejunpark/.codex/worktrees/1f98bd1e-95ca-4396-82c1-c34de41a8851/OnTime-front/test/domain/use-cases/local_data_workflows_test.dart: old delayed retry cannot absorb a newer generation receipt
00:21 +520: /Users/ejunpark/.codex/worktrees/1f98bd1e-95ca-4396-82c1-c34de41a8851/OnTime-front/test/domain/use-cases/local_data_workflows_test.dart: old delayed retry cannot absorb a newer generation receipt
00:21 +521: /Users/ejunpark/.codex/worktrees/1f98bd1e-95ca-4396-82c1-c34de41a8851/OnTime-front/test/domain/use-cases/local_data_workflows_test.dart: old delayed retry cannot absorb a newer generation receipt
00:21 +522: /Users/ejunpark/.codex/worktrees/1f98bd1e-95ca-4396-82c1-c34de41a8851/OnTime-front/test/domain/use-cases/local_data_workflows_test.dart: old delayed retry cannot absorb a newer generation receipt
00:21 +523: /Users/ejunpark/.codex/worktrees/1f98bd1e-95ca-4396-82c1-c34de41a8851/OnTime-front/test/domain/use-cases/local_data_workflows_test.dart: old delayed retry cannot absorb a newer generation receipt
00:21 +524: /Users/ejunpark/.codex/worktrees/1f98bd1e-95ca-4396-82c1-c34de41a8851/OnTime-front/test/domain/use-cases/local_data_workflows_test.dart: old delayed retry cannot absorb a newer generation receipt
00:22 +525: /Users/ejunpark/.codex/worktrees/1f98bd1e-95ca-4396-82c1-c34de41a8851/OnTime-front/test/domain/use-cases/delivery_reconciliation_test.dart: lost ownership is not reported as armed or disabled: enabled=true
00:22 +526: /Users/ejunpark/.codex/worktrees/1f98bd1e-95ca-4396-82c1-c34de41a8851/OnTime-front/test/domain/use-cases/delivery_reconciliation_test.dart: lost ownership is not reported as armed or disabled: enabled=false
00:22 +527: /Users/ejunpark/.codex/worktrees/1f98bd1e-95ca-4396-82c1-c34de41a8851/OnTime-front/test/domain/use-cases/delivery_reconciliation_test.dart: write-ahead identity precedes native scheduling and a now-expired target is not replayed
00:22 +528: /Users/ejunpark/.codex/worktrees/1f98bd1e-95ca-4396-82c1-c34de41a8851/OnTime-front/test/domain/entities/schedule_notification_status_test.dart: only all successful exact receipts produce precise status
00:22 +529: /Users/ejunpark/.codex/worktrees/1f98bd1e-95ca-4396-82c1-c34de41a8851/OnTime-front/test/domain/entities/schedule_notification_status_test.dart: only all successful exact receipts produce precise status
00:22 +530: /Users/ejunpark/.codex/worktrees/1f98bd1e-95ca-4396-82c1-c34de41a8851/OnTime-front/test/domain/entities/schedule_notification_status_test.dart: only all successful exact receipts produce precise status
00:22 +531: /Users/ejunpark/.codex/worktrees/1f98bd1e-95ca-4396-82c1-c34de41a8851/OnTime-front/test/domain/use-cases/delivery_reconciliation_test.dart: empty registry with native query failure stays incomplete enabled=true
00:22 +532: /Users/ejunpark/.codex/worktrees/1f98bd1e-95ca-4396-82c1-c34de41a8851/OnTime-front/test/domain/use-cases/delivery_reconciliation_test.dart: empty registry with native query failure stays incomplete enabled=true
00:22 +533: /Users/ejunpark/.codex/worktrees/1f98bd1e-95ca-4396-82c1-c34de41a8851/OnTime-front/test/domain/entities/schedule_notification_status_test.dart: no future registrations never becomes precise from capability
00:22 +534: /Users/ejunpark/.codex/worktrees/1f98bd1e-95ca-4396-82c1-c34de41a8851/OnTime-front/test/domain/use-cases/delivery_reconciliation_test.dart: empty registry with native unmapped ID stays incomplete enabled=true
00:22 +535: /Users/ejunpark/.codex/worktrees/1f98bd1e-95ca-4396-82c1-c34de41a8851/OnTime-front/test/domain/entities/schedule_notification_status_test.dart: iOS alarm and notification language remains capability appropriate
00:22 +536: /Users/ejunpark/.codex/worktrees/1f98bd1e-95ca-4396-82c1-c34de41a8851/OnTime-front/test/domain/use-cases/delivery_reconciliation_test.dart: empty registry with native query failure stays incomplete enabled=false
00:22 +537: /Users/ejunpark/.codex/worktrees/1f98bd1e-95ca-4396-82c1-c34de41a8851/OnTime-front/test/domain/use-cases/delivery_reconciliation_test.dart: empty registry with native unmapped ID stays incomplete enabled=false
00:22 +538: /Users/ejunpark/.codex/worktrees/1f98bd1e-95ca-4396-82c1-c34de41a8851/OnTime-front/test/domain/use-cases/delivery_reconciliation_test.dart: native revoke and grant switch providers after cancelling the old registration
00:22 +539: /Users/ejunpark/.codex/worktrees/1f98bd1e-95ca-4396-82c1-c34de41a8851/OnTime-front/test/domain/use-cases/delivery_reconciliation_test.dart: unconfirmed provider cancellation blocks duplicate fallback, then retry converges
00:22 +540: /Users/ejunpark/.codex/worktrees/1f98bd1e-95ca-4396-82c1-c34de41a8851/OnTime-front/test/domain/use-cases/delivery_reconciliation_test.dart: OS pending loss repairs a future native reservation but never replays an elapsed one
00:22 +541: /Users/ejunpark/.codex/worktrees/1f98bd1e-95ca-4396-82c1-c34de41a8851/OnTime-front/test/domain/use-cases/delivery_reconciliation_test.dart: native query unknown retains ownership without treating absence or claiming success
00:22 +542: /Users/ejunpark/.codex/worktrees/1f98bd1e-95ca-4396-82c1-c34de41a8851/OnTime-front/test/domain/use-cases/delivery_reconciliation_test.dart: iOS notification OS loss repairs while successful query allows keeping the request
00:23 +543: /Users/ejunpark/.codex/worktrees/1f98bd1e-95ca-4396-82c1-c34de41a8851/OnTime-front/test/domain/use-cases/delivery_reconciliation_test.dart: Android cache presence causes same-ID reapplication rather than an OS survival claim
00:23 +544: /Users/ejunpark/.codex/worktrees/1f98bd1e-95ca-4396-82c1-c34de41a8851/OnTime-front/test/domain/use-cases/delivery_reconciliation_test.dart: failed post-schedule verification preserves ownership but excludes armed success
00:23 +545: /Users/ejunpark/.codex/worktrees/1f98bd1e-95ca-4396-82c1-c34de41a8851/OnTime-front/test/domain/use-cases/delivery_reconciliation_test.dart: OS query error after startup never becomes a healthy stored notification
00:23 +546: /Users/ejunpark/.codex/worktrees/1f98bd1e-95ca-4396-82c1-c34de41a8851/OnTime-front/test/domain/use-cases/delivery_reconciliation_test.dart: confirmed fallback orphans are targeted; unrelated and unknown ownership survive
00:23 +547: /Users/ejunpark/.codex/worktrees/1f98bd1e-95ca-4396-82c1-c34de41a8851/OnTime-front/test/domain/use-cases/delivery_reconciliation_test.dart: orphan cancellation failure persists its real platform ID and retries while disabled
00:23 +548: /Users/ejunpark/.codex/worktrees/1f98bd1e-95ca-4396-82c1-c34de41a8851/OnTime-front/test/domain/use-cases/delivery_reconciliation_test.dart: native failure uses only the actual fallback receipt after native cleanup
00:23 +549: /Users/ejunpark/.codex/worktrees/1f98bd1e-95ca-4396-82c1-c34de41a8851/OnTime-front/test/domain/use-cases/delivery_reconciliation_test.dart: failed native write cleanup forbids fallback and keeps cancellation identity
00:23 +550: /Users/ejunpark/.codex/worktrees/1f98bd1e-95ca-4396-82c1-c34de41a8851/OnTime-front/test/domain/entities/user_entity_test.dart: local profile derives punctuality from eligible outcomes
00:23 +551: /Users/ejunpark/.codex/worktrees/1f98bd1e-95ca-4396-82c1-c34de41a8851/OnTime-front/test/domain/entities/user_entity_test.dart: empty user exposes null convenience values
00:23 +552: /Users/ejunpark/.codex/worktrees/1f98bd1e-95ca-4396-82c1-c34de41a8851/OnTime-front/test/domain/entities/alarm_delivery_policy_test.dart: native grant uses the native alarm provider
00:23 +553: /Users/ejunpark/.codex/worktrees/1f98bd1e-95ca-4396-82c1-c34de41a8851/OnTime-front/test/domain/entities/alarm_delivery_policy_test.dart: native denial with granted fallback keeps delivery enabled without a blocking issue
00:23 +554: /Users/ejunpark/.codex/worktrees/1f98bd1e-95ca-4396-82c1-c34de41a8851/OnTime-front/test/domain/entities/alarm_delivery_policy_test.dart: native denial with denied fallback blocks delivery on native permission
00:23 +555: /Users/ejunpark/.codex/worktrees/1f98bd1e-95ca-4396-82c1-c34de41a8851/OnTime-front/test/domain/entities/alarm_delivery_policy_test.dart: unsupported native alarms use granted fallback delivery
00:23 +556: /Users/ejunpark/.codex/worktrees/1f98bd1e-95ca-4396-82c1-c34de41a8851/OnTime-front/test/domain/entities/alarm_delivery_policy_test.dart: all unavailable reports unsupported without disabling alarms
00:23 +557: /Users/ejunpark/.codex/worktrees/1f98bd1e-95ca-4396-82c1-c34de41a8851/OnTime-front/test/domain/entities/preparation_timing_entity_test.dart: Preparation timing entities orders linked preparation steps before timing conversion
00:23 +558: /Users/ejunpark/.codex/worktrees/1f98bd1e-95ca-4396-82c1-c34de41a8851/OnTime-front/test/domain/entities/preparation_timing_entity_test.dart: Preparation timing entities calculates left time before leave with explicit now
00:23 +559: /Users/ejunpark/.codex/worktrees/1f98bd1e-95ca-4396-82c1-c34de41a8851/OnTime-front/test/domain/entities/preparation_timing_entity_test.dart: Preparation timing entities reports late status after leave time has passed
00:23 +560: /Users/ejunpark/.codex/worktrees/1f98bd1e-95ca-4396-82c1-c34de41a8851/OnTime-front/test/domain/entities/preparation_timing_entity_test.dart: Preparation timing entities fast-forwards preparation steps for late entry
00:23 +561: /Users/ejunpark/.codex/worktrees/1f98bd1e-95ca-4396-82c1-c34de41a8851/OnTime-front/test/domain/entities/preparation_timing_entity_test.dart: Preparation timing entities single preparation step tracks elapsed time and diagnostics
00:23 +562: /Users/ejunpark/.codex/worktrees/1f98bd1e-95ca-4396-82c1-c34de41a8851/OnTime-front/test/domain/entities/preparation_timing_entity_test.dart: Preparation timing entities marks all steps done for very late entry inside schedule window
00:23 +563: /Users/ejunpark/.codex/worktrees/1f98bd1e-95ca-4396-82c1-c34de41a8851/OnTime-front/test/domain/entities/preparation_timing_entity_test.dart: Preparation timing entities reports display helpers for current and completed steps
00:23 +564: /Users/ejunpark/.codex/worktrees/1f98bd1e-95ca-4396-82c1-c34de41a8851/OnTime-front/test/domain/entities/preparation_timing_entity_test.dart: Preparation timing entities skipCurrentStep marks only the active step done
00:23 +565: /Users/ejunpark/.codex/worktrees/1f98bd1e-95ca-4396-82c1-c34de41a8851/OnTime-front/test/domain/entities/preparation_timing_entity_test.dart: Preparation timing entities completed and empty preparations expose safe display fallbacks
00:23 +566: /Users/ejunpark/.codex/worktrees/1f98bd1e-95ca-4396-82c1-c34de41a8851/OnTime-front/test/domain/entities/preparation_timing_entity_test.dart: Preparation timing entities cache fingerprint changes when preparation step name changes
00:23 +567: /Users/ejunpark/.codex/worktrees/1f98bd1e-95ca-4396-82c1-c34de41a8851/OnTime-front/test/domain/entities/preparation_timing_entity_test.dart: Preparation timing entities schedule with preparation derives start time and total duration
00:23 +568: /Users/ejunpark/.codex/worktrees/1f98bd1e-95ca-4396-82c1-c34de41a8851/OnTime-front/test/domain/entities/preparation_timing_entity_test.dart: Preparation timing entities combines a schedule entity with timed preparation preserving fields
00:23 +569: /Users/ejunpark/.codex/worktrees/1f98bd1e-95ca-4396-82c1-c34de41a8851/OnTime-front/test/domain/entities/preparation_timing_entity_test.dart: ScheduleEntity diagnostics string representation includes schedule identity for diagnostics
00:23 +570: /Users/ejunpark/.codex/worktrees/1f98bd1e-95ca-4396-82c1-c34de41a8851/OnTime-front/test/domain/entities/preparation_timing_entity_test.dart: ScheduleState timing helper durationUntilPreparationStartAt uses injected now deterministically
00:23 +571: /Users/ejunpark/.codex/worktrees/1f98bd1e-95ca-4396-82c1-c34de41a8851/OnTime-front/test/domain/entities/domain_entity_boundary_test.dart: domain entities do not import lower architectural layers
00:24 +572: /Users/ejunpark/.codex/worktrees/1f98bd1e-95ca-4396-82c1-c34de41a8851/OnTime-front/test/domain/entities/domain_entity_boundary_test.dart: domain entities do not expose persistence mapper methods
00:24 +573: /Users/ejunpark/.codex/worktrees/1f98bd1e-95ca-4396-82c1-c34de41a8851/OnTime-front/test/domain/entities/preparation_snapshot_validation_test.dart: identity separates timing, ordered shape, content and delimiters
00:24 +574: /Users/ejunpark/.codex/worktrees/1f98bd1e-95ca-4396-82c1-c34de41a8851/OnTime-front/test/domain/entities/preparation_snapshot_validation_test.dart: every identity-affecting edit invalidates progress without mutating data
00:24 +575: /Users/ejunpark/.codex/worktrees/1f98bd1e-95ca-4396-82c1-c34de41a8851/OnTime-front/test/domain/entities/preparation_snapshot_validation_test.dart: minimal progress hydrates names/durations from current source only
00:24 +576: /Users/ejunpark/.codex/worktrees/1f98bd1e-95ca-4396-82c1-c34de41a8851/OnTime-front/test/domain/entities/preparation_snapshot_validation_test.dart: legacy exact fingerprint additionally requires all step fields
00:24 +577: /Users/ejunpark/.codex/worktrees/1f98bd1e-95ca-4396-82c1-c34de41a8851/OnTime-front/test/domain/entities/preparation_snapshot_validation_test.dart: legacy launch becomes a minimal versioned route, never a start command
00:24 +578: /Users/ejunpark/.codex/worktrees/1f98bd1e-95ca-4396-82c1-c34de41a8851/OnTime-front/test/presentation/home/utils/today_tile_navigation_test.dart: Today tile navigation resolver returns early-start scheduleStart target in upcoming when schedule exists
00:24 +579: /Users/ejunpark/.codex/worktrees/1f98bd1e-95ca-4396-82c1-c34de41a8851/OnTime-front/test/presentation/home/utils/today_tile_navigation_test.dart: Today tile navigation resolver returns alarmScreen target in ongoing when schedule exists
00:24 +580: /Users/ejunpark/.codex/worktrees/1f98bd1e-95ca-4396-82c1-c34de41a8851/OnTime-front/test/presentation/home/utils/today_tile_navigation_test.dart: Today tile navigation resolver returns alarmScreen target in started when schedule exists
00:24 +581: /Users/ejunpark/.codex/worktrees/1f98bd1e-95ca-4396-82c1-c34de41a8851/OnTime-front/test/presentation/home/utils/today_tile_navigation_test.dart: Today tile navigation resolver returns null when no schedule exists
00:24 +582: /Users/ejunpark/.codex/worktrees/1f98bd1e-95ca-4396-82c1-c34de41a8851/OnTime-front/test/presentation/home/utils/today_tile_navigation_test.dart: Today tile navigation resolver returns null in initial and notExists
00:25 +583: /Users/ejunpark/.codex/worktrees/1f98bd1e-95ca-4396-82c1-c34de41a8851/OnTime-front/test/presentation/home/components/week_calendar_test.dart: firstDayOfWeek resolves to Monday for the selected week
00:25 +584: /Users/ejunpark/.codex/worktrees/1f98bd1e-95ca-4396-82c1-c34de41a8851/OnTime-front/test/presentation/home/components/week_calendar_test.dart: renders one week and reports the tapped date
00:25 +585: /Users/ejunpark/.codex/worktrees/1f98bd1e-95ca-4396-82c1-c34de41a8851/OnTime-front/test/presentation/home/components/week_calendar_test.dart: renders one week and reports the tapped date
00:25 +586: /Users/ejunpark/.codex/worktrees/1f98bd1e-95ca-4396-82c1-c34de41a8851/OnTime-front/test/presentation/home/components/week_calendar_test.dart: renders one week and reports the tapped date
00:25 +587: /Users/ejunpark/.codex/worktrees/1f98bd1e-95ca-4396-82c1-c34de41a8851/OnTime-front/test/presentation/home/components/week_calendar_test.dart: renders one week and reports the tapped date
00:25 +588: /Users/ejunpark/.codex/worktrees/1f98bd1e-95ca-4396-82c1-c34de41a8851/OnTime-front/test/presentation/home/components/week_calendar_test.dart: renders one week and reports the tapped date
00:25 +589: /Users/ejunpark/.codex/worktrees/1f98bd1e-95ca-4396-82c1-c34de41a8851/OnTime-front/test/presentation/home/components/week_calendar_test.dart: renders one week and reports the tapped date
00:25 +590: /Users/ejunpark/.codex/worktrees/1f98bd1e-95ca-4396-82c1-c34de41a8851/OnTime-front/test/presentation/home/components/week_calendar_test.dart: renders one week and reports the tapped date
00:25 +591: /Users/ejunpark/.codex/worktrees/1f98bd1e-95ca-4396-82c1-c34de41a8851/OnTime-front/test/presentation/home/screens/home_screen_tmp_test.dart: 430 portrait home fits actual font, schedule=false
00:25 +592: /Users/ejunpark/.codex/worktrees/1f98bd1e-95ca-4396-82c1-c34de41a8851/OnTime-front/test/presentation/home/screens/home_screen_tmp_test.dart: 430 portrait home fits actual font, schedule=false
00:25 +593: /Users/ejunpark/.codex/worktrees/1f98bd1e-95ca-4396-82c1-c34de41a8851/OnTime-front/test/presentation/home/screens/home_screen_tmp_test.dart: 430 portrait home fits actual font, schedule=false
00:25 +594: /Users/ejunpark/.codex/worktrees/1f98bd1e-95ca-4396-82c1-c34de41a8851/OnTime-front/test/presentation/home/screens/home_screen_tmp_test.dart: 430 portrait home fits actual font, schedule=false
00:25 +595: /Users/ejunpark/.codex/worktrees/1f98bd1e-95ca-4396-82c1-c34de41a8851/OnTime-front/test/presentation/home/screens/home_screen_tmp_test.dart: 430 portrait home fits actual font, schedule=false
00:25 +596: /Users/ejunpark/.codex/worktrees/1f98bd1e-95ca-4396-82c1-c34de41a8851/OnTime-front/test/presentation/home/screens/home_screen_tmp_test.dart: 430 portrait home fits actual font, schedule=false
00:25 +597: /Users/ejunpark/.codex/worktrees/1f98bd1e-95ca-4396-82c1-c34de41a8851/OnTime-front/test/presentation/home/screens/home_screen_tmp_test.dart: 430 portrait home fits actual font, schedule=false
00:25 +598: /Users/ejunpark/.codex/worktrees/1f98bd1e-95ca-4396-82c1-c34de41a8851/OnTime-front/test/presentation/home/screens/home_screen_tmp_test.dart: 430 portrait home fits actual font, schedule=false
00:25 +599: /Users/ejunpark/.codex/worktrees/1f98bd1e-95ca-4396-82c1-c34de41a8851/OnTime-front/test/presentation/home/screens/home_screen_tmp_test.dart: 430 portrait home fits actual font, schedule=false
00:25 +600: /Users/ejunpark/.codex/worktrees/1f98bd1e-95ca-4396-82c1-c34de41a8851/OnTime-front/test/presentation/home/screens/home_screen_tmp_test.dart: 430 portrait home fits actual font, schedule=false
00:26 +601: /Users/ejunpark/.codex/worktrees/1f98bd1e-95ca-4396-82c1-c34de41a8851/OnTime-front/test/presentation/home/components/month_calendar_test.dart: selecting a day reports the selected calendar date
00:26 +602: /Users/ejunpark/.codex/worktrees/1f98bd1e-95ca-4396-82c1-c34de41a8851/OnTime-front/test/presentation/home/screens/home_screen_tmp_test.dart: 430 portrait home fits actual font, schedule=true
00:26 +603: /Users/ejunpark/.codex/worktrees/1f98bd1e-95ca-4396-82c1-c34de41a8851/OnTime-front/test/presentation/home/screens/home_screen_tmp_test.dart: 430 portrait home fits actual font, schedule=true
00:26 +604: /Users/ejunpark/.codex/worktrees/1f98bd1e-95ca-4396-82c1-c34de41a8851/OnTime-front/test/presentation/home/components/month_calendar_test.dart: compact height clamps calendar rows without overflow
00:26 +605: /Users/ejunpark/.codex/worktrees/1f98bd1e-95ca-4396-82c1-c34de41a8851/OnTime-front/test/presentation/home/screens/home_screen_tmp_test.dart: 430 home last calendar day and primary routes remain tappable
00:26 +606: /Users/ejunpark/.codex/worktrees/1f98bd1e-95ca-4396-82c1-c34de41a8851/OnTime-front/test/presentation/home/screens/home_screen_tmp_test.dart: 430 home last calendar day and primary routes remain tappable
00:26 +607: /Users/ejunpark/.codex/worktrees/1f98bd1e-95ca-4396-82c1-c34de41a8851/OnTime-front/test/presentation/home/screens/home_screen_tmp_test.dart: 430 home last calendar day and primary routes remain tappable
00:26 +608: /Users/ejunpark/.codex/worktrees/1f98bd1e-95ca-4396-82c1-c34de41a8851/OnTime-front/test/presentation/home/screens/home_screen_tmp_test.dart: compact portrait home fits without scroll at 1.3 text scale
00:26 +609: /Users/ejunpark/.codex/worktrees/1f98bd1e-95ca-4396-82c1-c34de41a8851/OnTime-front/test/presentation/home/screens/home_screen_tmp_test.dart: HomeScreenTmp subscribes monthly bloc for today
00:26 +610: /Users/ejunpark/.codex/worktrees/1f98bd1e-95ca-4396-82c1-c34de41a8851/OnTime-front/test/presentation/home/screens/home_screen_tmp_test.dart: compact portrait home fits when today schedule exists
00:27 +611: /Users/ejunpark/.codex/worktrees/1f98bd1e-95ca-4396-82c1-c34de41a8851/OnTime-front/test/presentation/calendar/component/schedule_detail_test.dart: expanded tile shows travel, preparation, spare in order
00:27 +612: /Users/ejunpark/.codex/worktrees/1f98bd1e-95ca-4396-82c1-c34de41a8851/OnTime-front/test/presentation/calendar/component/schedule_detail_test.dart: expanded tile shows travel, preparation, spare in order
00:27 +613: /Users/ejunpark/.codex/worktrees/1f98bd1e-95ca-4396-82c1-c34de41a8851/OnTime-front/test/presentation/calendar/component/schedule_detail_test.dart: expanded tile shows travel, preparation, spare in order
00:27 +614: /Users/ejunpark/.codex/worktrees/1f98bd1e-95ca-4396-82c1-c34de41a8851/OnTime-front/test/presentation/calendar/component/schedule_detail_test.dart: expanded tile shows travel, preparation, spare in order
00:27 +615: /Users/ejunpark/.codex/worktrees/1f98bd1e-95ca-4396-82c1-c34de41a8851/OnTime-front/test/presentation/calendar/component/schedule_detail_test.dart: expanded tile shows travel, preparation, spare in order
00:27 +616: /Users/ejunpark/.codex/worktrees/1f98bd1e-95ca-4396-82c1-c34de41a8851/OnTime-front/test/presentation/calendar/component/schedule_detail_test.dart: expanded tile shows travel, preparation, spare in order
00:27 +617: /Users/ejunpark/.codex/worktrees/1f98bd1e-95ca-4396-82c1-c34de41a8851/OnTime-front/test/presentation/calendar/component/schedule_detail_test.dart: expanded tile shows travel, preparation, spare in order
00:27 +618: /Users/ejunpark/.codex/worktrees/1f98bd1e-95ca-4396-82c1-c34de41a8851/OnTime-front/test/presentation/calendar/component/schedule_detail_test.dart: expanded tile shows travel, preparation, spare in order
00:27 +619: /Users/ejunpark/.codex/worktrees/1f98bd1e-95ca-4396-82c1-c34de41a8851/OnTime-front/test/presentation/calendar/component/schedule_detail_test.dart: expanded tile shows travel, preparation, spare in order
00:27 +620: /Users/ejunpark/.codex/worktrees/1f98bd1e-95ca-4396-82c1-c34de41a8851/OnTime-front/test/presentation/calendar/component/schedule_detail_test.dart: expanded tile shows travel, preparation, spare in order
00:27 +621: /Users/ejunpark/.codex/worktrees/1f98bd1e-95ca-4396-82c1-c34de41a8851/OnTime-front/test/presentation/calendar/component/schedule_detail_test.dart: expanded tile shows travel, preparation, spare in order
00:27 +622: /Users/ejunpark/.codex/worktrees/1f98bd1e-95ca-4396-82c1-c34de41a8851/OnTime-front/test/presentation/calendar/component/schedule_detail_test.dart: expanded tile shows travel, preparation, spare in order
00:27 +623: /Users/ejunpark/.codex/worktrees/1f98bd1e-95ca-4396-82c1-c34de41a8851/OnTime-front/test/presentation/calendar/component/schedule_detail_test.dart: expanded tile shows travel, preparation, spare in order
00:27 +624: /Users/ejunpark/.codex/worktrees/1f98bd1e-95ca-4396-82c1-c34de41a8851/OnTime-front/test/presentation/calendar/component/schedule_detail_test.dart: expanded tile shows travel, preparation, spare in order
00:27 +625: /Users/ejunpark/.codex/worktrees/1f98bd1e-95ca-4396-82c1-c34de41a8851/OnTime-front/test/presentation/calendar/component/schedule_detail_test.dart: expanded tile shows travel, preparation, spare in order
00:27 +626: /Users/ejunpark/.codex/worktrees/1f98bd1e-95ca-4396-82c1-c34de41a8851/OnTime-front/test/presentation/calendar/component/schedule_detail_test.dart: expanded tile shows travel, preparation, spare in order
00:27 +627: /Users/ejunpark/.codex/worktrees/1f98bd1e-95ca-4396-82c1-c34de41a8851/OnTime-front/test/presentation/calendar/component/schedule_detail_test.dart: expanded tile shows travel, preparation, spare in order
00:27 +628: /Users/ejunpark/.codex/worktrees/1f98bd1e-95ca-4396-82c1-c34de41a8851/OnTime-front/test/presentation/calendar/component/schedule_detail_test.dart: expanded tile shows travel, preparation, spare in order
00:27 +629: /Users/ejunpark/.codex/worktrees/1f98bd1e-95ca-4396-82c1-c34de41a8851/OnTime-front/test/presentation/calendar/component/schedule_detail_test.dart: expanded tile shows travel, preparation, spare in order
00:27 +630: /Users/ejunpark/.codex/worktrees/1f98bd1e-95ca-4396-82c1-c34de41a8851/OnTime-front/test/presentation/calendar/component/schedule_detail_test.dart: expanded tile shows travel, preparation, spare in order
00:27 +631: /Users/ejunpark/.codex/worktrees/1f98bd1e-95ca-4396-82c1-c34de41a8851/OnTime-front/test/presentation/calendar/component/schedule_detail_test.dart: expanded tile shows travel, preparation, spare in order
00:27 +632: /Users/ejunpark/.codex/worktrees/1f98bd1e-95ca-4396-82c1-c34de41a8851/OnTime-front/test/presentation/calendar/component/schedule_detail_test.dart: expanded tile shows travel, preparation, spare in order
00:27 +633: /Users/ejunpark/.codex/worktrees/1f98bd1e-95ca-4396-82c1-c34de41a8851/OnTime-front/test/presentation/calendar/component/schedule_detail_test.dart: expanded tile shows travel, preparation, spare in order
00:27 +634: /Users/ejunpark/.codex/worktrees/1f98bd1e-95ca-4396-82c1-c34de41a8851/OnTime-front/test/presentation/calendar/component/schedule_detail_test.dart: expanded tile shows travel, preparation, spare in order
00:27 +635: /Users/ejunpark/.codex/worktrees/1f98bd1e-95ca-4396-82c1-c34de41a8851/OnTime-front/test/presentation/calendar/component/schedule_detail_test.dart: expanded tile shows travel, preparation, spare in order
00:27 +636: /Users/ejunpark/.codex/worktrees/1f98bd1e-95ca-4396-82c1-c34de41a8851/OnTime-front/test/presentation/calendar/component/schedule_detail_test.dart: expanded tile shows travel, preparation, spare in order
00:27 +637: /Users/ejunpark/.codex/worktrees/1f98bd1e-95ca-4396-82c1-c34de41a8851/OnTime-front/test/presentation/calendar/component/schedule_detail_test.dart: expanded tile shows travel, preparation, spare in order
00:27 +638: /Users/ejunpark/.codex/worktrees/1f98bd1e-95ca-4396-82c1-c34de41a8851/OnTime-front/test/presentation/calendar/screens/calendar_screen_test.dart: compact future empty state fits with add button
00:27 +639: /Users/ejunpark/.codex/worktrees/1f98bd1e-95ca-4396-82c1-c34de41a8851/OnTime-front/test/presentation/calendar/screens/calendar_screen_test.dart: compact future empty state fits with add button
00:27 +640: /Users/ejunpark/.codex/worktrees/1f98bd1e-95ca-4396-82c1-c34de41a8851/OnTime-front/test/presentation/calendar/screens/calendar_screen_test.dart: compact future empty state fits with add button
00:27 +641: /Users/ejunpark/.codex/worktrees/1f98bd1e-95ca-4396-82c1-c34de41a8851/OnTime-front/test/presentation/calendar/component/schedule_detail_test.dart: tile text updates when schedule fields change for same id
00:28 +642: /Users/ejunpark/.codex/worktrees/1f98bd1e-95ca-4396-82c1-c34de41a8851/OnTime-front/test/presentation/calendar/screens/calendar_screen_test.dart: short past empty state fits without add button
00:28 +643: /Users/ejunpark/.codex/worktrees/1f98bd1e-95ca-4396-82c1-c34de41a8851/OnTime-front/test/presentation/calendar/screens/calendar_screen_test.dart: short past empty state fits without add button
00:28 +644: /Users/ejunpark/.codex/worktrees/1f98bd1e-95ca-4396-82c1-c34de41a8851/OnTime-front/test/presentation/calendar/component/schedule_detail_test.dart: edit action is hidden after preparation start time
00:28 +645: /Users/ejunpark/.codex/worktrees/1f98bd1e-95ca-4396-82c1-c34de41a8851/OnTime-front/test/presentation/calendar/screens/calendar_screen_test.dart: compact selected day with schedules scrolls without overflow
00:28 +646: /Users/ejunpark/.codex/worktrees/1f98bd1e-95ca-4396-82c1-c34de41a8851/OnTime-front/test/presentation/calendar/screens/calendar_screen_test.dart: compact selected day with schedules scrolls without overflow
00:28 +647: /Users/ejunpark/.codex/worktrees/1f98bd1e-95ca-4396-82c1-c34de41a8851/OnTime-front/test/presentation/calendar/screens/calendar_screen_test.dart: compact selected day with schedules scrolls without overflow
00:28 +648: /Users/ejunpark/.codex/worktrees/1f98bd1e-95ca-4396-82c1-c34de41a8851/OnTime-front/test/presentation/calendar/screens/calendar_screen_test.dart: compact selected day with schedules scrolls without overflow
00:28 +649: /Users/ejunpark/.codex/worktrees/1f98bd1e-95ca-4396-82c1-c34de41a8851/OnTime-front/test/presentation/calendar/screens/calendar_screen_test.dart: compact selected day with schedules scrolls without overflow
00:28 +650: /Users/ejunpark/.codex/worktrees/1f98bd1e-95ca-4396-82c1-c34de41a8851/OnTime-front/test/presentation/calendar/screens/calendar_screen_test.dart: compact selected day with schedules scrolls without overflow
00:28 +651: /Users/ejunpark/.codex/worktrees/1f98bd1e-95ca-4396-82c1-c34de41a8851/OnTime-front/test/presentation/calendar/screens/calendar_screen_test.dart: compact selected day with schedules scrolls without overflow
00:28 +652: /Users/ejunpark/.codex/worktrees/1f98bd1e-95ca-4396-82c1-c34de41a8851/OnTime-front/test/presentation/calendar/screens/calendar_screen_test.dart: compact selected day with schedules scrolls without overflow
00:28 +653: /Users/ejunpark/.codex/worktrees/1f98bd1e-95ca-4396-82c1-c34de41a8851/OnTime-front/test/presentation/calendar/screens/calendar_screen_test.dart: compact selected day with schedules scrolls without overflow
00:28 +654: /Users/ejunpark/.codex/worktrees/1f98bd1e-95ca-4396-82c1-c34de41a8851/OnTime-front/test/presentation/calendar/screens/calendar_screen_test.dart: compact selected day with schedules scrolls without overflow
00:28 +655: /Users/ejunpark/.codex/worktrees/1f98bd1e-95ca-4396-82c1-c34de41a8851/OnTime-front/test/presentation/calendar/screens/calendar_screen_test.dart: compact selected day with schedules scrolls without overflow
00:28 +656: /Users/ejunpark/.codex/worktrees/1f98bd1e-95ca-4396-82c1-c34de41a8851/OnTime-front/test/presentation/calendar/screens/calendar_screen_test.dart: compact selected day with schedules scrolls without overflow
00:28 +657: /Users/ejunpark/.codex/worktrees/1f98bd1e-95ca-4396-82c1-c34de41a8851/OnTime-front/test/presentation/calendar/screens/calendar_screen_test.dart: compact selected day with schedules scrolls without overflow
00:28 +658: /Users/ejunpark/.codex/worktrees/1f98bd1e-95ca-4396-82c1-c34de41a8851/OnTime-front/test/presentation/calendar/screens/calendar_screen_test.dart: compact selected day with schedules scrolls without overflow
00:28 +659: /Users/ejunpark/.codex/worktrees/1f98bd1e-95ca-4396-82c1-c34de41a8851/OnTime-front/test/presentation/calendar/screens/calendar_screen_test.dart: compact selected day with schedules scrolls without overflow
00:28 +660: /Users/ejunpark/.codex/worktrees/1f98bd1e-95ca-4396-82c1-c34de41a8851/OnTime-front/test/presentation/calendar/screens/calendar_screen_test.dart: compact selected day with schedules scrolls without overflow
00:28 +661: /Users/ejunpark/.codex/worktrees/1f98bd1e-95ca-4396-82c1-c34de41a8851/OnTime-front/test/presentation/calendar/screens/calendar_screen_test.dart: compact selected day with schedules scrolls without overflow
00:28 +662: /Users/ejunpark/.codex/worktrees/1f98bd1e-95ca-4396-82c1-c34de41a8851/OnTime-front/test/presentation/calendar/screens/calendar_screen_test.dart: initial date before supported range is clamped to first month
00:28 +663: /Users/ejunpark/.codex/worktrees/1f98bd1e-95ca-4396-82c1-c34de41a8851/OnTime-front/test/presentation/calendar/screens/calendar_screen_test.dart: calendar header arrows move the visible month
00:28 +664: /Users/ejunpark/.codex/worktrees/1f98bd1e-95ca-4396-82c1-c34de41a8851/OnTime-front/test/presentation/calendar/screens/calendar_screen_test.dart: selecting another day updates the detail list for that day
00:28 +665: /Users/ejunpark/.codex/worktrees/1f98bd1e-95ca-4396-82c1-c34de41a8851/OnTime-front/test/presentation/calendar/screens/calendar_screen_test.dart: selecting another day updates the detail list for that day
00:28 +666: /Users/ejunpark/.codex/worktrees/1f98bd1e-95ca-4396-82c1-c34de41a8851/OnTime-front/test/presentation/calendar/screens/calendar_screen_test.dart: selecting another day updates the detail list for that day
00:28 +667: /Users/ejunpark/.codex/worktrees/1f98bd1e-95ca-4396-82c1-c34de41a8851/OnTime-front/test/presentation/calendar/screens/calendar_screen_test.dart: selecting another day updates the detail list for that day
00:28 +668: /Users/ejunpark/.codex/worktrees/1f98bd1e-95ca-4396-82c1-c34de41a8851/OnTime-front/test/presentation/calendar/screens/calendar_screen_test.dart: selecting another day updates the detail list for that day
00:28 +669: /Users/ejunpark/.codex/worktrees/1f98bd1e-95ca-4396-82c1-c34de41a8851/OnTime-front/test/presentation/calendar/screens/calendar_screen_test.dart: selecting another day updates the detail list for that day
00:28 +670: /Users/ejunpark/.codex/worktrees/1f98bd1e-95ca-4396-82c1-c34de41a8851/OnTime-front/test/presentation/calendar/screens/calendar_screen_test.dart: selecting another day updates the detail list for that day
00:29 +671: /Users/ejunpark/.codex/worktrees/1f98bd1e-95ca-4396-82c1-c34de41a8851/OnTime-front/test/presentation/app/bloc/schedule/preparation_step_delivery_test.dart: actual periodic refresh submits a fresh paused step once
00:29 +672: /Users/ejunpark/.codex/worktrees/1f98bd1e-95ca-4396-82c1-c34de41a8851/OnTime-front/test/presentation/app/bloc/schedule/preparation_step_delivery_test.dart: actual periodic refresh submits a fresh paused step once
00:29 +673: /Users/ejunpark/.codex/worktrees/1f98bd1e-95ca-4396-82c1-c34de41a8851/OnTime-front/test/presentation/calendar/screens/calendar_screen_test.dart: month load failures show calendar error state
00:29 +674: /Users/ejunpark/.codex/worktrees/1f98bd1e-95ca-4396-82c1-c34de41a8851/OnTime-front/test/presentation/calendar/screens/calendar_screen_test.dart: month load failures show calendar error state
00:29 +675: /Users/ejunpark/.codex/worktrees/1f98bd1e-95ca-4396-82c1-c34de41a8851/OnTime-front/test/presentation/app/bloc/schedule/preparation_step_delivery_test.dart: AppLifecycleState.resumed updates UI silently without later replay
00:29 +676: /Users/ejunpark/.codex/worktrees/1f98bd1e-95ca-4396-82c1-c34de41a8851/OnTime-front/test/presentation/calendar/screens/calendar_screen_test.dart: delete failure keeps calendar visible and shows error dialog
00:29 +677: /Users/ejunpark/.codex/worktrees/1f98bd1e-95ca-4396-82c1-c34de41a8851/OnTime-front/test/presentation/calendar/screens/calendar_screen_test.dart: delete failure keeps calendar visible and shows error dialog
00:29 +678: /Users/ejunpark/.codex/worktrees/1f98bd1e-95ca-4396-82c1-c34de41a8851/OnTime-front/test/presentation/calendar/screens/calendar_screen_test.dart: delete failure keeps calendar visible and shows error dialog
00:29 +679: /Users/ejunpark/.codex/worktrees/1f98bd1e-95ca-4396-82c1-c34de41a8851/OnTime-front/test/presentation/calendar/screens/calendar_screen_test.dart: delete failure keeps calendar visible and shows error dialog
00:29 +680: /Users/ejunpark/.codex/worktrees/1f98bd1e-95ca-4396-82c1-c34de41a8851/OnTime-front/test/presentation/calendar/screens/calendar_screen_test.dart: delete failure keeps calendar visible and shows error dialog
00:29 +681: /Users/ejunpark/.codex/worktrees/1f98bd1e-95ca-4396-82c1-c34de41a8851/OnTime-front/test/presentation/calendar/screens/calendar_screen_test.dart: delete failure keeps calendar visible and shows error dialog
00:29 +682: /Users/ejunpark/.codex/worktrees/1f98bd1e-95ca-4396-82c1-c34de41a8851/OnTime-front/test/presentation/calendar/screens/calendar_screen_test.dart: delete failure keeps calendar visible and shows error dialog
00:29 +683: /Users/ejunpark/.codex/worktrees/1f98bd1e-95ca-4396-82c1-c34de41a8851/OnTime-front/test/presentation/calendar/screens/calendar_screen_test.dart: delete failure keeps calendar visible and shows error dialog
00:29 +684: /Users/ejunpark/.codex/worktrees/1f98bd1e-95ca-4396-82c1-c34de41a8851/OnTime-front/test/presentation/calendar/screens/calendar_screen_test.dart: delete failure keeps calendar visible and shows error dialog
00:29 +685: /Users/ejunpark/.codex/worktrees/1f98bd1e-95ca-4396-82c1-c34de41a8851/OnTime-front/test/presentation/calendar/screens/calendar_screen_test.dart: delete failure keeps calendar visible and shows error dialog
00:29 +686: /Users/ejunpark/.codex/worktrees/1f98bd1e-95ca-4396-82c1-c34de41a8851/OnTime-front/test/presentation/calendar/screens/calendar_screen_test.dart: delete failure keeps calendar visible and shows error dialog
00:29 +687: /Users/ejunpark/.codex/worktrees/1f98bd1e-95ca-4396-82c1-c34de41a8851/OnTime-front/test/presentation/calendar/screens/calendar_screen_test.dart: delete failure keeps calendar visible and shows error dialog
00:29 +688: /Users/ejunpark/.codex/worktrees/1f98bd1e-95ca-4396-82c1-c34de41a8851/OnTime-front/test/presentation/calendar/screens/calendar_screen_test.dart: delete failure keeps calendar visible and shows error dialog
00:29 +689: /Users/ejunpark/.codex/worktrees/1f98bd1e-95ca-4396-82c1-c34de41a8851/OnTime-front/test/presentation/calendar/screens/calendar_screen_test.dart: delete failure keeps calendar visible and shows error dialog
00:29 +690: /Users/ejunpark/.codex/worktrees/1f98bd1e-95ca-4396-82c1-c34de41a8851/OnTime-front/test/presentation/calendar/screens/calendar_screen_test.dart: delete failure keeps calendar visible and shows error dialog
00:29 +691: /Users/ejunpark/.codex/worktrees/1f98bd1e-95ca-4396-82c1-c34de41a8851/OnTime-front/test/presentation/calendar/screens/calendar_screen_test.dart: delete failure keeps calendar visible and shows error dialog
00:29 +692: /Users/ejunpark/.codex/worktrees/1f98bd1e-95ca-4396-82c1-c34de41a8851/OnTime-front/test/presentation/calendar/screens/calendar_screen_test.dart: delete failure keeps calendar visible and shows error dialog
00:29 +693: /Users/ejunpark/.codex/worktrees/1f98bd1e-95ca-4396-82c1-c34de41a8851/OnTime-front/test/presentation/calendar/screens/calendar_screen_test.dart: delete failure keeps calendar visible and shows error dialog
00:29 +694: /Users/ejunpark/.codex/worktrees/1f98bd1e-95ca-4396-82c1-c34de41a8851/OnTime-front/test/presentation/calendar/screens/calendar_screen_test.dart: delete failure keeps calendar visible and shows error dialog
00:29 +695: /Users/ejunpark/.codex/worktrees/1f98bd1e-95ca-4396-82c1-c34de41a8851/OnTime-front/test/presentation/calendar/screens/calendar_screen_test.dart: delete failure keeps calendar visible and shows error dialog
00:29 +696: /Users/ejunpark/.codex/worktrees/1f98bd1e-95ca-4396-82c1-c34de41a8851/OnTime-front/test/presentation/calendar/screens/calendar_screen_test.dart: delete failure keeps calendar visible and shows error dialog
00:29 +697: /Users/ejunpark/.codex/worktrees/1f98bd1e-95ca-4396-82c1-c34de41a8851/OnTime-front/test/presentation/calendar/screens/calendar_screen_test.dart: delete failure keeps calendar visible and shows error dialog
00:29 +698: /Users/ejunpark/.codex/worktrees/1f98bd1e-95ca-4396-82c1-c34de41a8851/OnTime-front/test/presentation/calendar/screens/calendar_screen_test.dart: delete failure keeps calendar visible and shows error dialog
00:29 +699: /Users/ejunpark/.codex/worktrees/1f98bd1e-95ca-4396-82c1-c34de41a8851/OnTime-front/test/presentation/calendar/screens/calendar_screen_test.dart: delete failure keeps calendar visible and shows error dialog
00:29 +700: /Users/ejunpark/.codex/worktrees/1f98bd1e-95ca-4396-82c1-c34de41a8851/OnTime-front/test/presentation/calendar/screens/calendar_screen_test.dart: delete failure keeps calendar visible and shows error dialog
00:29 +701: /Users/ejunpark/.codex/worktrees/1f98bd1e-95ca-4396-82c1-c34de41a8851/OnTime-front/test/presentation/calendar/screens/calendar_screen_test.dart: delete failure keeps calendar visible and shows error dialog
00:29 +702: /Users/ejunpark/.codex/worktrees/1f98bd1e-95ca-4396-82c1-c34de41a8851/OnTime-front/test/presentation/calendar/screens/calendar_screen_test.dart: delete failure keeps calendar visible and shows error dialog
00:29 +703: /Users/ejunpark/.codex/worktrees/1f98bd1e-95ca-4396-82c1-c34de41a8851/OnTime-front/test/presentation/calendar/screens/calendar_screen_test.dart: delete failure keeps calendar visible and shows error dialog
00:29 +704: /Users/ejunpark/.codex/worktrees/1f98bd1e-95ca-4396-82c1-c34de41a8851/OnTime-front/test/presentation/calendar/screens/calendar_screen_test.dart: delete failure keeps calendar visible and shows error dialog
00:29 +705: /Users/ejunpark/.codex/worktrees/1f98bd1e-95ca-4396-82c1-c34de41a8851/OnTime-front/test/presentation/calendar/screens/calendar_screen_test.dart: delete failure keeps calendar visible and shows error dialog
00:29 +706: /Users/ejunpark/.codex/worktrees/1f98bd1e-95ca-4396-82c1-c34de41a8851/OnTime-front/test/presentation/calendar/screens/calendar_screen_test.dart: delete failure keeps calendar visible and shows error dialog
00:29 +707: /Users/ejunpark/.codex/worktrees/1f98bd1e-95ca-4396-82c1-c34de41a8851/OnTime-front/test/presentation/calendar/screens/calendar_screen_test.dart: delete failure keeps calendar visible and shows error dialog
00:29 +708: /Users/ejunpark/.codex/worktrees/1f98bd1e-95ca-4396-82c1-c34de41a8851/OnTime-front/test/presentation/calendar/screens/calendar_screen_test.dart: delete failure keeps calendar visible and shows error dialog
00:29 +709: /Users/ejunpark/.codex/worktrees/1f98bd1e-95ca-4396-82c1-c34de41a8851/OnTime-front/test/presentation/calendar/screens/calendar_screen_test.dart: delete failure keeps calendar visible and shows error dialog
00:29 +710: /Users/ejunpark/.codex/worktrees/1f98bd1e-95ca-4396-82c1-c34de41a8851/OnTime-front/test/presentation/calendar/screens/calendar_screen_test.dart: delete failure keeps calendar visible and shows error dialog
00:29 +711: /Users/ejunpark/.codex/worktrees/1f98bd1e-95ca-4396-82c1-c34de41a8851/OnTime-front/test/presentation/calendar/screens/calendar_screen_test.dart: delete failure keeps calendar visible and shows error dialog
00:29 +712: /Users/ejunpark/.codex/worktrees/1f98bd1e-95ca-4396-82c1-c34de41a8851/OnTime-front/test/presentation/calendar/screens/calendar_screen_test.dart: delete failure keeps calendar visible and shows error dialog
00:29 +713: /Users/ejunpark/.codex/worktrees/1f98bd1e-95ca-4396-82c1-c34de41a8851/OnTime-front/test/presentation/calendar/screens/calendar_screen_test.dart: delete failure keeps calendar visible and shows error dialog
00:29 +714: /Users/ejunpark/.codex/worktrees/1f98bd1e-95ca-4396-82c1-c34de41a8851/OnTime-front/test/presentation/calendar/screens/calendar_screen_test.dart: delete failure keeps calendar visible and shows error dialog
00:29 +715: /Users/ejunpark/.codex/worktrees/1f98bd1e-95ca-4396-82c1-c34de41a8851/OnTime-front/test/presentation/calendar/screens/calendar_screen_test.dart: delete failure keeps calendar visible and shows error dialog
00:29 +716: /Users/ejunpark/.codex/worktrees/1f98bd1e-95ca-4396-82c1-c34de41a8851/OnTime-front/test/presentation/calendar/screens/calendar_screen_test.dart: delete failure keeps calendar visible and shows error dialog
00:29 +717: /Users/ejunpark/.codex/worktrees/1f98bd1e-95ca-4396-82c1-c34de41a8851/OnTime-front/test/presentation/calendar/screens/calendar_screen_test.dart: delete failure keeps calendar visible and shows error dialog
00:29 +718: /Users/ejunpark/.codex/worktrees/1f98bd1e-95ca-4396-82c1-c34de41a8851/OnTime-front/test/presentation/calendar/screens/calendar_screen_test.dart: delete failure keeps calendar visible and shows error dialog
00:29 +719: /Users/ejunpark/.codex/worktrees/1f98bd1e-95ca-4396-82c1-c34de41a8851/OnTime-front/test/presentation/calendar/screens/calendar_screen_test.dart: delete failure keeps calendar visible and shows error dialog
00:29 +720: /Users/ejunpark/.codex/worktrees/1f98bd1e-95ca-4396-82c1-c34de41a8851/OnTime-front/test/presentation/calendar/screens/calendar_screen_test.dart: delete failure keeps calendar visible and shows error dialog
00:29 +721: /Users/ejunpark/.codex/worktrees/1f98bd1e-95ca-4396-82c1-c34de41a8851/OnTime-front/test/presentation/calendar/screens/calendar_screen_test.dart: delete failure keeps calendar visible and shows error dialog
00:29 +722: /Users/ejunpark/.codex/worktrees/1f98bd1e-95ca-4396-82c1-c34de41a8851/OnTime-front/test/presentation/calendar/screens/calendar_screen_test.dart: delete failure keeps calendar visible and shows error dialog
00:29 +723: /Users/ejunpark/.codex/worktrees/1f98bd1e-95ca-4396-82c1-c34de41a8851/OnTime-front/test/presentation/calendar/screens/calendar_screen_test.dart: delete failure keeps calendar visible and shows error dialog
00:29 +724: /Users/ejunpark/.codex/worktrees/1f98bd1e-95ca-4396-82c1-c34de41a8851/OnTime-front/test/presentation/app/bloc/schedule/schedule_bloc_test.dart: ScheduleBloc preparation runtime flow new upcoming schedule cancels old timer and tracks latest schedule
00:29 +725: /Users/ejunpark/.codex/worktrees/1f98bd1e-95ca-4396-82c1-c34de41a8851/OnTime-front/test/presentation/app/bloc/schedule/schedule_bloc_test.dart: ScheduleBloc preparation runtime flow new upcoming schedule cancels old timer and tracks latest schedule
00:29 +726: /Users/ejunpark/.codex/worktrees/1f98bd1e-95ca-4396-82c1-c34de41a8851/OnTime-front/test/presentation/app/bloc/schedule/schedule_bloc_test.dart: ScheduleBloc preparation runtime flow new upcoming schedule cancels old timer and tracks latest schedule
00:29 +727: /Users/ejunpark/.codex/worktrees/1f98bd1e-95ca-4396-82c1-c34de41a8851/OnTime-front/test/presentation/app/bloc/schedule/schedule_bloc_test.dart: ScheduleBloc preparation runtime flow new upcoming schedule cancels old timer and tracks latest schedule
00:29 +728: /Users/ejunpark/.codex/worktrees/1f98bd1e-95ca-4396-82c1-c34de41a8851/OnTime-front/test/presentation/app/bloc/schedule/schedule_bloc_test.dart: ScheduleBloc preparation runtime flow new upcoming schedule cancels old timer and tracks latest schedule
00:29 +729: /Users/ejunpark/.codex/worktrees/1f98bd1e-95ca-4396-82c1-c34de41a8851/OnTime-front/test/presentation/app/bloc/schedule/schedule_bloc_test.dart: ScheduleBloc preparation runtime flow new upcoming schedule cancels old timer and tracks latest schedule
00:29 +730: /Users/ejunpark/.codex/worktrees/1f98bd1e-95ca-4396-82c1-c34de41a8851/OnTime-front/test/presentation/app/bloc/schedule/schedule_bloc_test.dart: ScheduleBloc preparation runtime flow new upcoming schedule cancels old timer and tracks latest schedule
00:29 +731: /Users/ejunpark/.codex/worktrees/1f98bd1e-95ca-4396-82c1-c34de41a8851/OnTime-front/test/presentation/app/bloc/schedule/schedule_bloc_test.dart: ScheduleBloc preparation runtime flow early start from upcoming emits started and marks early session
00:29 +732: /Users/ejunpark/.codex/worktrees/1f98bd1e-95ca-4396-82c1-c34de41a8851/OnTime-front/test/presentation/app/bloc/schedule/schedule_bloc_test.dart: ScheduleBloc preparation runtime flow alarm launch start action keeps cached schedule on start prompt
00:29 +733: /Users/ejunpark/.codex/worktrees/1f98bd1e-95ca-4396-82c1-c34de41a8851/OnTime-front/test/presentation/app/bloc/schedule/schedule_bloc_test.dart: ScheduleBloc preparation runtime flow alarm launch start action keeps stale-fingerprint cached schedule on start prompt
00:29 +734: /Users/ejunpark/.codex/worktrees/1f98bd1e-95ca-4396-82c1-c34de41a8851/OnTime-front/test/presentation/app/bloc/schedule/schedule_bloc_test.dart: ScheduleBloc preparation runtime flow future upcoming schedule stops active preparation timer
00:30 +735: /Users/ejunpark/.codex/worktrees/1f98bd1e-95ca-4396-82c1-c34de41a8851/OnTime-front/test/presentation/app/bloc/schedule/schedule_bloc_test.dart: ScheduleBloc preparation runtime flow future upcoming schedule stops active preparation timer
00:30 +736: /Users/ejunpark/.codex/worktrees/1f98bd1e-95ca-4396-82c1-c34de41a8851/OnTime-front/test/presentation/app/bloc/schedule/schedule_bloc_test.dart: ScheduleBloc preparation runtime flow future upcoming schedule stops active preparation timer
00:30 +737: /Users/ejunpark/.codex/worktrees/1f98bd1e-95ca-4396-82c1-c34de41a8851/OnTime-front/test/presentation/app/bloc/schedule/schedule_bloc_test.dart: ScheduleBloc preparation runtime flow future upcoming schedule stops active preparation timer
00:30 +738: /Users/ejunpark/.codex/worktrees/1f98bd1e-95ca-4396-82c1-c34de41a8851/OnTime-front/test/presentation/app/bloc/schedule/schedule_bloc_test.dart: ScheduleBloc preparation runtime flow future upcoming schedule stops active preparation timer
00:30 +739: /Users/ejunpark/.codex/worktrees/1f98bd1e-95ca-4396-82c1-c34de41a8851/OnTime-front/test/presentation/app/bloc/schedule/schedule_bloc_test.dart: ScheduleBloc preparation runtime flow future upcoming schedule stops active preparation timer
00:31 +740: /Users/ejunpark/.codex/worktrees/1f98bd1e-95ca-4396-82c1-c34de41a8851/OnTime-front/test/presentation/app/bloc/schedule/schedule_bloc_test.dart: ScheduleBloc preparation runtime flow future upcoming schedule stops active preparation timer
00:31 +741: /Users/ejunpark/.codex/worktrees/1f98bd1e-95ca-4396-82c1-c34de41a8851/OnTime-front/test/presentation/app/bloc/schedule/schedule_bloc_test.dart: ScheduleBloc preparation runtime flow future upcoming schedule stops active preparation timer
00:31 +742: /Users/ejunpark/.codex/worktrees/1f98bd1e-95ca-4396-82c1-c34de41a8851/OnTime-front/test/presentation/app/bloc/schedule/schedule_bloc_test.dart: ScheduleBloc preparation runtime flow official start timer does not push scheduleStart when already early-started
00:31 +743: /Users/ejunpark/.codex/worktrees/1f98bd1e-95ca-4396-82c1-c34de41a8851/OnTime-front/test/presentation/app/bloc/schedule/schedule_bloc_test.dart: ScheduleBloc preparation runtime flow official start timer does not push scheduleStart when already early-started
00:31 +744: /Users/ejunpark/.codex/worktrees/1f98bd1e-95ca-4396-82c1-c34de41a8851/OnTime-front/test/presentation/app/bloc/schedule/schedule_bloc_test.dart: ScheduleBloc preparation runtime flow official start timer does not push scheduleStart when already early-started
00:31 +745: /Users/ejunpark/.codex/worktrees/1f98bd1e-95ca-4396-82c1-c34de41a8851/OnTime-front/test/presentation/app/bloc/schedule/schedule_bloc_test.dart: ScheduleBloc preparation runtime flow official start timer does not push scheduleStart when already early-started
00:31 +746: /Users/ejunpark/.codex/worktrees/1f98bd1e-95ca-4396-82c1-c34de41a8851/OnTime-front/test/presentation/app/bloc/schedule/schedule_bloc_test.dart: ScheduleBloc preparation runtime flow same schedule re-emission preserves started state when early-started
00:31 +747: /Users/ejunpark/.codex/worktrees/1f98bd1e-95ca-4396-82c1-c34de41a8851/OnTime-front/test/presentation/app/bloc/schedule/schedule_bloc_test.dart: ScheduleBloc preparation runtime flow finish clears timed preparation and early session state
00:31 +748: /Users/ejunpark/.codex/worktrees/1f98bd1e-95ca-4396-82c1-c34de41a8851/OnTime-front/test/presentation/app/bloc/schedule/schedule_bloc_test.dart: ScheduleBloc preparation runtime flow confirmation-required run stays stopped after prompt until explicit start
00:31 +749: /Users/ejunpark/.codex/worktrees/1f98bd1e-95ca-4396-82c1-c34de41a8851/OnTime-front/test/presentation/app/bloc/schedule/schedule_bloc_test.dart: ScheduleBloc preparation runtime flow mismatched fingerprint invalidates cached progress
00:31 +750: /Users/ejunpark/.codex/worktrees/1f98bd1e-95ca-4396-82c1-c34de41a8851/OnTime-front/test/presentation/app/bloc/schedule/schedule_bloc_test.dart: ScheduleBloc preparation runtime flow resume before official start when early session and snapshot exist
00:31 +751: /Users/ejunpark/.codex/worktrees/1f98bd1e-95ca-4396-82c1-c34de41a8851/OnTime-front/test/presentation/app/bloc/schedule/schedule_bloc_test.dart: ScheduleBloc preparation runtime flow resume before official start with only early session derives elapsed from session start
00:31 +752: /Users/ejunpark/.codex/worktrees/1f98bd1e-95ca-4396-82c1-c34de41a8851/OnTime-front/test/presentation/app/bloc/schedule/schedule_bloc_test.dart: ScheduleBloc preparation runtime flow remote alarm prompt loads schedule details and arms the prompt
00:31 +753: /Users/ejunpark/.codex/worktrees/1f98bd1e-95ca-4396-82c1-c34de41a8851/OnTime-front/test/presentation/app/bloc/schedule/schedule_bloc_test.dart: ScheduleBloc preparation runtime flow remote alarm prompt rejects ended schedules and clears their alarm
00:31 +754: /Users/ejunpark/.codex/worktrees/1f98bd1e-95ca-4396-82c1-c34de41a8851/OnTime-front/test/presentation/app/bloc/schedule/schedule_bloc_test.dart: ScheduleBloc preparation runtime flow remote alarm prompt rejects stale fingerprint unless it starts prep
00:31 +755: /Users/ejunpark/.codex/worktrees/1f98bd1e-95ca-4396-82c1-c34de41a8851/OnTime-front/test/presentation/app/bloc/schedule/schedule_bloc_test.dart: ScheduleBloc preparation runtime flow alarm prompt validation failure clears only non-start prompts
00:31 +756: /Users/ejunpark/.codex/worktrees/1f98bd1e-95ca-4396-82c1-c34de41a8851/OnTime-front/test/presentation/app/bloc/schedule/schedule_bloc_test.dart: ScheduleBloc preparation runtime flow finish failure keeps the active schedule visible
00:31 +757: /Users/ejunpark/.codex/worktrees/1f98bd1e-95ca-4396-82c1-c34de41a8851/OnTime-front/test/presentation/app/bloc/schedule/schedule_bloc_test.dart: schedule events expose equality props for bloc deduping
00:31 +758: loading /Users/ejunpark/.codex/worktrees/1f98bd1e-95ca-4396-82c1-c34de41a8851/OnTime-front/test/presentation/shared/utils/time_format_test.dart
00:32 +758: /Users/ejunpark/.codex/worktrees/1f98bd1e-95ca-4396-82c1-c34de41a8851/OnTime-front/test/presentation/shared/utils/time_format_test.dart: formatTime describes elapsed seconds in Korean units
00:32 +759: /Users/ejunpark/.codex/worktrees/1f98bd1e-95ca-4396-82c1-c34de41a8851/OnTime-front/test/presentation/shared/components/calendar/schedule_marker_builder_test.dart: hides schedule marker when the day is selected
00:32 +760: /Users/ejunpark/.codex/worktrees/1f98bd1e-95ca-4396-82c1-c34de41a8851/OnTime-front/test/presentation/shared/components/calendar/schedule_marker_builder_test.dart: hides schedule marker when the day is selected
00:32 +761: /Users/ejunpark/.codex/worktrees/1f98bd1e-95ca-4396-82c1-c34de41a8851/OnTime-front/test/presentation/shared/components/calendar/schedule_marker_builder_test.dart: hides schedule marker when the day is selected
00:32 +762: /Users/ejunpark/.codex/worktrees/1f98bd1e-95ca-4396-82c1-c34de41a8851/OnTime-front/test/presentation/shared/components/calendar/schedule_marker_builder_test.dart: hides schedule marker when the day is selected
00:32 +763: /Users/ejunpark/.codex/worktrees/1f98bd1e-95ca-4396-82c1-c34de41a8851/OnTime-front/test/presentation/shared/components/calendar/schedule_marker_builder_test.dart: uses the default marker when a scheduled day is not selected
00:32 +764: /Users/ejunpark/.codex/worktrees/1f98bd1e-95ca-4396-82c1-c34de41a8851/OnTime-front/test/presentation/shared/components/calendar/schedule_marker_builder_test.dart: uses the default empty-day behavior when there are no events
00:32 +765: /Users/ejunpark/.codex/worktrees/1f98bd1e-95ca-4396-82c1-c34de41a8851/OnTime-front/test/presentation/shared/components/custom_alert_dialog_test.dart: renders title, content, and actions with configured spacing
00:32 +766: /Users/ejunpark/.codex/worktrees/1f98bd1e-95ca-4396-82c1-c34de41a8851/OnTime-front/test/presentation/shared/components/two_button_delete_dialog_test.dart: delete dialog wrapper returns false on cancel
00:32 +767: /Users/ejunpark/.codex/worktrees/1f98bd1e-95ca-4396-82c1-c34de41a8851/OnTime-front/test/presentation/shared/components/two_button_delete_dialog_test.dart: delete dialog wrapper returns false on cancel
00:32 +768: /Users/ejunpark/.codex/worktrees/1f98bd1e-95ca-4396-82c1-c34de41a8851/OnTime-front/test/presentation/shared/components/two_button_delete_dialog_test.dart: delete dialog wrapper returns false on cancel
00:32 +769: /Users/ejunpark/.codex/worktrees/1f98bd1e-95ca-4396-82c1-c34de41a8851/OnTime-front/test/presentation/shared/components/two_button_delete_dialog_test.dart: delete dialog wrapper returns false on cancel
00:33 +770: /Users/ejunpark/.codex/worktrees/1f98bd1e-95ca-4396-82c1-c34de41a8851/OnTime-front/test/presentation/shared/components/two_button_delete_dialog_test.dart: delete dialog wrapper returns false on cancel
00:33 +771: /Users/ejunpark/.codex/worktrees/1f98bd1e-95ca-4396-82c1-c34de41a8851/OnTime-front/test/presentation/shared/components/two_button_delete_dialog_test.dart: delete dialog wrapper returns false on cancel
00:33 +772: /Users/ejunpark/.codex/worktrees/1f98bd1e-95ca-4396-82c1-c34de41a8851/OnTime-front/test/presentation/shared/components/two_button_delete_dialog_test.dart: delete dialog wrapper returns false on cancel
00:33 +773: /Users/ejunpark/.codex/worktrees/1f98bd1e-95ca-4396-82c1-c34de41a8851/OnTime-front/test/presentation/shared/components/cupertino_picker_modal_test.dart: minute picker saves the selected duration and disposes
00:33 +774: /Users/ejunpark/.codex/worktrees/1f98bd1e-95ca-4396-82c1-c34de41a8851/OnTime-front/test/presentation/shared/components/cupertino_picker_modal_test.dart: minute picker saves the selected duration and disposes
00:33 +775: /Users/ejunpark/.codex/worktrees/1f98bd1e-95ca-4396-82c1-c34de41a8851/OnTime-front/test/presentation/shared/components/cupertino_picker_modal_test.dart: minute picker cancel disposes without saving
00:33 +776: /Users/ejunpark/.codex/worktrees/1f98bd1e-95ca-4396-82c1-c34de41a8851/OnTime-front/test/presentation/shared/components/cupertino_picker_modal_test.dart: timer picker saves the initial timer duration
00:33 +777: /Users/ejunpark/.codex/worktrees/1f98bd1e-95ca-4396-82c1-c34de41a8851/OnTime-front/test/presentation/shared/arc_indicator_test.dart: ArcIndicator paints background and progress arcs without throwing
00:33 +778: /Users/ejunpark/.codex/worktrees/1f98bd1e-95ca-4396-82c1-c34de41a8851/OnTime-front/test/presentation/shared/components/modal_wide_button_test.dart: renders destructive fixed button text
00:33 +779: /Users/ejunpark/.codex/worktrees/1f98bd1e-95ca-4396-82c1-c34de41a8851/OnTime-front/test/presentation/shared/components/modal_wide_button_test.dart: renders destructive fixed button text
00:33 +780: /Users/ejunpark/.codex/worktrees/1f98bd1e-95ca-4396-82c1-c34de41a8851/OnTime-front/test/presentation/shared/components/modal_wide_button_test.dart: flex layout works in row without overflow
00:34 +781: /Users/ejunpark/.codex/worktrees/1f98bd1e-95ca-4396-82c1-c34de41a8851/OnTime-front/test/presentation/shared/theme/button_and_calendar_theme_test.dart: (setUpAll)
00:34 +781: /Users/ejunpark/.codex/worktrees/1f98bd1e-95ca-4396-82c1-c34de41a8851/OnTime-front/test/presentation/shared/theme/button_and_calendar_theme_test.dart: button styles resolve enabled and disabled visual contracts
00:34 +782: /Users/ejunpark/.codex/worktrees/1f98bd1e-95ca-4396-82c1-c34de41a8851/OnTime-front/test/presentation/shared/theme/button_and_calendar_theme_test.dart: calendar theme builds app calendar tokens and copies overrides
00:34 +783: /Users/ejunpark/.codex/worktrees/1f98bd1e-95ca-4396-82c1-c34de41a8851/OnTime-front/test/presentation/shared/theme/button_and_calendar_theme_test.dart: calendar theme can be derived from build context
00:34 +784: /Users/ejunpark/.codex/worktrees/1f98bd1e-95ca-4396-82c1-c34de41a8851/OnTime-front/test/presentation/shared/theme/button_and_calendar_theme_test.dart: calendar theme can be derived from build context
00:34 +785: /Users/ejunpark/.codex/worktrees/1f98bd1e-95ca-4396-82c1-c34de41a8851/OnTime-front/test/presentation/shared/theme/button_and_calendar_theme_test.dart: calendar theme can be derived from build context
00:34 +786: /Users/ejunpark/.codex/worktrees/1f98bd1e-95ca-4396-82c1-c34de41a8851/OnTime-front/test/presentation/shared/theme/button_and_calendar_theme_test.dart: (tearDownAll)
00:34 +786: /Users/ejunpark/.codex/worktrees/1f98bd1e-95ca-4396-82c1-c34de41a8851/OnTime-front/test/presentation/shared/router/app_route_transition_test.dart: standard app route fades and glides into place
00:34 +787: /Users/ejunpark/.codex/worktrees/1f98bd1e-95ca-4396-82c1-c34de41a8851/OnTime-front/test/presentation/shared/router/app_route_transition_test.dart: standard app route exits back toward its entry edge
00:34 +788: /Users/ejunpark/.codex/worktrees/1f98bd1e-95ca-4396-82c1-c34de41a8851/OnTime-front/test/presentation/shared/router/app_route_transition_test.dart: bottom navigation routes exit back toward their entry edge
00:35 +789: /Users/ejunpark/.codex/worktrees/1f98bd1e-95ca-4396-82c1-c34de41a8851/OnTime-front/test/presentation/shared/router/route_arguments_test.dart: calendar route arguments prefers DateTime extra and falls back to query parameters
00:35 +790: /Users/ejunpark/.codex/worktrees/1f98bd1e-95ca-4396-82c1-c34de41a8851/OnTime-front/test/presentation/shared/router/route_arguments_test.dart: calendar route arguments router does not throw for malformed calendar extras
00:35 +791: /Users/ejunpark/.codex/worktrees/1f98bd1e-95ca-4396-82c1-c34de41a8851/OnTime-front/test/presentation/shared/router/route_arguments_test.dart: calendar route arguments router does not throw for malformed calendar extras
00:35 +792: /Users/ejunpark/.codex/worktrees/1f98bd1e-95ca-4396-82c1-c34de41a8851/OnTime-front/test/presentation/shared/router/route_arguments_test.dart: calendar route arguments router does not throw for malformed calendar extras
00:35 +793: /Users/ejunpark/.codex/worktrees/1f98bd1e-95ca-4396-82c1-c34de41a8851/OnTime-front/test/presentation/shared/router/route_arguments_test.dart: calendar route arguments router does not throw for malformed calendar extras
00:35 +794: /Users/ejunpark/.codex/worktrees/1f98bd1e-95ca-4396-82c1-c34de41a8851/OnTime-front/test/presentation/shared/router/notification_launch_widget_test.dart: production router gates, exact target, dedupe and retap from old B at 390.0
00:35 +795: /Users/ejunpark/.codex/worktrees/1f98bd1e-95ca-4396-82c1-c34de41a8851/OnTime-front/test/presentation/shared/router/notification_launch_widget_test.dart: production router gates, exact target, dedupe and retap from old B at 390.0
00:35 +796: /Users/ejunpark/.codex/worktrees/1f98bd1e-95ca-4396-82c1-c34de41a8851/OnTime-front/test/presentation/shared/router/notification_launch_widget_test.dart: production router gates, exact target, dedupe and retap from old B at 390.0
00:35 +797: /Users/ejunpark/.codex/worktrees/1f98bd1e-95ca-4396-82c1-c34de41a8851/OnTime-front/test/presentation/shared/router/notification_launch_widget_test.dart: production router gates, exact target, dedupe and retap from old B at 390.0
00:35 +798: /Users/ejunpark/.codex/worktrees/1f98bd1e-95ca-4396-82c1-c34de41a8851/OnTime-front/test/presentation/shared/router/notification_launch_widget_test.dart: production router gates, exact target, dedupe and retap from old B at 390.0
00:35 +799: /Users/ejunpark/.codex/worktrees/1f98bd1e-95ca-4396-82c1-c34de41a8851/OnTime-front/test/presentation/shared/router/notification_launch_widget_test.dart: production router gates, exact target, dedupe and retap from old B at 390.0
00:35 +800: /Users/ejunpark/.codex/worktrees/1f98bd1e-95ca-4396-82c1-c34de41a8851/OnTime-front/test/presentation/shared/router/notification_launch_widget_test.dart: production router gates, exact target, dedupe and retap from old B at 390.0
00:35 +801: /Users/ejunpark/.codex/worktrees/1f98bd1e-95ca-4396-82c1-c34de41a8851/OnTime-front/test/presentation/shared/router/notification_launch_widget_test.dart: production router gates, exact target, dedupe and retap from old B at 390.0
00:35 +802: /Users/ejunpark/.codex/worktrees/1f98bd1e-95ca-4396-82c1-c34de41a8851/OnTime-front/test/presentation/shared/router/notification_launch_widget_test.dart: production router gates, exact target, dedupe and retap from old B at 390.0
00:35 +803: /Users/ejunpark/.codex/worktrees/1f98bd1e-95ca-4396-82c1-c34de41a8851/OnTime-front/test/presentation/shared/router/notification_launch_widget_test.dart: production router gates, exact target, dedupe and retap from old B at 390.0
00:36 +804: /Users/ejunpark/.codex/worktrees/1f98bd1e-95ca-4396-82c1-c34de41a8851/OnTime-front/test/presentation/shared/router/notification_launch_widget_test.dart: production router gates, exact target, dedupe and retap from old B at 390.0
00:36 +805: /Users/ejunpark/.codex/worktrees/1f98bd1e-95ca-4396-82c1-c34de41a8851/OnTime-front/test/presentation/shared/router/notification_launch_widget_test.dart: production router gates, exact target, dedupe and retap from old B at 390.0
00:36 +806: /Users/ejunpark/.codex/worktrees/1f98bd1e-95ca-4396-82c1-c34de41a8851/OnTime-front/test/presentation/shared/router/notification_launch_widget_test.dart: production router gates, exact target, dedupe and retap from old B at 390.0
00:36 +807: /Users/ejunpark/.codex/worktrees/1f98bd1e-95ca-4396-82c1-c34de41a8851/OnTime-front/test/presentation/shared/router/notification_launch_widget_test.dart: production router gates, exact target, dedupe and retap from old B at 390.0
00:36 +808: /Users/ejunpark/.codex/worktrees/1f98bd1e-95ca-4396-82c1-c34de41a8851/OnTime-front/test/presentation/shared/router/notification_launch_widget_test.dart: production router gates, exact target, dedupe and retap from old B at 390.0
00:36 +809: /Users/ejunpark/.codex/worktrees/1f98bd1e-95ca-4396-82c1-c34de41a8851/OnTime-front/test/presentation/shared/router/notification_launch_widget_test.dart: production router gates, exact target, dedupe and retap from old B at 390.0
00:36 +810: /Users/ejunpark/.codex/worktrees/1f98bd1e-95ca-4396-82c1-c34de41a8851/OnTime-front/test/presentation/shared/router/notification_launch_widget_test.dart: production router gates, exact target, dedupe and retap from old B at 390.0
00:36 +811: /Users/ejunpark/.codex/worktrees/1f98bd1e-95ca-4396-82c1-c34de41a8851/OnTime-front/test/presentation/shared/router/notification_launch_widget_test.dart: production router gates, exact target, dedupe and retap from old B at 390.0
00:37 +812: /Users/ejunpark/.codex/worktrees/1f98bd1e-95ca-4396-82c1-c34de41a8851/OnTime-front/test/presentation/my_page/preparation_spare_time_edit/preparation_spare_time_edit_screen_test.dart: keeps preparation edits mounted when spare time changes
00:37 +813: /Users/ejunpark/.codex/worktrees/1f98bd1e-95ca-4396-82c1-c34de41a8851/OnTime-front/test/presentation/my_page/my_page_screen_test.dart: Korean settings match the phone layout
00:37 +814: /Users/ejunpark/.codex/worktrees/1f98bd1e-95ca-4396-82c1-c34de41a8851/OnTime-front/test/presentation/my_page/my_page_screen_test.dart: Korean settings match the phone layout
00:37 +815: /Users/ejunpark/.codex/worktrees/1f98bd1e-95ca-4396-82c1-c34de41a8851/OnTime-front/test/presentation/my_page/my_page_screen_test.dart: Korean settings match the phone layout
00:37 +816: /Users/ejunpark/.codex/worktrees/1f98bd1e-95ca-4396-82c1-c34de41a8851/OnTime-front/test/presentation/my_page/my_page_screen_test.dart: Korean settings match the phone layout
00:37 +817: /Users/ejunpark/.codex/worktrees/1f98bd1e-95ca-4396-82c1-c34de41a8851/OnTime-front/test/presentation/my_page/my_page_screen_test.dart: Korean settings match the phone layout
00:37 +818: /Users/ejunpark/.codex/worktrees/1f98bd1e-95ca-4396-82c1-c34de41a8851/OnTime-front/test/presentation/my_page/my_page_screen_test.dart: Korean settings match the phone layout
00:37 +819: /Users/ejunpark/.codex/worktrees/1f98bd1e-95ca-4396-82c1-c34de41a8851/OnTime-front/test/presentation/my_page/my_page_screen_test.dart: Korean settings match the phone layout
00:37 +820: /Users/ejunpark/.codex/worktrees/1f98bd1e-95ca-4396-82c1-c34de41a8851/OnTime-front/test/presentation/my_page/my_page_screen_test.dart: Korean settings match the phone layout
00:37 +821: /Users/ejunpark/.codex/worktrees/1f98bd1e-95ca-4396-82c1-c34de41a8851/OnTime-front/test/presentation/my_page/my_data_export_test.dart: 암호화 백업 내보내기 password cancel disposes only after exit transition
00:38 +822: /Users/ejunpark/.codex/worktrees/1f98bd1e-95ca-4396-82c1-c34de41a8851/OnTime-front/test/presentation/my_page/my_data_export_test.dart: 암호화 백업 내보내기 password cancel disposes only after exit transition
00:38 +823: /Users/ejunpark/.codex/worktrees/1f98bd1e-95ca-4396-82c1-c34de41a8851/OnTime-front/test/presentation/shared/router/notification_launch_widget_test.dart: production router gates, exact target, dedupe and retap from old B at 430.0
00:38 +824: /Users/ejunpark/.codex/worktrees/1f98bd1e-95ca-4396-82c1-c34de41a8851/OnTime-front/test/presentation/shared/router/notification_launch_widget_test.dart: production router gates, exact target, dedupe and retap from old B at 430.0
00:38 +825: /Users/ejunpark/.codex/worktrees/1f98bd1e-95ca-4396-82c1-c34de41a8851/OnTime-front/test/presentation/shared/router/notification_launch_widget_test.dart: production router gates, exact target, dedupe and retap from old B at 430.0
00:38 +826: /Users/ejunpark/.codex/worktrees/1f98bd1e-95ca-4396-82c1-c34de41a8851/OnTime-front/test/presentation/shared/router/notification_launch_widget_test.dart: production router gates, exact target, dedupe and retap from old B at 430.0
00:38 +827: /Users/ejunpark/.codex/worktrees/1f98bd1e-95ca-4396-82c1-c34de41a8851/OnTime-front/test/presentation/shared/router/notification_launch_widget_test.dart: production router gates, exact target, dedupe and retap from old B at 430.0
00:38 +828: /Users/ejunpark/.codex/worktrees/1f98bd1e-95ca-4396-82c1-c34de41a8851/OnTime-front/test/presentation/my_page/my_data_restore_test.dart: validated preview cancellation never applies backup
00:38 +829: /Users/ejunpark/.codex/worktrees/1f98bd1e-95ca-4396-82c1-c34de41a8851/OnTime-front/test/presentation/my_page/my_data_restore_test.dart: validated preview cancellation never applies backup
00:38 +830: /Users/ejunpark/.codex/worktrees/1f98bd1e-95ca-4396-82c1-c34de41a8851/OnTime-front/test/presentation/my_page/my_data_restore_test.dart: validated preview cancellation never applies backup
00:38 +831: /Users/ejunpark/.codex/worktrees/1f98bd1e-95ca-4396-82c1-c34de41a8851/OnTime-front/test/presentation/my_page/my_data_restore_test.dart: validated preview cancellation never applies backup
00:38 +832: /Users/ejunpark/.codex/worktrees/1f98bd1e-95ca-4396-82c1-c34de41a8851/OnTime-front/test/presentation/my_page/my_data_restore_test.dart: validated preview cancellation never applies backup
00:38 +833: /Users/ejunpark/.codex/worktrees/1f98bd1e-95ca-4396-82c1-c34de41a8851/OnTime-front/test/presentation/my_page/my_data_restore_test.dart: validated preview cancellation never applies backup
00:38 +834: /Users/ejunpark/.codex/worktrees/1f98bd1e-95ca-4396-82c1-c34de41a8851/OnTime-front/test/presentation/my_page/my_data_restore_test.dart: validated preview cancellation never applies backup
00:39 +835: /Users/ejunpark/.codex/worktrees/1f98bd1e-95ca-4396-82c1-c34de41a8851/OnTime-front/test/presentation/my_page/my_data_restore_test.dart: validated preview cancellation never applies backup
00:39 +836: /Users/ejunpark/.codex/worktrees/1f98bd1e-95ca-4396-82c1-c34de41a8851/OnTime-front/test/presentation/my_page/my_data_restore_test.dart: validated preview cancellation never applies backup
00:39 +837: /Users/ejunpark/.codex/worktrees/1f98bd1e-95ca-4396-82c1-c34de41a8851/OnTime-front/test/presentation/my_page/my_data_restore_test.dart: validated preview cancellation never applies backup
00:39 +838: /Users/ejunpark/.codex/worktrees/1f98bd1e-95ca-4396-82c1-c34de41a8851/OnTime-front/test/presentation/my_page/my_data_restore_test.dart: validated preview cancellation never applies backup
00:39 +839: /Users/ejunpark/.codex/worktrees/1f98bd1e-95ca-4396-82c1-c34de41a8851/OnTime-front/test/presentation/my_page/my_data_restore_test.dart: validated preview cancellation never applies backup
00:39 +840: /Users/ejunpark/.codex/worktrees/1f98bd1e-95ca-4396-82c1-c34de41a8851/OnTime-front/test/presentation/my_page/my_data_restore_test.dart: validated preview cancellation never applies backup
00:39 +841: /Users/ejunpark/.codex/worktrees/1f98bd1e-95ca-4396-82c1-c34de41a8851/OnTime-front/test/presentation/my_page/my_data_restore_test.dart: validated preview cancellation never applies backup
00:39 +842: /Users/ejunpark/.codex/worktrees/1f98bd1e-95ca-4396-82c1-c34de41a8851/OnTime-front/test/presentation/my_page/my_data_restore_test.dart: validated preview cancellation never applies backup
00:39 +843: /Users/ejunpark/.codex/worktrees/1f98bd1e-95ca-4396-82c1-c34de41a8851/OnTime-front/test/presentation/my_page/my_data_restore_test.dart: validated preview cancellation never applies backup
00:39 +844: /Users/ejunpark/.codex/worktrees/1f98bd1e-95ca-4396-82c1-c34de41a8851/OnTime-front/test/presentation/my_page/my_data_restore_test.dart: validated preview cancellation never applies backup
00:39 +845: /Users/ejunpark/.codex/worktrees/1f98bd1e-95ca-4396-82c1-c34de41a8851/OnTime-front/test/presentation/my_page/my_data_restore_test.dart: validated preview cancellation never applies backup
00:39 +846: /Users/ejunpark/.codex/worktrees/1f98bd1e-95ca-4396-82c1-c34de41a8851/OnTime-front/test/presentation/my_page/my_data_restore_test.dart: validated preview cancellation never applies backup
00:39 +847: /Users/ejunpark/.codex/worktrees/1f98bd1e-95ca-4396-82c1-c34de41a8851/OnTime-front/test/presentation/my_page/my_data_restore_test.dart: validated preview cancellation never applies backup
00:39 +848: /Users/ejunpark/.codex/worktrees/1f98bd1e-95ca-4396-82c1-c34de41a8851/OnTime-front/test/presentation/my_page/my_data_restore_test.dart: validated preview cancellation never applies backup
00:39 +849: /Users/ejunpark/.codex/worktrees/1f98bd1e-95ca-4396-82c1-c34de41a8851/OnTime-front/test/presentation/my_page/my_data_restore_test.dart: validated preview cancellation never applies backup
00:39 +850: /Users/ejunpark/.codex/worktrees/1f98bd1e-95ca-4396-82c1-c34de41a8851/OnTime-front/test/presentation/my_page/my_data_restore_test.dart: validated preview cancellation never applies backup
00:39 +851: /Users/ejunpark/.codex/worktrees/1f98bd1e-95ca-4396-82c1-c34de41a8851/OnTime-front/test/presentation/my_page/my_data_restore_test.dart: validated preview cancellation never applies backup
00:39 +852: /Users/ejunpark/.codex/worktrees/1f98bd1e-95ca-4396-82c1-c34de41a8851/OnTime-front/test/presentation/my_page/my_data_restore_test.dart: validated preview cancellation never applies backup
00:39 +853: /Users/ejunpark/.codex/worktrees/1f98bd1e-95ca-4396-82c1-c34de41a8851/OnTime-front/test/presentation/my_page/my_data_restore_test.dart: validated preview cancellation never applies backup
00:39 +854: /Users/ejunpark/.codex/worktrees/1f98bd1e-95ca-4396-82c1-c34de41a8851/OnTime-front/test/presentation/my_page/my_data_restore_test.dart: validated preview cancellation never applies backup
00:39 +855: /Users/ejunpark/.codex/worktrees/1f98bd1e-95ca-4396-82c1-c34de41a8851/OnTime-front/test/presentation/my_page/my_page_screen_test.dart: restricted notification state can open system settings
00:39 +856: /Users/ejunpark/.codex/worktrees/1f98bd1e-95ca-4396-82c1-c34de41a8851/OnTime-front/test/presentation/my_page/my_data_restore_test.dart: picker cancel skips preview and leaves data untouched
00:40 +857: /Users/ejunpark/.codex/worktrees/1f98bd1e-95ca-4396-82c1-c34de41a8851/OnTime-front/test/presentation/my_page/my_data_restore_test.dart: picker cancel skips preview and leaves data untouched
00:40 +858: /Users/ejunpark/.codex/worktrees/1f98bd1e-95ca-4396-82c1-c34de41a8851/OnTime-front/test/presentation/my_page/my_data_restore_test.dart: invalid selected file reports failure and permits another attempt
00:40 +859: /Users/ejunpark/.codex/worktrees/1f98bd1e-95ca-4396-82c1-c34de41a8851/OnTime-front/test/presentation/my_page/my_data_restore_test.dart: invalid selected file reports failure and permits another attempt
00:40 +860: /Users/ejunpark/.codex/worktrees/1f98bd1e-95ca-4396-82c1-c34de41a8851/OnTime-front/test/presentation/my_page/my_data_restore_test.dart: invalid selected file reports failure and permits another attempt
00:40 +861: /Users/ejunpark/.codex/worktrees/1f98bd1e-95ca-4396-82c1-c34de41a8851/OnTime-front/test/presentation/my_page/my_data_restore_test.dart: invalid selected file reports failure and permits another attempt
00:40 +862: /Users/ejunpark/.codex/worktrees/1f98bd1e-95ca-4396-82c1-c34de41a8851/OnTime-front/test/presentation/my_page/my_data_restore_test.dart: committed restore reports partial then retry changes no durable data
00:40 +863: /Users/ejunpark/.codex/worktrees/1f98bd1e-95ca-4396-82c1-c34de41a8851/OnTime-front/test/presentation/my_page/my_data_restore_test.dart: committed restore reports partial then retry changes no durable data
00:41 +864: /Users/ejunpark/.codex/worktrees/1f98bd1e-95ca-4396-82c1-c34de41a8851/OnTime-front/test/presentation/alarm/screens/preparation_flow_widget_test.dart: Preparation flow widgets official start prompt uses one action and opens alarm
00:41 +865: /Users/ejunpark/.codex/worktrees/1f98bd1e-95ca-4396-82c1-c34de41a8851/OnTime-front/test/presentation/alarm/screens/schedule_start_commit_widget_test.dart: real button awaits durable commit; failure retries and stale route=false never navigates
00:41 +866: /Users/ejunpark/.codex/worktrees/1f98bd1e-95ca-4396-82c1-c34de41a8851/OnTime-front/test/presentation/alarm/screens/schedule_start_commit_widget_test.dart: real button awaits durable commit; failure retries and stale route=false never navigates
00:41 +867: /Users/ejunpark/.codex/worktrees/1f98bd1e-95ca-4396-82c1-c34de41a8851/OnTime-front/test/presentation/alarm/screens/schedule_start_commit_widget_test.dart: real button awaits durable commit; failure retries and stale route=false never navigates
00:41 +868: /Users/ejunpark/.codex/worktrees/1f98bd1e-95ca-4396-82c1-c34de41a8851/OnTime-front/test/presentation/alarm/screens/schedule_start_commit_widget_test.dart: real button awaits durable commit; failure retries and stale route=false never navigates
00:41 +869: /Users/ejunpark/.codex/worktrees/1f98bd1e-95ca-4396-82c1-c34de41a8851/OnTime-front/test/presentation/alarm/screens/schedule_start_commit_widget_test.dart: real button awaits durable commit; failure retries and stale route=false never navigates
00:41 +870: /Users/ejunpark/.codex/worktrees/1f98bd1e-95ca-4396-82c1-c34de41a8851/OnTime-front/test/presentation/alarm/screens/schedule_start_commit_widget_test.dart: real button awaits durable commit; failure retries and stale route=false never navigates
00:41 +871: /Users/ejunpark/.codex/worktrees/1f98bd1e-95ca-4396-82c1-c34de41a8851/OnTime-front/test/presentation/alarm/screens/schedule_start_commit_widget_test.dart: real button awaits durable commit; failure retries and stale route=false never navigates
00:41 +872: /Users/ejunpark/.codex/worktrees/1f98bd1e-95ca-4396-82c1-c34de41a8851/OnTime-front/test/presentation/alarm/screens/schedule_start_commit_widget_test.dart: real button awaits durable commit; failure retries and stale route=false never navigates
00:42 +873: /Users/ejunpark/.codex/worktrees/1f98bd1e-95ca-4396-82c1-c34de41a8851/OnTime-front/test/presentation/alarm/screens/schedule_start_commit_widget_test.dart: real button awaits durable commit; failure retries and stale route=false never navigates
00:42 +874: /Users/ejunpark/.codex/worktrees/1f98bd1e-95ca-4396-82c1-c34de41a8851/OnTime-front/test/presentation/alarm/screens/schedule_start_commit_widget_test.dart: real button awaits durable commit; failure retries and stale route=false never navigates
00:42 +875: /Users/ejunpark/.codex/worktrees/1f98bd1e-95ca-4396-82c1-c34de41a8851/OnTime-front/test/presentation/alarm/screens/schedule_start_commit_widget_test.dart: real button awaits durable commit; failure retries and stale route=false never navigates
00:42 +876: /Users/ejunpark/.codex/worktrees/1f98bd1e-95ca-4396-82c1-c34de41a8851/OnTime-front/test/presentation/alarm/screens/schedule_start_commit_widget_test.dart: real button awaits durable commit; failure retries and stale route=false never navigates
00:42 +877: /Users/ejunpark/.codex/worktrees/1f98bd1e-95ca-4396-82c1-c34de41a8851/OnTime-front/test/presentation/alarm/screens/schedule_start_commit_widget_test.dart: real button awaits durable commit; failure retries and stale route=false never navigates
00:42 +878: /Users/ejunpark/.codex/worktrees/1f98bd1e-95ca-4396-82c1-c34de41a8851/OnTime-front/test/presentation/startup/local_reset_recovery_test.dart: pre-DI reset failure exposes retry without constructing the normal app
00:42 +879: /Users/ejunpark/.codex/worktrees/1f98bd1e-95ca-4396-82c1-c34de41a8851/OnTime-front/test/presentation/startup/local_reset_recovery_test.dart: pre-DI reset failure exposes retry without constructing the normal app
00:42 +880: /Users/ejunpark/.codex/worktrees/1f98bd1e-95ca-4396-82c1-c34de41a8851/OnTime-front/test/presentation/startup/local_reset_recovery_test.dart: pre-DI reset failure exposes retry without constructing the normal app
00:42 +881: /Users/ejunpark/.codex/worktrees/1f98bd1e-95ca-4396-82c1-c34de41a8851/OnTime-front/test/presentation/startup/local_reset_recovery_test.dart: pre-DI reset failure exposes retry without constructing the normal app
00:42 +882: /Users/ejunpark/.codex/worktrees/1f98bd1e-95ca-4396-82c1-c34de41a8851/OnTime-front/test/presentation/startup/local_reset_recovery_test.dart: pre-DI reset failure exposes retry without constructing the normal app
00:42 +883: /Users/ejunpark/.codex/worktrees/1f98bd1e-95ca-4396-82c1-c34de41a8851/OnTime-front/test/presentation/startup/local_reset_recovery_test.dart: pre-DI reset failure exposes retry without constructing the normal app
00:42 +884: /Users/ejunpark/.codex/worktrees/1f98bd1e-95ca-4396-82c1-c34de41a8851/OnTime-front/test/presentation/alarm/screens/preparation_flow_widget_test.dart: Preparation flow widgets manual finish before leave time sends lateness 0 and navigates
00:42 +885: /Users/ejunpark/.codex/worktrees/1f98bd1e-95ca-4396-82c1-c34de41a8851/OnTime-front/test/presentation/startup/local_reset_recovery_test.dart: pre-DI bootstrap failure can retry without showing private exception text
00:42 +886: /Users/ejunpark/.codex/worktrees/1f98bd1e-95ca-4396-82c1-c34de41a8851/OnTime-front/test/presentation/alarm/screens/preparation_flow_widget_test.dart: Preparation flow widgets manual finish after leave threshold sends positive lateness
00:42 +887: /Users/ejunpark/.codex/worktrees/1f98bd1e-95ca-4396-82c1-c34de41a8851/OnTime-front/test/presentation/alarm/screens/preparation_flow_widget_test.dart: Preparation flow widgets manual finish after leave threshold sends positive lateness
00:42 +888: /Users/ejunpark/.codex/worktrees/1f98bd1e-95ca-4396-82c1-c34de41a8851/OnTime-front/test/presentation/startup/local_reset_recovery_test.dart: ko partial deletion screen is distinct from complete and fits large text
00:42 +889: /Users/ejunpark/.codex/worktrees/1f98bd1e-95ca-4396-82c1-c34de41a8851/OnTime-front/test/presentation/alarm/screens/preparation_flow_widget_test.dart: Preparation flow widgets completion dialog continue shows live leave countdown for ongoing flow
00:42 +890: /Users/ejunpark/.codex/worktrees/1f98bd1e-95ca-4396-82c1-c34de41a8851/OnTime-front/test/presentation/alarm/screens/preparation_flow_widget_test.dart: Preparation flow widgets completion dialog continue shows live leave countdown for ongoing flow
00:42 +891: /Users/ejunpark/.codex/worktrees/1f98bd1e-95ca-4396-82c1-c34de41a8851/OnTime-front/test/presentation/alarm/screens/preparation_flow_widget_test.dart: Preparation flow widgets completion dialog continue shows live leave countdown for early-start flow
00:42 +892: /Users/ejunpark/.codex/worktrees/1f98bd1e-95ca-4396-82c1-c34de41a8851/OnTime-front/test/presentation/alarm_allow/alarm_allow_screen_test.dart: shows English precise notification permission rationale
00:42 +893: /Users/ejunpark/.codex/worktrees/1f98bd1e-95ca-4396-82c1-c34de41a8851/OnTime-front/test/presentation/alarm_allow/alarm_allow_screen_test.dart: shows English precise notification permission rationale
00:42 +894: /Users/ejunpark/.codex/worktrees/1f98bd1e-95ca-4396-82c1-c34de41a8851/OnTime-front/test/presentation/alarm_allow/alarm_allow_screen_test.dart: shows English precise notification permission rationale
00:42 +895: /Users/ejunpark/.codex/worktrees/1f98bd1e-95ca-4396-82c1-c34de41a8851/OnTime-front/test/presentation/alarm_allow/alarm_allow_screen_test.dart: shows English precise notification permission rationale
00:42 +896: /Users/ejunpark/.codex/worktrees/1f98bd1e-95ca-4396-82c1-c34de41a8851/OnTime-front/test/presentation/alarm_allow/alarm_allow_screen_test.dart: shows English precise notification permission rationale
00:43 +897: /Users/ejunpark/.codex/worktrees/1f98bd1e-95ca-4396-82c1-c34de41a8851/OnTime-front/test/presentation/alarm_allow/alarm_allow_screen_test.dart: shows English precise notification permission rationale
00:43 +898: /Users/ejunpark/.codex/worktrees/1f98bd1e-95ca-4396-82c1-c34de41a8851/OnTime-front/test/presentation/alarm_allow/alarm_allow_screen_test.dart: granted Android notification permission enables notifications
00:43 +899: /Users/ejunpark/.codex/worktrees/1f98bd1e-95ca-4396-82c1-c34de41a8851/OnTime-front/test/presentation/alarm_allow/alarm_allow_screen_test.dart: uses alarm language for iOS AlarmKit capability
00:43 +900: /Users/ejunpark/.codex/worktrees/1f98bd1e-95ca-4396-82c1-c34de41a8851/OnTime-front/test/presentation/alarm_allow/alarm_allow_screen_test.dart: uses alarm language for iOS AlarmKit capability
00:43 +901: /Users/ejunpark/.codex/worktrees/1f98bd1e-95ca-4396-82c1-c34de41a8851/OnTime-front/test/presentation/alarm_allow/alarm_allow_screen_test.dart: uses alarm language for iOS AlarmKit capability
00:43 +902: /Users/ejunpark/.codex/worktrees/1f98bd1e-95ca-4396-82c1-c34de41a8851/OnTime-front/test/presentation/alarm_allow/alarm_allow_screen_test.dart: uses alarm language for iOS AlarmKit capability
00:43 +903: /Users/ejunpark/.codex/worktrees/1f98bd1e-95ca-4396-82c1-c34de41a8851/OnTime-front/test/presentation/onboarding/cubit/onboarding_cubit_test.dart: PreparationOrderCubit reorders immutable steps without losing durations
00:43 +904: /Users/ejunpark/.codex/worktrees/1f98bd1e-95ca-4396-82c1-c34de41a8851/OnTime-front/test/presentation/alarm_allow/alarm_allow_screen_test.dart: dismiss keeps notification delivery when fallback is available
00:43 +905: /Users/ejunpark/.codex/worktrees/1f98bd1e-95ca-4396-82c1-c34de41a8851/OnTime-front/test/presentation/onboarding/screens/onboarding_screen_test.dart: start screen enters the entirely local onboarding flow
00:44 +906: /Users/ejunpark/.codex/worktrees/1f98bd1e-95ca-4396-82c1-c34de41a8851/OnTime-front/test/presentation/recurring/recurring_screens_test.dart: weekly settings support multiple weekdays and positive count without yearly option
00:45 +907: /Users/ejunpark/.codex/worktrees/1f98bd1e-95ca-4396-82c1-c34de41a8851/OnTime-front/test/presentation/recurring/recurring_screens_test.dart: weekly settings support multiple weekdays and positive count without yearly option
00:45 +908: /Users/ejunpark/.codex/worktrees/1f98bd1e-95ca-4396-82c1-c34de41a8851/OnTime-front/test/presentation/recurring/recurring_screens_test.dart: weekly settings support multiple weekdays and positive count without yearly option
00:45 +909: /Users/ejunpark/.codex/worktrees/1f98bd1e-95ca-4396-82c1-c34de41a8851/OnTime-front/test/presentation/schedule_create/schedule_place_moving_time/schedule_place_moving_time_form_test.dart: edits place name and saves travel time picker selection
00:45 +910: /Users/ejunpark/.codex/worktrees/1f98bd1e-95ca-4396-82c1-c34de41a8851/OnTime-front/test/presentation/schedule_create/schedule_place_moving_time/schedule_place_moving_time_form_test.dart: edits place name and saves travel time picker selection
00:45 +911: /Users/ejunpark/.codex/worktrees/1f98bd1e-95ca-4396-82c1-c34de41a8851/OnTime-front/test/presentation/schedule_create/schedule_place_moving_time/schedule_place_moving_time_form_test.dart: edits place name and saves travel time picker selection
00:45 +912: /Users/ejunpark/.codex/worktrees/1f98bd1e-95ca-4396-82c1-c34de41a8851/OnTime-front/test/presentation/schedule_create/schedule_place_moving_time/schedule_place_moving_time_form_test.dart: edits place name and saves travel time picker selection
00:45 +913: /Users/ejunpark/.codex/worktrees/1f98bd1e-95ca-4396-82c1-c34de41a8851/OnTime-front/test/presentation/schedule_create/schedule_place_moving_time/schedule_place_moving_time_form_test.dart: edits place name and saves travel time picker selection
00:45 +914: /Users/ejunpark/.codex/worktrees/1f98bd1e-95ca-4396-82c1-c34de41a8851/OnTime-front/test/presentation/schedule_create/schedule_place_moving_time/schedule_place_moving_time_form_test.dart: edits place name and saves travel time picker selection
00:46 +915: /Users/ejunpark/.codex/worktrees/1f98bd1e-95ca-4396-82c1-c34de41a8851/OnTime-front/test/presentation/recurring/recurring_form_integration_test.dart: four-step creation opens recurrence review and saves to the local database
00:46 +916: /Users/ejunpark/.codex/worktrees/1f98bd1e-95ca-4396-82c1-c34de41a8851/OnTime-front/test/presentation/recurring/recurring_form_integration_test.dart: four-step creation opens recurrence review and saves to the local database
00:46 +917: /Users/ejunpark/.codex/worktrees/1f98bd1e-95ca-4396-82c1-c34de41a8851/OnTime-front/test/presentation/recurring/recurring_form_integration_test.dart: four-step creation opens recurrence review and saves to the local database
00:46 +918: /Users/ejunpark/.codex/worktrees/1f98bd1e-95ca-4396-82c1-c34de41a8851/OnTime-front/test/presentation/recurring/recurring_form_integration_test.dart: four-step creation opens recurrence review and saves to the local database
00:46 +919: /Users/ejunpark/.codex/worktrees/1f98bd1e-95ca-4396-82c1-c34de41a8851/OnTime-front/test/presentation/recurring/recurring_form_integration_test.dart: four-step creation opens recurrence review and saves to the local database
00:46 +920: /Users/ejunpark/.codex/worktrees/1f98bd1e-95ca-4396-82c1-c34de41a8851/OnTime-front/test/presentation/recurring/recurring_form_integration_test.dart: four-step creation opens recurrence review and saves to the local database
00:46 +921: /Users/ejunpark/.codex/worktrees/1f98bd1e-95ca-4396-82c1-c34de41a8851/OnTime-front/test/presentation/recurring/recurring_form_integration_test.dart: four-step creation opens recurrence review and saves to the local database
00:46 +922: /Users/ejunpark/.codex/worktrees/1f98bd1e-95ca-4396-82c1-c34de41a8851/OnTime-front/test/presentation/recurring/recurring_form_integration_test.dart: four-step creation opens recurrence review and saves to the local database
00:46 +923: /Users/ejunpark/.codex/worktrees/1f98bd1e-95ca-4396-82c1-c34de41a8851/OnTime-front/test/presentation/recurring/recurring_form_integration_test.dart: four-step creation opens recurrence review and saves to the local database
00:46 +924: /Users/ejunpark/.codex/worktrees/1f98bd1e-95ca-4396-82c1-c34de41a8851/OnTime-front/test/presentation/recurring/recurring_form_integration_test.dart: four-step creation opens recurrence review and saves to the local database
00:46 +925: /Users/ejunpark/.codex/worktrees/1f98bd1e-95ca-4396-82c1-c34de41a8851/OnTime-front/test/presentation/recurring/recurring_form_integration_test.dart: four-step creation opens recurrence review and saves to the local database
00:46 +926: /Users/ejunpark/.codex/worktrees/1f98bd1e-95ca-4396-82c1-c34de41a8851/OnTime-front/test/presentation/recurring/recurring_form_integration_test.dart: four-step creation opens recurrence review and saves to the local database
00:46 +927: /Users/ejunpark/.codex/worktrees/1f98bd1e-95ca-4396-82c1-c34de41a8851/OnTime-front/test/presentation/recurring/recurring_form_integration_test.dart: four-step creation opens recurrence review and saves to the local database
00:46 +928: /Users/ejunpark/.codex/worktrees/1f98bd1e-95ca-4396-82c1-c34de41a8851/OnTime-front/test/presentation/recurring/recurring_form_integration_test.dart: form review and cancel write nothing; confirmation saves owned preparation and alarms
00:47 +929: /Users/ejunpark/.codex/worktrees/1f98bd1e-95ca-4396-82c1-c34de41a8851/OnTime-front/test/presentation/recurring/recurring_form_integration_test.dart: following edit loads the series base and preserves an individual name override
00:47 +930: /Users/ejunpark/.codex/worktrees/1f98bd1e-95ca-4396-82c1-c34de41a8851/OnTime-front/test/presentation/recurring/recurring_form_integration_test.dart: invalid preparation keeps the draft and allows a successful retry
00:47 +931: /Users/ejunpark/.codex/worktrees/1f98bd1e-95ca-4396-82c1-c34de41a8851/OnTime-front/test/presentation/recurring/recurring_form_integration_test.dart: ordinary save rollback and delivery-only retry ko
00:47 +932: /Users/ejunpark/.codex/worktrees/1f98bd1e-95ca-4396-82c1-c34de41a8851/OnTime-front/test/presentation/recurring/recurring_form_integration_test.dart: ordinary save rollback and delivery-only retry ko
00:47 +933: /Users/ejunpark/.codex/worktrees/1f98bd1e-95ca-4396-82c1-c34de41a8851/OnTime-front/test/presentation/recurring/recurring_form_integration_test.dart: ordinary save rollback and delivery-only retry ko
00:47 +934: /Users/ejunpark/.codex/worktrees/1f98bd1e-95ca-4396-82c1-c34de41a8851/OnTime-front/test/presentation/recurring/recurring_form_integration_test.dart: ordinary save rollback and delivery-only retry ko
00:47 +935: /Users/ejunpark/.codex/worktrees/1f98bd1e-95ca-4396-82c1-c34de41a8851/OnTime-front/test/presentation/recurring/recurring_form_integration_test.dart: ordinary save rollback and delivery-only retry ko
00:47 +936: /Users/ejunpark/.codex/worktrees/1f98bd1e-95ca-4396-82c1-c34de41a8851/OnTime-front/test/presentation/recurring/recurring_form_integration_test.dart: ordinary save rollback and delivery-only retry ko
00:47 +937: /Users/ejunpark/.codex/worktrees/1f98bd1e-95ca-4396-82c1-c34de41a8851/OnTime-front/test/presentation/recurring/recurring_form_integration_test.dart: ordinary save rollback and delivery-only retry ko
00:47 +938: /Users/ejunpark/.codex/worktrees/1f98bd1e-95ca-4396-82c1-c34de41a8851/OnTime-front/test/presentation/recurring/recurring_form_integration_test.dart: ordinary save rollback and delivery-only retry ko
00:47 +939: /Users/ejunpark/.codex/worktrees/1f98bd1e-95ca-4396-82c1-c34de41a8851/OnTime-front/test/presentation/recurring/recurring_form_integration_test.dart: ordinary save rollback and delivery-only retry ko
00:47 +940: /Users/ejunpark/.codex/worktrees/1f98bd1e-95ca-4396-82c1-c34de41a8851/OnTime-front/test/presentation/recurring/recurring_form_integration_test.dart: ordinary save rollback and delivery-only retry ko
00:47 +941: /Users/ejunpark/.codex/worktrees/1f98bd1e-95ca-4396-82c1-c34de41a8851/OnTime-front/test/presentation/recurring/recurring_form_integration_test.dart: ordinary save rollback and delivery-only retry ko
00:47 +942: /Users/ejunpark/.codex/worktrees/1f98bd1e-95ca-4396-82c1-c34de41a8851/OnTime-front/test/presentation/recurring/recurring_form_integration_test.dart: ordinary save rollback and delivery-only retry ko
00:47 +943: /Users/ejunpark/.codex/worktrees/1f98bd1e-95ca-4396-82c1-c34de41a8851/OnTime-front/test/presentation/recurring/recurring_form_integration_test.dart: ordinary save rollback and delivery-only retry ko
00:47 +944: /Users/ejunpark/.codex/worktrees/1f98bd1e-95ca-4396-82c1-c34de41a8851/OnTime-front/test/presentation/recurring/recurring_form_integration_test.dart: ordinary save rollback and delivery-only retry ko
00:47 +945: /Users/ejunpark/.codex/worktrees/1f98bd1e-95ca-4396-82c1-c34de41a8851/OnTime-front/test/presentation/recurring/recurring_form_integration_test.dart: ordinary save rollback and delivery-only retry ko
00:47 +946: /Users/ejunpark/.codex/worktrees/1f98bd1e-95ca-4396-82c1-c34de41a8851/OnTime-front/test/presentation/recurring/recurring_form_integration_test.dart: ordinary save rollback and delivery-only retry ko
00:47 +947: /Users/ejunpark/.codex/worktrees/1f98bd1e-95ca-4396-82c1-c34de41a8851/OnTime-front/test/presentation/recurring/recurring_form_integration_test.dart: ordinary save rollback and delivery-only retry ko
00:47 +948: /Users/ejunpark/.codex/worktrees/1f98bd1e-95ca-4396-82c1-c34de41a8851/OnTime-front/test/presentation/schedule_create/schedule_spare_and_preparing_time/screens/schedule_spare_and_preparing_time_form_test.dart: renders preparation and user default spare time
00:48 +949: /Users/ejunpark/.codex/worktrees/1f98bd1e-95ca-4396-82c1-c34de41a8851/OnTime-front/test/presentation/schedule_create/schedule_spare_and_preparing_time/screens/schedule_spare_and_preparing_time_form_test.dart: renders preparation and user default spare time
00:48 +950: /Users/ejunpark/.codex/worktrees/1f98bd1e-95ca-4396-82c1-c34de41a8851/OnTime-front/test/presentation/schedule_create/schedule_spare_and_preparing_time/screens/schedule_spare_and_preparing_time_form_test.dart: renders preparation and user default spare time
00:48 +951: /Users/ejunpark/.codex/worktrees/1f98bd1e-95ca-4396-82c1-c34de41a8851/OnTime-front/test/presentation/schedule_create/schedule_spare_and_preparing_time/screens/schedule_spare_and_preparing_time_form_test.dart: renders preparation and user default spare time
00:48 +952: /Users/ejunpark/.codex/worktrees/1f98bd1e-95ca-4396-82c1-c34de41a8851/OnTime-front/test/presentation/schedule_create/schedule_spare_and_preparing_time/screens/schedule_spare_and_preparing_time_form_test.dart: renders preparation and user default spare time
00:48 +953: /Users/ejunpark/.codex/worktrees/1f98bd1e-95ca-4396-82c1-c34de41a8851/OnTime-front/test/presentation/schedule_create/schedule_spare_and_preparing_time/screens/schedule_spare_and_preparing_time_form_test.dart: renders preparation and user default spare time
00:48 +954: /Users/ejunpark/.codex/worktrees/1f98bd1e-95ca-4396-82c1-c34de41a8851/OnTime-front/test/presentation/schedule_create/schedule_spare_and_preparing_time/screens/schedule_spare_and_preparing_time_form_test.dart: renders preparation and user default spare time
00:48 +955: /Users/ejunpark/.codex/worktrees/1f98bd1e-95ca-4396-82c1-c34de41a8851/OnTime-front/test/presentation/schedule_create/schedule_spare_and_preparing_time/screens/schedule_spare_and_preparing_time_form_test.dart: renders preparation and user default spare time
00:48 +956: /Users/ejunpark/.codex/worktrees/1f98bd1e-95ca-4396-82c1-c34de41a8851/OnTime-front/test/presentation/schedule_create/schedule_spare_and_preparing_time/screens/schedule_spare_and_preparing_time_form_test.dart: renders preparation and user default spare time
00:48 +957: /Users/ejunpark/.codex/worktrees/1f98bd1e-95ca-4396-82c1-c34de41a8851/OnTime-front/test/presentation/schedule_create/schedule_spare_and_preparing_time/screens/schedule_spare_and_preparing_time_form_test.dart: renders preparation and user default spare time
00:48 +958: /Users/ejunpark/.codex/worktrees/1f98bd1e-95ca-4396-82c1-c34de41a8851/OnTime-front/test/presentation/recurring/recurring_form_integration_test.dart: late receipt answer cannot submit or close replacement draft
00:48 +959: /Users/ejunpark/.codex/worktrees/1f98bd1e-95ca-4396-82c1-c34de41a8851/OnTime-front/test/presentation/recurring/recurring_form_integration_test.dart: late receipt answer cannot submit or close replacement draft
00:48 +960: /Users/ejunpark/.codex/worktrees/1f98bd1e-95ca-4396-82c1-c34de41a8851/OnTime-front/test/presentation/recurring/recurring_form_integration_test.dart: late receipt answer cannot submit or close replacement draft
00:48 +961: /Users/ejunpark/.codex/worktrees/1f98bd1e-95ca-4396-82c1-c34de41a8851/OnTime-front/test/presentation/schedule_create/schedule_spare_and_preparing_time/screens/schedule_spare_and_preparing_time_form_test.dart: saving spare-time picker submits chosen duration
00:48 +962: /Users/ejunpark/.codex/worktrees/1f98bd1e-95ca-4396-82c1-c34de41a8851/OnTime-front/test/presentation/schedule_create/schedule_spare_and_preparing_time/screens/schedule_spare_and_preparing_time_form_test.dart: saving spare-time picker submits chosen duration
00:48 +963: /Users/ejunpark/.codex/worktrees/1f98bd1e-95ca-4396-82c1-c34de41a8851/OnTime-front/test/presentation/schedule_create/schedule_spare_and_preparing_time/screens/schedule_spare_and_preparing_time_form_test.dart: preparation edit route updates preparation from draft
00:48 +964: /Users/ejunpark/.codex/worktrees/1f98bd1e-95ca-4396-82c1-c34de41a8851/OnTime-front/test/presentation/schedule_create/components/keyboard_backed_bottom_sheet_test.dart: fills the bottom safe area while keyboard is hidden
00:49 +965: /Users/ejunpark/.codex/worktrees/1f98bd1e-95ca-4396-82c1-c34de41a8851/OnTime-front/test/presentation/schedule_create/components/keyboard_backed_bottom_sheet_test.dart: paints a white backplate behind the iOS keyboard inset
00:49 +966: /Users/ejunpark/.codex/worktrees/1f98bd1e-95ca-4396-82c1-c34de41a8851/OnTime-front/test/presentation/schedule_create/components/keyboard_backed_bottom_sheet_test.dart: does not add keyboard backplate while keyboard is hidden
00:50 +967: /Users/ejunpark/.codex/worktrees/1f98bd1e-95ca-4396-82c1-c34de41a8851/OnTime-front/test/presentation/schedule_create/components/schedule_multi_page_form_test.dart: final submit does not close sheet immediately while submitting
00:50 +968: /Users/ejunpark/.codex/worktrees/1f98bd1e-95ca-4396-82c1-c34de41a8851/OnTime-front/test/presentation/schedule_create/components/schedule_multi_page_form_test.dart: final submit does not close sheet immediately while submitting
00:50 +969: /Users/ejunpark/.codex/worktrees/1f98bd1e-95ca-4396-82c1-c34de41a8851/OnTime-front/test/presentation/schedule_create/components/schedule_multi_page_form_test.dart: final submit does not close sheet immediately while submitting
00:50 +970: /Users/ejunpark/.codex/worktrees/1f98bd1e-95ca-4396-82c1-c34de41a8851/OnTime-front/test/presentation/schedule_create/components/schedule_multi_page_form_test.dart: final submit does not close sheet immediately while submitting
00:50 +971: /Users/ejunpark/.codex/worktrees/1f98bd1e-95ca-4396-82c1-c34de41a8851/OnTime-front/test/presentation/schedule_create/components/schedule_multi_page_form_test.dart: final submit does not close sheet immediately while submitting
00:50 +972: /Users/ejunpark/.codex/worktrees/1f98bd1e-95ca-4396-82c1-c34de41a8851/OnTime-front/test/presentation/schedule_create/components/schedule_multi_page_form_test.dart: final submit does not close sheet immediately while submitting
00:50 +973: /Users/ejunpark/.codex/worktrees/1f98bd1e-95ca-4396-82c1-c34de41a8851/OnTime-front/test/presentation/schedule_create/components/schedule_multi_page_form_test.dart: final submit does not close sheet immediately while submitting
00:50 +974: /Users/ejunpark/.codex/worktrees/1f98bd1e-95ca-4396-82c1-c34de41a8851/OnTime-front/test/presentation/schedule_create/components/schedule_multi_page_form_test.dart: final submit does not close sheet immediately while submitting
00:50 +975: /Users/ejunpark/.codex/worktrees/1f98bd1e-95ca-4396-82c1-c34de41a8851/OnTime-front/test/presentation/schedule_create/components/schedule_multi_page_form_test.dart: final submit does not close sheet immediately while submitting
00:50 +976: /Users/ejunpark/.codex/worktrees/1f98bd1e-95ca-4396-82c1-c34de41a8851/OnTime-front/test/presentation/schedule_create/components/schedule_multi_page_form_test.dart: final submit does not close sheet immediately while submitting
00:50 +977: /Users/ejunpark/.codex/worktrees/1f98bd1e-95ca-4396-82c1-c34de41a8851/OnTime-front/test/presentation/schedule_create/components/schedule_multi_page_form_test.dart: final submit does not close sheet immediately while submitting
00:50 +978: /Users/ejunpark/.codex/worktrees/1f98bd1e-95ca-4396-82c1-c34de41a8851/OnTime-front/test/presentation/schedule_create/components/schedule_multi_page_form_test.dart: final submit does not close sheet immediately while submitting
00:50 +979: /Users/ejunpark/.codex/worktrees/1f98bd1e-95ca-4396-82c1-c34de41a8851/OnTime-front/test/presentation/schedule_create/components/schedule_multi_page_form_test.dart: final submit does not close sheet immediately while submitting
00:50 +980: /Users/ejunpark/.codex/worktrees/1f98bd1e-95ca-4396-82c1-c34de41a8851/OnTime-front/test/presentation/schedule_create/components/schedule_multi_page_form_test.dart: final submit does not close sheet immediately while submitting
00:51 +981: /Users/ejunpark/.codex/worktrees/1f98bd1e-95ca-4396-82c1-c34de41a8851/OnTime-front/test/presentation/schedule_create/components/schedule_multi_page_form_test.dart: final submit does not close sheet immediately while submitting
00:51 +982: /Users/ejunpark/.codex/worktrees/1f98bd1e-95ca-4396-82c1-c34de41a8851/OnTime-front/test/presentation/schedule_create/components/schedule_multi_page_form_test.dart: final submit does not close sheet immediately while submitting
00:51 +983: /Users/ejunpark/.codex/worktrees/1f98bd1e-95ca-4396-82c1-c34de41a8851/OnTime-front/test/presentation/schedule_create/schedule_date_time/schedule_date_time_form_test.dart: shows explicit choices for a repeated DST time
00:51 +984: /Users/ejunpark/.codex/worktrees/1f98bd1e-95ca-4396-82c1-c34de41a8851/OnTime-front/test/presentation/schedule_create/components/schedule_multi_page_form_test.dart: create screen initializes form bloc with selected date
00:51 +985: /Users/ejunpark/.codex/worktrees/1f98bd1e-95ca-4396-82c1-c34de41a8851/OnTime-front/test/presentation/schedule_create/components/schedule_multi_page_form_test.dart: edit screen initializes form bloc with requested schedule
00:51 +986: /Users/ejunpark/.codex/worktrees/1f98bd1e-95ca-4396-82c1-c34de41a8851/OnTime-front/test/presentation/schedule_create/components/schedule_multi_page_form_test.dart: sheet closes after successful submit
00:51 +987: /Users/ejunpark/.codex/worktrees/1f98bd1e-95ca-4396-82c1-c34de41a8851/OnTime-front/test/presentation/schedule_create/components/schedule_multi_page_form_test.dart: sheet closes after successful submit
00:51 +988: /Users/ejunpark/.codex/worktrees/1f98bd1e-95ca-4396-82c1-c34de41a8851/OnTime-front/test/presentation/schedule_create/components/schedule_multi_page_form_test.dart: sheet closes after successful submit
00:52 +989: /Users/ejunpark/.codex/worktrees/1f98bd1e-95ca-4396-82c1-c34de41a8851/OnTime-front/test/presentation/schedule_create/preparation_form/preparation_form_reorderable_list_test.dart: reorderable preparation list wires edits to row callbacks
00:52 +990: /Users/ejunpark/.codex/worktrees/1f98bd1e-95ca-4396-82c1-c34de41a8851/OnTime-front/test/presentation/schedule_create/preparation_form/preparation_form_reorderable_list_test.dart: reorderable preparation list wires edits to row callbacks
00:52 +991: /Users/ejunpark/.codex/worktrees/1f98bd1e-95ca-4396-82c1-c34de41a8851/OnTime-front/test/presentation/schedule_create/preparation_form/preparation_form_reorderable_list_test.dart: reorderable preparation list wires edits to row callbacks
00:52 +992: /Users/ejunpark/.codex/worktrees/1f98bd1e-95ca-4396-82c1-c34de41a8851/OnTime-front/test/presentation/schedule_create/preparation_form/preparation_form_reorderable_list_test.dart: reorderable preparation list wires edits to row callbacks
00:53 +993: /Users/ejunpark/.codex/worktrees/1f98bd1e-95ca-4396-82c1-c34de41a8851/OnTime-front/test/presentation/schedule_create/preparation_form/preparation_form_reorderable_list_test.dart: reorderable preparation list wires edits to row callbacks
00:53 +994: /Users/ejunpark/.codex/worktrees/1f98bd1e-95ca-4396-82c1-c34de41a8851/OnTime-front/test/presentation/schedule_create/preparation_form/preparation_form_reorderable_list_test.dart: reorderable preparation list wires edits to row callbacks
00:53 +995: /Users/ejunpark/.codex/worktrees/1f98bd1e-95ca-4396-82c1-c34de41a8851/OnTime-front/test/presentation/schedule_create/preparation_form/preparation_form_create_list_test.dart: create list forwards edits, reorder changes, and create request
00:53 +996: /Users/ejunpark/.codex/worktrees/1f98bd1e-95ca-4396-82c1-c34de41a8851/OnTime-front/test/presentation/schedule_create/components/schedule_multi_page_form_test.dart: cancelling date and time pickers keeps next disabled
00:53 +997: /Users/ejunpark/.codex/worktrees/1f98bd1e-95ca-4396-82c1-c34de41a8851/OnTime-front/test/presentation/schedule_create/components/schedule_multi_page_form_test.dart: cancelling date and time pickers keeps next disabled
00:53 +998: /Users/ejunpark/.codex/worktrees/1f98bd1e-95ca-4396-82c1-c34de41a8851/OnTime-front/test/presentation/schedule_create/components/schedule_multi_page_form_test.dart: cancelling date and time pickers keeps next disabled
00:53 +999: /Users/ejunpark/.codex/worktrees/1f98bd1e-95ca-4396-82c1-c34de41a8851/OnTime-front/test/presentation/schedule_create/components/schedule_multi_page_form_test.dart: cancelling date and time pickers keeps next disabled
00:53 +1000: /Users/ejunpark/.codex/worktrees/1f98bd1e-95ca-4396-82c1-c34de41a8851/OnTime-front/test/presentation/schedule_create/preparation_form/preparation_form_list_field_test.dart: editing a saved preparation step reports name changes and save
00:54 +1001: /Users/ejunpark/.codex/worktrees/1f98bd1e-95ca-4396-82c1-c34de41a8851/OnTime-front/test/presentation/schedule_create/preparation_form/preparation_form_list_field_test.dart: editing a saved preparation step reports name changes and save
00:54 +1002: /Users/ejunpark/.codex/worktrees/1f98bd1e-95ca-4396-82c1-c34de41a8851/OnTime-front/test/presentation/schedule_create/preparation_form/preparation_form_list_field_test.dart: editing a saved preparation step reports name changes and save
00:54 +1003: /Users/ejunpark/.codex/worktrees/1f98bd1e-95ca-4396-82c1-c34de41a8851/OnTime-front/test/presentation/schedule_create/preparation_form/preparation_form_list_field_test.dart: editing a saved preparation step reports name changes and save
00:54 +1004: /Users/ejunpark/.codex/worktrees/1f98bd1e-95ca-4396-82c1-c34de41a8851/OnTime-front/test/presentation/schedule_create/preparation_form/preparation_form_list_field_test.dart: editing a saved preparation step reports name changes and save
00:54 +1005: /Users/ejunpark/.codex/worktrees/1f98bd1e-95ca-4396-82c1-c34de41a8851/OnTime-front/test/presentation/schedule_create/preparation_form/preparation_form_list_field_test.dart: editing a saved preparation step reports name changes and save
00:54 +1006: /Users/ejunpark/.codex/worktrees/1f98bd1e-95ca-4396-82c1-c34de41a8851/OnTime-front/test/presentation/schedule_create/preparation_form/preparation_form_list_field_test.dart: editing a saved preparation step reports name changes and save
00:54 +1007: /Users/ejunpark/.codex/worktrees/1f98bd1e-95ca-4396-82c1-c34de41a8851/OnTime-front/test/presentation/schedule_create/preparation_form/preparation_form_list_field_test.dart: editing a saved preparation step reports name changes and save
00:54 +1008: /Users/ejunpark/.codex/worktrees/1f98bd1e-95ca-4396-82c1-c34de41a8851/OnTime-front/test/presentation/schedule_create/preparation_form/preparation_form_list_field_test.dart: editing a saved preparation step reports name changes and save
00:54 +1009: /Users/ejunpark/.codex/worktrees/1f98bd1e-95ca-4396-82c1-c34de41a8851/OnTime-front/test/presentation/schedule_create/preparation_form/preparation_form_list_field_test.dart: editing a saved preparation step reports name changes and save
00:54 +1010: /Users/ejunpark/.codex/worktrees/1f98bd1e-95ca-4396-82c1-c34de41a8851/OnTime-front/test/presentation/schedule_create/preparation_form/preparation_form_list_field_test.dart: editing a saved preparation step reports name changes and save
00:54 +1011: /Users/ejunpark/.codex/worktrees/1f98bd1e-95ca-4396-82c1-c34de41a8851/OnTime-front/test/presentation/schedule_create/preparation_form/preparation_form_list_field_test.dart: editing a saved preparation step reports name changes and save
00:54 +1012: /Users/ejunpark/.codex/worktrees/1f98bd1e-95ca-4396-82c1-c34de41a8851/OnTime-front/test/presentation/schedule_create/preparation_form/preparation_form_list_field_test.dart: editing a saved preparation step reports name changes and save
00:54 +1013: /Users/ejunpark/.codex/worktrees/1f98bd1e-95ca-4396-82c1-c34de41a8851/OnTime-front/test/presentation/schedule_create/preparation_form/preparation_form_list_field_test.dart: adding row delays interaction-ended while time picker is open
00:54 +1014: /Users/ejunpark/.codex/worktrees/1f98bd1e-95ca-4396-82c1-c34de41a8851/OnTime-front/test/presentation/schedule_create/preparation_form/preparation_form_list_field_test.dart: validation errors explain invalid name and preparation time
00:54 +1015: /Users/ejunpark/.codex/worktrees/1f98bd1e-95ca-4396-82c1-c34de41a8851/OnTime-front/test/presentation/schedule_create/preparation_form/preparation_form_list_field_test.dart: validation reports too-large preparation time
00:54 +1016: /Users/ejunpark/.codex/worktrees/1f98bd1e-95ca-4396-82c1-c34de41a8851/OnTime-front/test/presentation/schedule_create/preparation_form/preparation_form_list_field_test.dart: updates focus listener and field value when row identity changes
00:54 +1017: /Users/ejunpark/.codex/worktrees/1f98bd1e-95ca-4396-82c1-c34de41a8851/OnTime-front/test/presentation/schedule_create/preparation_form/preparation_form_list_field_test.dart: row without remove callback renders as a plain editable tile
00:55 +1018: All tests passed!
