00:00 +0: loading /Users/ejunpark/.codex/worktrees/1f98bd1e-95ca-4396-82c1-c34de41a8851/OnTime-front/test/repository_structure_test.dart
00:00 +0: /Users/ejunpark/.codex/worktrees/1f98bd1e-95ca-4396-82c1-c34de41a8851/OnTime-front/test/repository_structure_test.dart: repository structure source and test directories do not use .dart suffixes
00:00 +1: /Users/ejunpark/.codex/worktrees/1f98bd1e-95ca-4396-82c1-c34de41a8851/OnTime-front/test/repository_structure_test.dart: repository structure schedule place moving time imports use the folder path
00:00 +2: loading /Users/ejunpark/.codex/worktrees/1f98bd1e-95ca-4396-82c1-c34de41a8851/OnTime-front/test/core/database/local_data_operation_gate_test.dart
00:00 +2: /Users/ejunpark/.codex/worktrees/1f98bd1e-95ca-4396-82c1-c34de41a8851/OnTime-front/test/core/database/local_data_operation_gate_test.dart: rejects competing operations instead of queueing destructive work
00:00 +3: /Users/ejunpark/.codex/worktrees/1f98bd1e-95ca-4396-82c1-c34de41a8851/OnTime-front/test/core/database/local_data_operation_gate_test.dart: failure releases lease; invalidated database cannot be reused
00:00 +4: loading /Users/ejunpark/.codex/worktrees/1f98bd1e-95ca-4396-82c1-c34de41a8851/OnTime-front/test/core/database/database_index_test.dart
00:01 +4: /Users/ejunpark/.codex/worktrees/1f98bd1e-95ca-4396-82c1-c34de41a8851/OnTime-front/test/core/database/database_index_test.dart: creates lookup indexes for schedule and preparation DAO predicates
00:02 +5: /Users/ejunpark/.codex/worktrees/1f98bd1e-95ca-4396-82c1-c34de41a8851/OnTime-front/test/core/database/database_index_test.dart: rejects in-place upgrades across the one-way local cutover
00:02 +6: loading /Users/ejunpark/.codex/worktrees/1f98bd1e-95ca-4396-82c1-c34de41a8851/OnTime-front/test/core/database/bootstrap_privacy_boundary_test.dart
00:02 +6: /Users/ejunpark/.codex/worktrees/1f98bd1e-95ca-4396-82c1-c34de41a8851/OnTime-front/test/core/database/bootstrap_privacy_boundary_test.dart: successful bootstrap does not remove runtime
00:02 +7: /Users/ejunpark/.codex/worktrees/1f98bd1e-95ca-4396-82c1-c34de41a8851/OnTime-front/test/core/database/bootstrap_privacy_boundary_test.dart: failure before Auth attempts cleanup and preserves original failure
00:02 +8: /Users/ejunpark/.codex/worktrees/1f98bd1e-95ca-4396-82c1-c34de41a8851/OnTime-front/test/core/database/bootstrap_privacy_boundary_test.dart: cleanup failure preserves both failures without private message text
00:02 +9: loading /Users/ejunpark/.codex/worktrees/1f98bd1e-95ca-4396-82c1-c34de41a8851/OnTime-front/test/core/database/recurring_migration_test.dart
00:03 +9: /Users/ejunpark/.codex/worktrees/1f98bd1e-95ca-4396-82c1-c34de41a8851/OnTime-front/test/core/database/recurring_migration_test.dart: version 1 database upgrades in place preserving user outcomes and schedules
00:03 +10: loading /Users/ejunpark/.codex/worktrees/1f98bd1e-95ca-4396-82c1-c34de41a8851/OnTime-front/test/core/time/civil_time_resolver_test.dart
00:04 +10: /Users/ejunpark/.codex/worktrees/1f98bd1e-95ca-4396-82c1-c34de41a8851/OnTime-front/test/core/time/civil_time_resolver_test.dart: normal civil time resolves to one absolute occurrence
00:04 +11: /Users/ejunpark/.codex/worktrees/1f98bd1e-95ca-4396-82c1-c34de41a8851/OnTime-front/test/core/time/civil_time_resolver_test.dart: spring-forward gap has no valid occurrence
00:04 +12: /Users/ejunpark/.codex/worktrees/1f98bd1e-95ca-4396-82c1-c34de41a8851/OnTime-front/test/core/time/civil_time_resolver_test.dart: fall-back overlap exposes first and second occurrence
00:04 +13: loading /Users/ejunpark/.codex/worktrees/1f98bd1e-95ca-4396-82c1-c34de41a8851/OnTime-front/test/core/backup/backup_crypto_test.dart
00:04 +13: /Users/ejunpark/.codex/worktrees/1f98bd1e-95ca-4396-82c1-c34de41a8851/OnTime-front/test/core/backup/backup_crypto_test.dart: round trip restores the authenticated plaintext
00:05 +14: /Users/ejunpark/.codex/worktrees/1f98bd1e-95ca-4396-82c1-c34de41a8851/OnTime-front/test/core/backup/backup_crypto_test.dart: wrong password cannot produce backup contents
00:05 +15: /Users/ejunpark/.codex/worktrees/1f98bd1e-95ca-4396-82c1-c34de41a8851/OnTime-front/test/core/backup/backup_crypto_test.dart: authenticated encryption detects a modified container
00:05 +16: loading /Users/ejunpark/.codex/worktrees/1f98bd1e-95ca-4396-82c1-c34de41a8851/OnTime-front/test/core/backup/backup_password_test.dart
00:06 +16: /Users/ejunpark/.codex/worktrees/1f98bd1e-95ca-4396-82c1-c34de41a8851/OnTime-front/test/core/backup/backup_password_test.dart: normalizes canonically equivalent passwords to the same value
00:06 +17: /Users/ejunpark/.codex/worktrees/1f98bd1e-95ca-4396-82c1-c34de41a8851/OnTime-front/test/core/backup/backup_password_test.dart: preserves case and surrounding spaces
00:06 +18: /Users/ejunpark/.codex/worktrees/1f98bd1e-95ca-4396-82c1-c34de41a8851/OnTime-front/test/core/backup/backup_password_test.dart: rejects passwords outside the 15 to 128 code point boundary
00:06 +19: loading /Users/ejunpark/.codex/worktrees/1f98bd1e-95ca-4396-82c1-c34de41a8851/OnTime-front/test/core/backup/backup_file_export_port_test.dart
00:07 +19: /Users/ejunpark/.codex/worktrees/1f98bd1e-95ca-4396-82c1-c34de41a8851/OnTime-front/test/core/backup/backup_file_export_port_test.dart: sends encrypted bytes and name only; saved receipt has no location
00:07 +20: /Users/ejunpark/.codex/worktrees/1f98bd1e-95ca-4396-82c1-c34de41a8851/OnTime-front/test/core/backup/backup_file_export_port_test.dart: cancel is distinct from success
00:07 +21: /Users/ejunpark/.codex/worktrees/1f98bd1e-95ca-4396-82c1-c34de41a8851/OnTime-front/test/core/backup/backup_file_export_port_test.dart: unrecognized native response null is never success
00:07 +22: /Users/ejunpark/.codex/worktrees/1f98bd1e-95ca-4396-82c1-c34de41a8851/OnTime-front/test/core/backup/backup_file_export_port_test.dart: unrecognized native response  is never success
00:07 +23: /Users/ejunpark/.codex/worktrees/1f98bd1e-95ca-4396-82c1-c34de41a8851/OnTime-front/test/core/backup/backup_file_export_port_test.dart: unrecognized native response unknown is never success
00:07 +24: loading /Users/ejunpark/.codex/worktrees/1f98bd1e-95ca-4396-82c1-c34de41a8851/OnTime-front/test/core/backup/backup_service_test.dart
00:07 +24: /Users/ejunpark/.codex/worktrees/1f98bd1e-95ca-4396-82c1-c34de41a8851/OnTime-front/test/core/backup/backup_service_test.dart: saved receipt marks only the captured revision despite an ordinary edit
00:08 +25: /Users/ejunpark/.codex/worktrees/1f98bd1e-95ca-4396-82c1-c34de41a8851/OnTime-front/test/core/backup/backup_service_test.dart: cancel preserves freshness and releases gate for a retry
00:08 +26: /Users/ejunpark/.codex/worktrees/1f98bd1e-95ca-4396-82c1-c34de41a8851/OnTime-front/test/core/backup/backup_service_test.dart: write failure cannot mark success or expose provider error details
00:08 +27: /Users/ejunpark/.codex/worktrees/1f98bd1e-95ca-4396-82c1-c34de41a8851/OnTime-front/test/core/backup/backup_service_test.dart: second export, restore, and destructive operation reject while picker is open
00:08 +28: /Users/ejunpark/.codex/worktrees/1f98bd1e-95ca-4396-82c1-c34de41a8851/OnTime-front/test/core/backup/backup_service_test.dart: successful external save with missing profile reports metadata failure
00:09 +29: /Users/ejunpark/.codex/worktrees/1f98bd1e-95ca-4396-82c1-c34de41a8851/OnTime-front/test/core/backup/backup_service_test.dart: late success cannot write freshness after lifecycle invalidation
00:09 +30: /Users/ejunpark/.codex/worktrees/1f98bd1e-95ca-4396-82c1-c34de41a8851/OnTime-front/test/core/backup/backup_service_test.dart: crypto failure releases gate without opening a destination
00:09 +31: /Users/ejunpark/.codex/worktrees/1f98bd1e-95ca-4396-82c1-c34de41a8851/OnTime-front/test/core/backup/backup_service_test.dart: preview authenticates backup and restore replaces active data
00:09 +32: /Users/ejunpark/.codex/worktrees/1f98bd1e-95ca-4396-82c1-c34de41a8851/OnTime-front/test/core/backup/backup_service_test.dart: format 2 restores owned preparation and exclusions without regenerating deleted slots
00:09 +33: /Users/ejunpark/.codex/worktrees/1f98bd1e-95ca-4396-82c1-c34de41a8851/OnTime-front/test/core/backup/backup_service_test.dart: format 1 remains importable and malformed new references never replace data
00:10 +34: /Users/ejunpark/.codex/worktrees/1f98bd1e-95ca-4396-82c1-c34de41a8851/OnTime-front/test/core/backup/backup_service_test.dart: wrong password leaves current database unchanged
00:10 +35: loading /Users/ejunpark/.codex/worktrees/1f98bd1e-95ca-4396-82c1-c34de41a8851/OnTime-front/test/core/backup/backup_restore_picker_test.dart
00:10 +35: /Users/ejunpark/.codex/worktrees/1f98bd1e-95ca-4396-82c1-c34de41a8851/OnTime-front/test/core/backup/backup_restore_picker_test.dart: app filter reaches real iOS host as public.data; cancel is null
00:11 +36: /Users/ejunpark/.codex/worktrees/1f98bd1e-95ca-4396-82c1-c34de41a8851/OnTime-front/test/core/backup/backup_restore_picker_test.dart: previous extension-only filter fails before reaching iOS host
00:11 +37: /Users/ejunpark/.codex/worktrees/1f98bd1e-95ca-4396-82c1-c34de41a8851/OnTime-front/test/core/backup/backup_restore_picker_test.dart: app request preserves Android extension and MIME filters
00:11 +38: /Users/ejunpark/.codex/worktrees/1f98bd1e-95ca-4396-82c1-c34de41a8851/OnTime-front/test/core/backup/backup_restore_picker_test.dart: cancel does not decrypt and a later valid selection can be previewed
00:11 +39: /Users/ejunpark/.codex/worktrees/1f98bd1e-95ca-4396-82c1-c34de41a8851/OnTime-front/test/core/backup/backup_restore_picker_test.dart: real iOS selected path is read and authenticated before preview
00:11 +40: /Users/ejunpark/.codex/worktrees/1f98bd1e-95ca-4396-82c1-c34de41a8851/OnTime-front/test/core/backup/backup_restore_picker_test.dart: ordinary file with a backup extension is rejected without writes
00:11 +41: /Users/ejunpark/.codex/worktrees/1f98bd1e-95ca-4396-82c1-c34de41a8851/OnTime-front/test/core/backup/backup_restore_picker_test.dart: corrupted backup is rejected without writes
00:11 +42: /Users/ejunpark/.codex/worktrees/1f98bd1e-95ca-4396-82c1-c34de41a8851/OnTime-front/test/core/backup/backup_restore_picker_test.dart: truncated backup is rejected without writes
00:11 +43: /Users/ejunpark/.codex/worktrees/1f98bd1e-95ca-4396-82c1-c34de41a8851/OnTime-front/test/core/backup/backup_restore_picker_test.dart: wrong password is rejected without writes
00:12 +44: /Users/ejunpark/.codex/worktrees/1f98bd1e-95ca-4396-82c1-c34de41a8851/OnTime-front/test/core/backup/backup_restore_picker_test.dart: read failure preserves data and does not prevent another attempt
00:12 +45: loading /Users/ejunpark/.codex/worktrees/1f98bd1e-95ca-4396-82c1-c34de41a8851/OnTime-front/test/core/logging/app_logger_test.dart
00:12 +45: /Users/ejunpark/.codex/worktrees/1f98bd1e-95ca-4396-82c1-c34de41a8851/OnTime-front/test/core/logging/app_logger_test.dart: AppLogger redaction redacts sensitive map values recursively
00:12 +46: /Users/ejunpark/.codex/worktrees/1f98bd1e-95ca-4396-82c1-c34de41a8851/OnTime-front/test/core/logging/app_logger_test.dart: AppLogger redaction redacts bearer tokens and token assignments in text
00:12 +47: /Users/ejunpark/.codex/worktrees/1f98bd1e-95ca-4396-82c1-c34de41a8851/OnTime-front/test/core/logging/app_logger_test.dart: AppLogger redaction redacts sensitive query parameters in urls
00:12 +48: /Users/ejunpark/.codex/worktrees/1f98bd1e-95ca-4396-82c1-c34de41a8851/OnTime-front/test/core/logging/app_logger_test.dart: AppLogger redaction summarizes maps without exposing non-allowed payload fields
00:12 +49: /Users/ejunpark/.codex/worktrees/1f98bd1e-95ca-4396-82c1-c34de41a8851/OnTime-front/test/core/logging/app_logger_test.dart: AppLogger redaction handles nulls, plain urls, and empty token values safely
00:12 +50: /Users/ejunpark/.codex/worktrees/1f98bd1e-95ca-4396-82c1-c34de41a8851/OnTime-front/test/core/logging/app_logger_test.dart: logging source scan Dart app code uses AppLogger instead of raw debugPrint
00:12 +51: /Users/ejunpark/.codex/worktrees/1f98bd1e-95ca-4396-82c1-c34de41a8851/OnTime-front/test/core/logging/app_logger_test.dart: logging source scan native logs do not dump full extras, args, or payload maps
00:12 +52: loading /Users/ejunpark/.codex/worktrees/1f98bd1e-95ca-4396-82c1-c34de41a8851/OnTime-front/test/core/services/notification_tap_router_test.dart
00:13 +52: /Users/ejunpark/.codex/worktrees/1f98bd1e-95ca-4396-82c1-c34de41a8851/OnTime-front/test/core/services/notification_tap_router_test.dart: last valid tap survives delayed readiness and malformed input
00:13 +53: /Users/ejunpark/.codex/worktrees/1f98bd1e-95ca-4396-82c1-c34de41a8851/OnTime-front/test/core/services/notification_tap_router_test.dart: queued inflight and open duplicates collapse; later separate tap works
00:13 +54: /Users/ejunpark/.codex/worktrees/1f98bd1e-95ca-4396-82c1-c34de41a8851/OnTime-front/test/core/services/notification_tap_router_test.dart: late initial response cannot overwrite newer callback or native tap
00:13 +55: /Users/ejunpark/.codex/worktrees/1f98bd1e-95ca-4396-82c1-c34de41a8851/OnTime-front/test/core/services/notification_tap_router_test.dart: duplicate native receipt blocks stale cold result without invalidating open A
00:13 +56: /Users/ejunpark/.codex/worktrees/1f98bd1e-95ca-4396-82c1-c34de41a8851/OnTime-front/test/core/services/notification_tap_router_test.dart: newer B invalidates an in-flight A validation
00:13 +57: /Users/ejunpark/.codex/worktrees/1f98bd1e-95ca-4396-82c1-c34de41a8851/OnTime-front/test/core/services/notification_tap_router_test.dart: A in flight then B then A uses latest A rather than stale-key dedupe
00:13 +58: /Users/ejunpark/.codex/worktrees/1f98bd1e-95ca-4396-82c1-c34de41a8851/OnTime-front/test/core/services/notification_tap_router_test.dart: new-generation A is accepted while old-generation A lookup still waits
00:13 +59: /Users/ejunpark/.codex/worktrees/1f98bd1e-95ca-4396-82c1-c34de41a8851/OnTime-front/test/core/services/notification_tap_router_test.dart: definitive missing or completed is consumed without fallback
00:13 +60: /Users/ejunpark/.codex/worktrees/1f98bd1e-95ca-4396-82c1-c34de41a8851/OnTime-front/test/core/services/notification_tap_router_test.dart: transient DB failure waits for explicit retry, same DB recovery keeps pending
00:13 +61: /Users/ejunpark/.codex/worktrees/1f98bd1e-95ca-4396-82c1-c34de41a8851/OnTime-front/test/core/services/notification_tap_router_test.dart: gate reappearing during lookup preserves pending without premature consumption
00:13 +62: /Users/ejunpark/.codex/worktrees/1f98bd1e-95ca-4396-82c1-c34de41a8851/OnTime-front/test/core/services/notification_tap_router_test.dart: replacement invalidates pending and cold result even with reused ID
00:13 +63: /Users/ejunpark/.codex/worktrees/1f98bd1e-95ca-4396-82c1-c34de41a8851/OnTime-front/test/core/services/notification_tap_router_test.dart: replacement invalidates inflight and cold result even with reused ID
00:13 +64: loading /Users/ejunpark/.codex/worktrees/1f98bd1e-95ca-4396-82c1-c34de41a8851/OnTime-front/test/core/services/notification_content_test.dart
00:13 +64: /Users/ejunpark/.codex/worktrees/1f98bd1e-95ca-4396-82c1-c34de41a8851/OnTime-front/test/core/services/notification_content_test.dart: local notification payloads are encoded only when present
00:13 +65: /Users/ejunpark/.codex/worktrees/1f98bd1e-95ca-4396-82c1-c34de41a8851/OnTime-front/test/core/services/notification_content_test.dart: preparation step notification content carries routing payload
00:13 +66: /Users/ejunpark/.codex/worktrees/1f98bd1e-95ca-4396-82c1-c34de41a8851/OnTime-front/test/core/services/notification_content_test.dart: fallback alarm notification uses explicit id or stable schedule id
00:13 +67: loading /Users/ejunpark/.codex/worktrees/1f98bd1e-95ca-4396-82c1-c34de41a8851/OnTime-front/test/core/services/fallback_alarm_notification_service_test.dart
00:14 +67: /Users/ejunpark/.codex/worktrees/1f98bd1e-95ca-4396-82c1-c34de41a8851/OnTime-front/test/core/services/fallback_alarm_notification_service_test.dart: permission checks map local notification authorization to alarm permission
00:14 +68: /Users/ejunpark/.codex/worktrees/1f98bd1e-95ca-4396-82c1-c34de41a8851/OnTime-front/test/core/services/fallback_alarm_notification_service_test.dart: not-determined notification status remains recoverable
00:14 +69: /Users/ejunpark/.codex/worktrees/1f98bd1e-95ca-4396-82c1-c34de41a8851/OnTime-front/test/core/services/fallback_alarm_notification_service_test.dart: schedules and cancels fallback alarms through notification service
00:14 +70: loading /Users/ejunpark/.codex/worktrees/1f98bd1e-95ca-4396-82c1-c34de41a8851/OnTime-front/test/core/services/alarm_scheduler_service_test.dart
00:14 +70: /Users/ejunpark/.codex/worktrees/1f98bd1e-95ca-4396-82c1-c34de41a8851/OnTime-front/test/core/services/alarm_scheduler_service_test.dart: initializeLaunchHandling dispatches cold-start alarm payload
00:14 +71: /Users/ejunpark/.codex/worktrees/1f98bd1e-95ca-4396-82c1-c34de41a8851/OnTime-front/test/core/services/alarm_scheduler_service_test.dart: dispatchPendingLaunchPayload dispatches resumed alarm payload
00:14 +72: /Users/ejunpark/.codex/worktrees/1f98bd1e-95ca-4396-82c1-c34de41a8851/OnTime-front/test/core/services/alarm_scheduler_service_test.dart: getCapabilities maps native alarm provider capabilities
00:14 +73: /Users/ejunpark/.codex/worktrees/1f98bd1e-95ca-4396-82c1-c34de41a8851/OnTime-front/test/core/services/alarm_scheduler_service_test.dart: getCapabilities treats missing platform implementation as unsupported
00:14 +74: /Users/ejunpark/.codex/worktrees/1f98bd1e-95ca-4396-82c1-c34de41a8851/OnTime-front/test/core/services/alarm_scheduler_service_test.dart: getCapabilities treats native platform errors as unsupported
00:14 +75: /Users/ejunpark/.codex/worktrees/1f98bd1e-95ca-4396-82c1-c34de41a8851/OnTime-front/test/core/services/alarm_scheduler_service_test.dart: getCapabilities treats null native response as unsupported
00:14 +76: /Users/ejunpark/.codex/worktrees/1f98bd1e-95ca-4396-82c1-c34de41a8851/OnTime-front/test/core/services/alarm_scheduler_service_test.dart: checkPermission and requestPermission map native wire values
00:14 +77: /Users/ejunpark/.codex/worktrees/1f98bd1e-95ca-4396-82c1-c34de41a8851/OnTime-front/test/core/services/alarm_scheduler_service_test.dart: permission checks treat missing platform implementation as unsupported
00:14 +78: /Users/ejunpark/.codex/worktrees/1f98bd1e-95ca-4396-82c1-c34de41a8851/OnTime-front/test/core/services/alarm_scheduler_service_test.dart: permission checks treat native platform errors as unsupported
00:14 +79: /Users/ejunpark/.codex/worktrees/1f98bd1e-95ca-4396-82c1-c34de41a8851/OnTime-front/test/core/services/alarm_scheduler_service_test.dart: scheduleNativeAlarm sends the native alarm contract payload
00:14 +80: /Users/ejunpark/.codex/worktrees/1f98bd1e-95ca-4396-82c1-c34de41a8851/OnTime-front/test/core/services/alarm_scheduler_service_test.dart: scheduleNativeAlarm exposes permission failures as scheduling exception
00:14 +81: /Users/ejunpark/.codex/worktrees/1f98bd1e-95ca-4396-82c1-c34de41a8851/OnTime-front/test/core/services/alarm_scheduler_service_test.dart: scheduleNativeAlarm maps unsupported and generic native errors
00:14 +82: /Users/ejunpark/.codex/worktrees/1f98bd1e-95ca-4396-82c1-c34de41a8851/OnTime-front/test/core/services/alarm_scheduler_service_test.dart: cancelNativeAlarm sends cancellation payload for scheduled records
00:14 +83: /Users/ejunpark/.codex/worktrees/1f98bd1e-95ca-4396-82c1-c34de41a8851/OnTime-front/test/core/services/alarm_scheduler_service_test.dart: cancelNativeAlarm reports missing native platform as unconfirmed
00:14 +84: /Users/ejunpark/.codex/worktrees/1f98bd1e-95ca-4396-82c1-c34de41a8851/OnTime-front/test/core/services/alarm_scheduler_service_test.dart: cancelNativeAlarm maps native platform failures to scheduling exception
00:14 +85: /Users/ejunpark/.codex/worktrees/1f98bd1e-95ca-4396-82c1-c34de41a8851/OnTime-front/test/core/services/alarm_scheduler_service_test.dart: cancelAllNativeAlarms cancels every provided record in order
00:14 +86: /Users/ejunpark/.codex/worktrees/1f98bd1e-95ca-4396-82c1-c34de41a8851/OnTime-front/test/core/services/alarm_scheduler_service_test.dart: dispatchPendingLaunchPayload ignores invalid and failed payload reads
00:14 +87: loading /Users/ejunpark/.codex/worktrees/1f98bd1e-95ca-4396-82c1-c34de41a8851/OnTime-front/test/core/services/scheduled_notification_delivery_test.dart
00:15 +87: /Users/ejunpark/.codex/worktrees/1f98bd1e-95ca-4396-82c1-c34de41a8851/OnTime-front/test/core/services/scheduled_notification_delivery_test.dart: native and fallback send the same ko detailed=false snapshot after persistence
00:15 +88: /Users/ejunpark/.codex/worktrees/1f98bd1e-95ca-4396-82c1-c34de41a8851/OnTime-front/test/core/services/scheduled_notification_delivery_test.dart: native and fallback send the same ko detailed=true snapshot after persistence
00:15 +89: /Users/ejunpark/.codex/worktrees/1f98bd1e-95ca-4396-82c1-c34de41a8851/OnTime-front/test/core/services/scheduled_notification_delivery_test.dart: native and fallback send the same en detailed=false snapshot after persistence
00:15 +90: /Users/ejunpark/.codex/worktrees/1f98bd1e-95ca-4396-82c1-c34de41a8851/OnTime-front/test/core/services/scheduled_notification_delivery_test.dart: native and fallback send the same en detailed=true snapshot after persistence
00:15 +91: /Users/ejunpark/.codex/worktrees/1f98bd1e-95ca-4396-82c1-c34de41a8851/OnTime-front/test/core/services/scheduled_notification_delivery_test.dart: legacy and corrupted content cannot bypass reconciliation at either provider
00:15 +92: /Users/ejunpark/.codex/worktrees/1f98bd1e-95ca-4396-82c1-c34de41a8851/OnTime-front/test/core/services/scheduled_notification_delivery_test.dart: targeted cancel uses the plugin API for pending and presented IDs, never cancelAll
00:15 +93: /Users/ejunpark/.codex/worktrees/1f98bd1e-95ca-4396-82c1-c34de41a8851/OnTime-front/test/core/services/scheduled_notification_delivery_test.dart: targeted cancellation errors are visible to reconciliation
00:15 +94: loading /Users/ejunpark/.codex/worktrees/1f98bd1e-95ca-4396-82c1-c34de41a8851/OnTime-front/test/core/services/app_metadata_service_test.dart
00:16 +94: /Users/ejunpark/.codex/worktrees/1f98bd1e-95ca-4396-82c1-c34de41a8851/OnTime-front/test/core/services/app_metadata_service_test.dart: package info metadata provider returns runtime app metadata
00:16 +95: loading /Users/ejunpark/.codex/worktrees/1f98bd1e-95ca-4396-82c1-c34de41a8851/OnTime-front/test/core/services/notification_privacy_cleanup_test.dart
00:16 +95: /Users/ejunpark/.codex/worktrees/1f98bd1e-95ca-4396-82c1-c34de41a8851/OnTime-front/test/core/services/notification_privacy_cleanup_test.dart: owned legacy pending is cancelled without clearing step notifications
00:16 +96: /Users/ejunpark/.codex/worktrees/1f98bd1e-95ca-4396-82c1-c34de41a8851/OnTime-front/test/core/services/notification_privacy_cleanup_test.dart: cancel failure preserves only ownership tombstone and retry converges
00:16 +97: /Users/ejunpark/.codex/worktrees/1f98bd1e-95ca-4396-82c1-c34de41a8851/OnTime-front/test/core/services/notification_privacy_cleanup_test.dart: known schedule payload with invalid route ID cleans owned pending
00:16 +98: /Users/ejunpark/.codex/worktrees/1f98bd1e-95ca-4396-82c1-c34de41a8851/OnTime-front/test/core/services/notification_privacy_cleanup_test.dart: successful cancel call without readback removal is not success
00:16 +99: loading /Users/ejunpark/.codex/worktrees/1f98bd1e-95ca-4396-82c1-c34de41a8851/OnTime-front/test/core/services/notification_launch_test.dart
00:17 +99: /Users/ejunpark/.codex/worktrees/1f98bd1e-95ca-4396-82c1-c34de41a8851/OnTime-front/test/core/services/notification_launch_test.dart: cold launch collects once and concurrent initialization is single flight
00:17 +100: /Users/ejunpark/.codex/worktrees/1f98bd1e-95ca-4396-82c1-c34de41a8851/OnTime-front/test/core/services/notification_launch_test.dart: successful empty or invalid launch is consumed without navigation: null
00:17 +101: /Users/ejunpark/.codex/worktrees/1f98bd1e-95ca-4396-82c1-c34de41a8851/OnTime-front/test/core/services/notification_launch_test.dart: successful empty or invalid launch is consumed without navigation: Instance of 'NotificationAppLaunchDetails'
00:17 +102: /Users/ejunpark/.codex/worktrees/1f98bd1e-95ca-4396-82c1-c34de41a8851/OnTime-front/test/core/services/notification_launch_test.dart: successful empty or invalid launch is consumed without navigation: Instance of 'NotificationAppLaunchDetails'
00:17 +103: /Users/ejunpark/.codex/worktrees/1f98bd1e-95ca-4396-82c1-c34de41a8851/OnTime-front/test/core/services/notification_launch_test.dart: getter failure releases single flight and callback still works before retry
00:17 +104: /Users/ejunpark/.codex/worktrees/1f98bd1e-95ca-4396-82c1-c34de41a8851/OnTime-front/test/core/services/notification_launch_test.dart: callback B arriving while cold A getter waits wins, raw legacy fields removed
00:17 +105: /Users/ejunpark/.codex/worktrees/1f98bd1e-95ca-4396-82c1-c34de41a8851/OnTime-front/test/core/services/notification_launch_test.dart: callback before delegate installation preserves only safe latest payload
00:17 +106: /Users/ejunpark/.codex/worktrees/1f98bd1e-95ca-4396-82c1-c34de41a8851/OnTime-front/test/core/services/notification_launch_test.dart: Noop to installed delegate cannot let slow cold A overwrite native B
00:17 +107: /Users/ejunpark/.codex/worktrees/1f98bd1e-95ca-4396-82c1-c34de41a8851/OnTime-front/test/core/services/notification_launch_test.dart: data replacement invalidates delayed initial launch
00:17 +108: loading /Users/ejunpark/.codex/worktrees/1f98bd1e-95ca-4396-82c1-c34de41a8851/OnTime-front/test/core/services/runtime_privacy_migration_test.dart
00:17 +108: /Users/ejunpark/.codex/worktrees/1f98bd1e-95ca-4396-82c1-c34de41a8851/OnTime-front/test/core/services/runtime_privacy_migration_test.dart: all legacy runs migrate, orphans clear, unrelated settings survive
00:17 +109: /Users/ejunpark/.codex/worktrees/1f98bd1e-95ca-4396-82c1-c34de41a8851/OnTime-front/test/core/services/runtime_privacy_migration_test.dart: platform cleanup failure is visible and retryable, without raw content
00:17 +110: /Users/ejunpark/.codex/worktrees/1f98bd1e-95ca-4396-82c1-c34de41a8851/OnTime-front/test/core/services/runtime_privacy_migration_test.dart: DB-unavailable cleanup removes legacy raw and does not touch unrelated data
00:17 +111: loading /Users/ejunpark/.codex/worktrees/1f98bd1e-95ca-4396-82c1-c34de41a8851/OnTime-front/test/core/services/notification_routing_test.dart
00:18 +111: /Users/ejunpark/.codex/worktrees/1f98bd1e-95ca-4396-82c1-c34de41a8851/OnTime-front/test/core/services/notification_routing_test.dart: localizedNotificationText selects Korean text only for Korean locale
00:18 +112: /Users/ejunpark/.codex/worktrees/1f98bd1e-95ca-4396-82c1-c34de41a8851/OnTime-front/test/core/services/notification_routing_test.dart: isScheduleAlarmPayload detects native alarm payloads without suppressing schedule notifications
00:18 +113: /Users/ejunpark/.codex/worktrees/1f98bd1e-95ca-4396-82c1-c34de41a8851/OnTime-front/test/core/services/notification_routing_test.dart: notificationRouteForPayloadString routes schedule notification payload to the schedule start screen
00:18 +114: /Users/ejunpark/.codex/worktrees/1f98bd1e-95ca-4396-82c1-c34de41a8851/OnTime-front/test/core/services/notification_routing_test.dart: notificationRouteForPayloadString routes five-minute prompts as early-start schedule starts
00:18 +115: /Users/ejunpark/.codex/worktrees/1f98bd1e-95ca-4396-82c1-c34de41a8851/OnTime-front/test/core/services/notification_routing_test.dart: notificationRouteForPayloadString routes schedule and preparation updates to the alarm screen
00:18 +116: /Users/ejunpark/.codex/worktrees/1f98bd1e-95ca-4396-82c1-c34de41a8851/OnTime-front/test/core/services/notification_routing_test.dart: notificationRouteForPayloadString ignores null, invalid, and unrelated payloads
00:18 +117: /Users/ejunpark/.codex/worktrees/1f98bd1e-95ca-4396-82c1-c34de41a8851/OnTime-front/test/core/services/notification_routing_test.dart: invalid schedule hints never route to nearest preparation
00:18 +118: /Users/ejunpark/.codex/worktrees/1f98bd1e-95ca-4396-82c1-c34de41a8851/OnTime-front/test/core/services/notification_routing_test.dart: notificationRouteForData routes decoded local payload data with the same rules
00:18 +119: loading /Users/ejunpark/.codex/worktrees/1f98bd1e-95ca-4396-82c1-c34de41a8851/OnTime-front/test/core/services/android_notification_timing_test.dart
00:19 +119: /Users/ejunpark/.codex/worktrees/1f98bd1e-95ca-4396-82c1-c34de41a8851/OnTime-front/test/core/services/android_notification_timing_test.dart: fresh permission chooses exact then approximate without full-screen
00:19 +120: /Users/ejunpark/.codex/worktrees/1f98bd1e-95ca-4396-82c1-c34de41a8851/OnTime-front/test/core/services/android_notification_timing_test.dart: explicit exact denial retries once and returns actual approximate receipt
00:19 +121: /Users/ejunpark/.codex/worktrees/1f98bd1e-95ca-4396-82c1-c34de41a8851/OnTime-front/test/core/services/android_notification_timing_test.dart: unrelated provider error is never converted to approximate success
00:19 +122: /Users/ejunpark/.codex/worktrees/1f98bd1e-95ca-4396-82c1-c34de41a8851/OnTime-front/test/core/services/android_notification_timing_test.dart: failed approximate retry stays failed and is not retried again
00:19 +123: /Users/ejunpark/.codex/worktrees/1f98bd1e-95ca-4396-82c1-c34de41a8851/OnTime-front/test/core/services/android_notification_timing_test.dart: unknown timing permission uses approximate rather than claiming exact
00:19 +124: /Users/ejunpark/.codex/worktrees/1f98bd1e-95ca-4396-82c1-c34de41a8851/OnTime-front/test/core/services/android_notification_timing_test.dart: display denial blocks scheduling even with exact access
00:19 +125: /Users/ejunpark/.codex/worktrees/1f98bd1e-95ca-4396-82c1-c34de41a8851/OnTime-front/test/core/services/android_notification_timing_test.dart: settings response is not proof of a grant: permission is reread
00:19 +126: /Users/ejunpark/.codex/worktrees/1f98bd1e-95ca-4396-82c1-c34de41a8851/OnTime-front/test/core/services/android_notification_timing_test.dart: iOS timing access is unsupported without calling Android plugin
00:19 +127: loading /Users/ejunpark/.codex/worktrees/1f98bd1e-95ca-4396-82c1-c34de41a8851/OnTime-front/test/local_only_boundary_test.dart
00:19 +127: /Users/ejunpark/.codex/worktrees/1f98bd1e-95ca-4396-82c1-c34de41a8851/OnTime-front/test/local_only_boundary_test.dart: product source and release configuration contain no network client
00:19 +128: /Users/ejunpark/.codex/worktrees/1f98bd1e-95ca-4396-82c1-c34de41a8851/OnTime-front/test/local_only_boundary_test.dart: iOS remote notification hooks violate the local-only boundary
00:19 +129: /Users/ejunpark/.codex/worktrees/1f98bd1e-95ca-4396-82c1-c34de41a8851/OnTime-front/test/local_only_boundary_test.dart: web remote bootstrap resources violate the local-only boundary
00:19 +130: loading /Users/ejunpark/.codex/worktrees/1f98bd1e-95ca-4396-82c1-c34de41a8851/OnTime-front/test/data/repositories/alarm_registry_repository_impl_test.dart
00:20 +130: /Users/ejunpark/.codex/worktrees/1f98bd1e-95ca-4396-82c1-c34de41a8851/OnTime-front/test/data/repositories/alarm_registry_repository_impl_test.dart: loadAll returns the current local registry
00:20 +131: /Users/ejunpark/.codex/worktrees/1f98bd1e-95ca-4396-82c1-c34de41a8851/OnTime-front/test/data/repositories/alarm_registry_repository_impl_test.dart: upsert replaces an existing schedule record and keeps others
00:20 +132: /Users/ejunpark/.codex/worktrees/1f98bd1e-95ca-4396-82c1-c34de41a8851/OnTime-front/test/data/repositories/alarm_registry_repository_impl_test.dart: deleteByScheduleId removes only the requested schedule
00:20 +133: /Users/ejunpark/.codex/worktrees/1f98bd1e-95ca-4396-82c1-c34de41a8851/OnTime-front/test/data/repositories/alarm_registry_repository_impl_test.dart: replaceAll deduplicates by schedule id and deleteAll clears storage
00:20 +134: loading /Users/ejunpark/.codex/worktrees/1f98bd1e-95ca-4396-82c1-c34de41a8851/OnTime-front/test/data/repositories/recurring_schedule_repository_test.dart
00:20 +134: /Users/ejunpark/.codex/worktrees/1f98bd1e-95ca-4396-82c1-c34de41a8851/OnTime-front/test/data/repositories/recurring_schedule_repository_test.dart: series owns reusable preparation and create retries are idempotent
00:20 +135: /Users/ejunpark/.codex/worktrees/1f98bd1e-95ca-4396-82c1-c34de41a8851/OnTime-front/test/data/repositories/recurring_schedule_repository_test.dart: deleting one occurrence never refills the count after rematerialization
00:20 +136: /Users/ejunpark/.codex/worktrees/1f98bd1e-95ca-4396-82c1-c34de41a8851/OnTime-front/test/data/repositories/recurring_schedule_repository_test.dart: after three elapsed slots, two detached overrides leave five recurring and two standalone
00:20 +137: /Users/ejunpark/.codex/worktrees/1f98bd1e-95ca-4396-82c1-c34de41a8851/OnTime-front/test/data/repositories/recurring_schedule_repository_test.dart: a detached occurrence and a later new slot on its original date remain distinct
00:20 +138: /Users/ejunpark/.codex/worktrees/1f98bd1e-95ca-4396-82c1-c34de41a8851/OnTime-front/test/data/repositories/recurring_schedule_repository_test.dart: bulk changes preserve only overridden fields and preparation
00:20 +139: /Users/ejunpark/.codex/worktrees/1f98bd1e-95ca-4396-82c1-c34de41a8851/OnTime-front/test/data/repositories/recurring_schedule_repository_test.dart: ending following leaves active and historical rows and their preparations intact
00:21 +140: /Users/ejunpark/.codex/worktrees/1f98bd1e-95ca-4396-82c1-c34de41a8851/OnTime-front/test/data/repositories/recurring_schedule_repository_test.dart: finite conflicts require explicit exclusion and excluded slots consume count
00:21 +141: /Users/ejunpark/.codex/worktrees/1f98bd1e-95ca-4396-82c1-c34de41a8851/OnTime-front/test/data/repositories/recurring_schedule_repository_test.dart: place edits never rename another occurrence or historical place
00:21 +142: /Users/ejunpark/.codex/worktrees/1f98bd1e-95ca-4396-82c1-c34de41a8851/OnTime-front/test/data/repositories/recurring_schedule_repository_test.dart: bulk edit preserves active preparation and consumes its original count
00:21 +143: /Users/ejunpark/.codex/worktrees/1f98bd1e-95ca-4396-82c1-c34de41a8851/OnTime-front/test/data/repositories/recurring_schedule_repository_test.dart: stale first occurrence approval asks for review without changing durable data
00:21 +144: /Users/ejunpark/.codex/worktrees/1f98bd1e-95ca-4396-82c1-c34de41a8851/OnTime-front/test/data/repositories/recurring_schedule_repository_test.dart: explicit count edit replaces the remaining budget
00:21 +145: /Users/ejunpark/.codex/worktrees/1f98bd1e-95ca-4396-82c1-c34de41a8851/OnTime-front/test/data/repositories/recurring_schedule_repository_test.dart: a deleted slot remains consumed when the new weekdays omit that date
00:21 +146: /Users/ejunpark/.codex/worktrees/1f98bd1e-95ca-4396-82c1-c34de41a8851/OnTime-front/test/data/repositories/recurring_schedule_repository_test.dart: unbounded series detects persistent rule collisions and stores only nearby occurrences
00:21 +147: /Users/ejunpark/.codex/worktrees/1f98bd1e-95ca-4396-82c1-c34de41a8851/OnTime-front/test/data/repositories/recurring_schedule_repository_test.dart: unbounded daily intervals prove conflicts beyond deleted occurrences
00:21 +148: /Users/ejunpark/.codex/worktrees/1f98bd1e-95ca-4396-82c1-c34de41a8851/OnTime-front/test/data/repositories/recurring_schedule_repository_test.dart: an override cannot be moved into another occurrence preparation window
00:21 +149: loading /Users/ejunpark/.codex/worktrees/1f98bd1e-95ca-4396-82c1-c34de41a8851/OnTime-front/test/data/repositories/early_start_session_repository_impl_test.dart
00:21 +149: /Users/ejunpark/.codex/worktrees/1f98bd1e-95ca-4396-82c1-c34de41a8851/OnTime-front/test/data/repositories/early_start_session_repository_impl_test.dart: markStarted saves and getSession restores early-start timestamp
00:21 +150: /Users/ejunpark/.codex/worktrees/1f98bd1e-95ca-4396-82c1-c34de41a8851/OnTime-front/test/data/repositories/early_start_session_repository_impl_test.dart: getSession returns null and clear removes saved session
00:21 +151: loading /Users/ejunpark/.codex/worktrees/1f98bd1e-95ca-4396-82c1-c34de41a8851/OnTime-front/test/data/repositories/local_schedule_score_test.dart
00:22 +151: /Users/ejunpark/.codex/worktrees/1f98bd1e-95ca-4396-82c1-c34de41a8851/OnTime-front/test/data/repositories/local_schedule_score_test.dart: normal and late finishes contribute once while deletion preserves aggregate
00:22 +152: loading /Users/ejunpark/.codex/worktrees/1f98bd1e-95ca-4396-82c1-c34de41a8851/OnTime-front/test/data/repositories/profile_write_preservation_test.dart
00:22 +152: /Users/ejunpark/.codex/worktrees/1f98bd1e-95ca-4396-82c1-c34de41a8851/OnTime-front/test/data/repositories/profile_write_preservation_test.dart: alarm repository returns preserved offset and detail preference from the DB
00:22 +153: /Users/ejunpark/.codex/worktrees/1f98bd1e-95ca-4396-82c1-c34de41a8851/OnTime-front/test/data/repositories/profile_write_preservation_test.dart: score reset starts a new aggregate without recounting old completions
00:22 +154: /Users/ejunpark/.codex/worktrees/1f98bd1e-95ca-4396-82c1-c34de41a8851/OnTime-front/test/data/repositories/profile_write_preservation_test.dart: spare time preserves preferences, scores and export metadata
00:22 +155: /Users/ejunpark/.codex/worktrees/1f98bd1e-95ca-4396-82c1-c34de41a8851/OnTime-front/test/data/repositories/profile_write_preservation_test.dart: repeated initial creation cannot replace an existing profile
00:22 +156: /Users/ejunpark/.codex/worktrees/1f98bd1e-95ca-4396-82c1-c34de41a8851/OnTime-front/test/data/repositories/profile_write_preservation_test.dart: same preferences and empty score reset are exact no-ops
00:22 +157: /Users/ejunpark/.codex/worktrees/1f98bd1e-95ca-4396-82c1-c34de41a8851/OnTime-front/test/data/repositories/profile_write_preservation_test.dart: finish and spare time changes retain both results with one revision each
00:22 +158: /Users/ejunpark/.codex/worktrees/1f98bd1e-95ca-4396-82c1-c34de41a8851/OnTime-front/test/data/repositories/profile_write_preservation_test.dart: concurrent finishes count distinct schedules once and duplicate only once
00:22 +159: /Users/ejunpark/.codex/worktrees/1f98bd1e-95ca-4396-82c1-c34de41a8851/OnTime-front/test/data/repositories/profile_write_preservation_test.dart: revision failure rolls back setting and profile changes
00:22 +160: /Users/ejunpark/.codex/worktrees/1f98bd1e-95ca-4396-82c1-c34de41a8851/OnTime-front/test/data/repositories/profile_write_preservation_test.dart: revision failure rolls back schedule result and score together
00:22 +161: /Users/ejunpark/.codex/worktrees/1f98bd1e-95ca-4396-82c1-c34de41a8851/OnTime-front/test/data/repositories/profile_write_preservation_test.dart: onboarding preparation and profile roll back if revision fails
00:22 +162: /Users/ejunpark/.codex/worktrees/1f98bd1e-95ca-4396-82c1-c34de41a8851/OnTime-front/test/data/repositories/profile_write_preservation_test.dart: multiple preparation steps are a no-op even when caller omits links
00:22 +163: /Users/ejunpark/.codex/worktrees/1f98bd1e-95ca-4396-82c1-c34de41a8851/OnTime-front/test/data/repositories/profile_write_preservation_test.dart: missing profile rejects updates and never reports a successful mutation
00:22 +164: /Users/ejunpark/.codex/worktrees/1f98bd1e-95ca-4396-82c1-c34de41a8851/OnTime-front/test/data/repositories/profile_write_preservation_test.dart: empty profile starts without a durable revision and creation is race safe
00:22 +165: /Users/ejunpark/.codex/worktrees/1f98bd1e-95ca-4396-82c1-c34de41a8851/OnTime-front/test/data/repositories/profile_write_preservation_test.dart: raw revision update notifies DB watchers and failed profile write publishes no success
00:22 +166: loading /Users/ejunpark/.codex/worktrees/1f98bd1e-95ca-4396-82c1-c34de41a8851/OnTime-front/test/data/data_sources/alarm_registry_local_data_source_test.dart
00:23 +166: /Users/ejunpark/.codex/worktrees/1f98bd1e-95ca-4396-82c1-c34de41a8851/OnTime-front/test/data/data_sources/alarm_registry_local_data_source_test.dart: wrong-typed known registry is removed instead of retaining raw text
00:23 +167: /Users/ejunpark/.codex/worktrees/1f98bd1e-95ca-4396-82c1-c34de41a8851/OnTime-front/test/data/data_sources/alarm_registry_local_data_source_test.dart: loadAll returns empty for missing, empty, and corrupt storage
00:23 +168: /Users/ejunpark/.codex/worktrees/1f98bd1e-95ca-4396-82c1-c34de41a8851/OnTime-front/test/data/data_sources/alarm_registry_local_data_source_test.dart: malformed new content metadata never drops registry ownership records
00:23 +169: /Users/ejunpark/.codex/worktrees/1f98bd1e-95ca-4396-82c1-c34de41a8851/OnTime-front/test/data/data_sources/alarm_registry_local_data_source_test.dart: replaceAll persists records and removes the key when cleared
00:23 +170: loading /Users/ejunpark/.codex/worktrees/1f98bd1e-95ca-4396-82c1-c34de41a8851/OnTime-front/test/data/data_sources/schedule_local_data_source_test.dart
00:23 +170: /Users/ejunpark/.codex/worktrees/1f98bd1e-95ca-4396-82c1-c34de41a8851/OnTime-front/test/data/data_sources/schedule_local_data_source_test.dart: creates and reads a schedule with its place
00:24 +171: /Users/ejunpark/.codex/worktrees/1f98bd1e-95ca-4396-82c1-c34de41a8851/OnTime-front/test/data/data_sources/schedule_local_data_source_test.dart: filters schedules by date range and updates schedule fields
00:24 +172: /Users/ejunpark/.codex/worktrees/1f98bd1e-95ca-4396-82c1-c34de41a8851/OnTime-front/test/data/data_sources/schedule_local_data_source_test.dart: filters schedule date ranges as start-inclusive and end-exclusive
00:24 +173: /Users/ejunpark/.codex/worktrees/1f98bd1e-95ca-4396-82c1-c34de41a8851/OnTime-front/test/data/data_sources/schedule_local_data_source_test.dart: deleteSchedule removes only the requested schedule
00:24 +174: loading /Users/ejunpark/.codex/worktrees/1f98bd1e-95ca-4396-82c1-c34de41a8851/OnTime-front/test/data/data_sources/schedule_data_source_contract_test.dart
00:24 +174: /Users/ejunpark/.codex/worktrees/1f98bd1e-95ca-4396-82c1-c34de41a8851/OnTime-front/test/data/data_sources/schedule_data_source_contract_test.dart: schedule local data source contract does not expose domain entities
00:24 +175: loading /Users/ejunpark/.codex/worktrees/1f98bd1e-95ca-4396-82c1-c34de41a8851/OnTime-front/test/data/data_sources/preparation_with_time_local_data_source_test.dart
00:24 +175: /Users/ejunpark/.codex/worktrees/1f98bd1e-95ca-4396-82c1-c34de41a8851/OnTime-front/test/data/data_sources/preparation_with_time_local_data_source_test.dart: savePreparation persists elapsed step state for a schedule
00:24 +176: /Users/ejunpark/.codex/worktrees/1f98bd1e-95ca-4396-82c1-c34de41a8851/OnTime-front/test/data/data_sources/preparation_with_time_local_data_source_test.dart: savePreparation persists preparation run action events
00:24 +177: /Users/ejunpark/.codex/worktrees/1f98bd1e-95ca-4396-82c1-c34de41a8851/OnTime-front/test/data/data_sources/preparation_with_time_local_data_source_test.dart: loadPreparation returns null for missing or corrupt snapshots
00:24 +178: /Users/ejunpark/.codex/worktrees/1f98bd1e-95ca-4396-82c1-c34de41a8851/OnTime-front/test/data/data_sources/preparation_with_time_local_data_source_test.dart: loadPreparation rejects unverifiable legacy snapshots
00:24 +179: /Users/ejunpark/.codex/worktrees/1f98bd1e-95ca-4396-82c1-c34de41a8851/OnTime-front/test/data/data_sources/preparation_with_time_local_data_source_test.dart: clearPreparation removes only the requested schedule snapshot
00:24 +180: /Users/ejunpark/.codex/worktrees/1f98bd1e-95ca-4396-82c1-c34de41a8851/OnTime-front/test/data/data_sources/preparation_with_time_local_data_source_test.dart: explicit malformed events and negative progress invalidate whole snapshot
00:24 +181: /Users/ejunpark/.codex/worktrees/1f98bd1e-95ca-4396-82c1-c34de41a8851/OnTime-front/test/data/data_sources/preparation_with_time_local_data_source_test.dart: TimedPreparationRepositoryImpl delegates cache lifecycle operations
00:24 +182: loading /Users/ejunpark/.codex/worktrees/1f98bd1e-95ca-4396-82c1-c34de41a8851/OnTime-front/test/data/data_sources/preparation_local_data_source_test.dart
00:25 +182: /Users/ejunpark/.codex/worktrees/1f98bd1e-95ca-4396-82c1-c34de41a8851/OnTime-front/test/data/data_sources/preparation_local_data_source_test.dart: creates and updates the default user preparation
00:25 +183: /Users/ejunpark/.codex/worktrees/1f98bd1e-95ca-4396-82c1-c34de41a8851/OnTime-front/test/data/data_sources/preparation_local_data_source_test.dart: creates, reads, updates, and deletes custom schedule preparation
00:25 +184: /Users/ejunpark/.codex/worktrees/1f98bd1e-95ca-4396-82c1-c34de41a8851/OnTime-front/test/data/data_sources/preparation_local_data_source_test.dart: deletePreparation rejects empty preparation entities
00:25 +185: loading /Users/ejunpark/.codex/worktrees/1f98bd1e-95ca-4396-82c1-c34de41a8851/OnTime-front/test/data/data_sources/early_start_session_local_data_source_test.dart
00:26 +185: /Users/ejunpark/.codex/worktrees/1f98bd1e-95ca-4396-82c1-c34de41a8851/OnTime-front/test/data/data_sources/early_start_session_local_data_source_test.dart: saves and loads the early start timestamp per schedule
00:26 +186: /Users/ejunpark/.codex/worktrees/1f98bd1e-95ca-4396-82c1-c34de41a8851/OnTime-front/test/data/data_sources/early_start_session_local_data_source_test.dart: returns null for missing, corrupt, and incomplete session payloads
00:26 +187: /Users/ejunpark/.codex/worktrees/1f98bd1e-95ca-4396-82c1-c34de41a8851/OnTime-front/test/data/data_sources/early_start_session_local_data_source_test.dart: clearSession removes only the requested schedule session
00:26 +188: loading /Users/ejunpark/.codex/worktrees/1f98bd1e-95ca-4396-82c1-c34de41a8851/OnTime-front/test/data/mappers/domain_persistence_mappers_test.dart
00:26 +188: /Users/ejunpark/.codex/worktrees/1f98bd1e-95ca-4396-82c1-c34de41a8851/OnTime-front/test/data/mappers/domain_persistence_mappers_test.dart: domain persistence mappers map schedules to and from database rows preserving stored fields
00:26 +189: /Users/ejunpark/.codex/worktrees/1f98bd1e-95ca-4396-82c1-c34de41a8851/OnTime-front/test/data/mappers/domain_persistence_mappers_test.dart: domain persistence mappers maps users to and from database rows preserving profile values
00:26 +190: /Users/ejunpark/.codex/worktrees/1f98bd1e-95ca-4396-82c1-c34de41a8851/OnTime-front/test/data/mappers/domain_persistence_mappers_test.dart: domain persistence mappers empty users cannot be converted to database rows
00:26 +191: /Users/ejunpark/.codex/worktrees/1f98bd1e-95ca-4396-82c1-c34de41a8851/OnTime-front/test/data/mappers/domain_persistence_mappers_test.dart: domain persistence mappers maps places and preparation steps to database rows
00:26 +192: loading /Users/ejunpark/.codex/worktrees/1f98bd1e-95ca-4396-82c1-c34de41a8851/OnTime-front/test/data/daos/user_dao_test.dart
00:26 +192: /Users/ejunpark/.codex/worktrees/1f98bd1e-95ca-4396-82c1-c34de41a8851/OnTime-front/test/data/daos/user_dao_test.dart: createUser persists the user profile fields
00:27 +193: /Users/ejunpark/.codex/worktrees/1f98bd1e-95ca-4396-82c1-c34de41a8851/OnTime-front/test/data/daos/user_dao_test.dart: getUserById returns null for an unknown user
00:27 +194: /Users/ejunpark/.codex/worktrees/1f98bd1e-95ca-4396-82c1-c34de41a8851/OnTime-front/test/data/daos/user_dao_test.dart: getAllUsers returns all persisted users as domain entities
00:27 +195: loading /Users/ejunpark/.codex/worktrees/1f98bd1e-95ca-4396-82c1-c34de41a8851/OnTime-front/test/data/daos/preparation_user_dao_test.dart
00:27 +195: /Users/ejunpark/.codex/worktrees/1f98bd1e-95ca-4396-82c1-c34de41a8851/OnTime-front/test/data/daos/preparation_user_dao_test.dart: createPreparationUser should insert preparation steps and link them as a linked list
00:27 +196: /Users/ejunpark/.codex/worktrees/1f98bd1e-95ca-4396-82c1-c34de41a8851/OnTime-front/test/data/daos/preparation_user_dao_test.dart: getPreparationUsersByUserId should return an empty preparation list when user has no steps
00:27 +197: /Users/ejunpark/.codex/worktrees/1f98bd1e-95ca-4396-82c1-c34de41a8851/OnTime-front/test/data/daos/preparation_user_dao_test.dart: getPreparationUsersByUserId should return ordered preparation steps for a given user
00:27 +198: /Users/ejunpark/.codex/worktrees/1f98bd1e-95ca-4396-82c1-c34de41a8851/OnTime-front/test/data/daos/preparation_user_dao_test.dart: getPreparationUsersByUserId should return ordered preparation steps when rows are out of order
00:27 +199: /Users/ejunpark/.codex/worktrees/1f98bd1e-95ca-4396-82c1-c34de41a8851/OnTime-front/test/data/daos/preparation_user_dao_test.dart: getPreparationUsersByUserId should keep remaining preparation steps when a link is broken
00:27 +200: /Users/ejunpark/.codex/worktrees/1f98bd1e-95ca-4396-82c1-c34de41a8851/OnTime-front/test/data/daos/preparation_user_dao_test.dart: getPreparationUsersByUserId should return each preparation step once when links form a cycle
00:27 +201: /Users/ejunpark/.codex/worktrees/1f98bd1e-95ca-4396-82c1-c34de41a8851/OnTime-front/test/data/daos/preparation_user_dao_test.dart: getPreparationStepById should return one preparation step by id
00:27 +202: /Users/ejunpark/.codex/worktrees/1f98bd1e-95ca-4396-82c1-c34de41a8851/OnTime-front/test/data/daos/preparation_user_dao_test.dart: getPreparationStepById should throw when the preparation step does not exist
00:27 +203: /Users/ejunpark/.codex/worktrees/1f98bd1e-95ca-4396-82c1-c34de41a8851/OnTime-front/test/data/daos/preparation_user_dao_test.dart: deletePreparationUser should delete a preparation step and relink the list
00:27 +204: /Users/ejunpark/.codex/worktrees/1f98bd1e-95ca-4396-82c1-c34de41a8851/OnTime-front/test/data/daos/preparation_user_dao_test.dart: updatePreparationUser should update a preparation step
00:27 +205: loading /Users/ejunpark/.codex/worktrees/1f98bd1e-95ca-4396-82c1-c34de41a8851/OnTime-front/test/data/daos/schedule_dao_test.dart
00:28 +205: /Users/ejunpark/.codex/worktrees/1f98bd1e-95ca-4396-82c1-c34de41a8851/OnTime-front/test/data/daos/schedule_dao_test.dart: missing schedule has typed absence while database failure stays an error
00:28 +206: /Users/ejunpark/.codex/worktrees/1f98bd1e-95ca-4396-82c1-c34de41a8851/OnTime-front/test/data/daos/schedule_dao_test.dart: createSchedule should insert a schedule into the database
00:28 +207: /Users/ejunpark/.codex/worktrees/1f98bd1e-95ca-4396-82c1-c34de41a8851/OnTime-front/test/data/daos/schedule_dao_test.dart: updateSchedule should update a schedule in the database
00:28 +208: /Users/ejunpark/.codex/worktrees/1f98bd1e-95ca-4396-82c1-c34de41a8851/OnTime-front/test/data/daos/schedule_dao_test.dart: deleteSchedule should delete a schedule from the database
00:28 +209: /Users/ejunpark/.codex/worktrees/1f98bd1e-95ca-4396-82c1-c34de41a8851/OnTime-front/test/data/daos/schedule_dao_test.dart: getScheduleById should return a schedule from the database of given [id]
00:28 +210: /Users/ejunpark/.codex/worktrees/1f98bd1e-95ca-4396-82c1-c34de41a8851/OnTime-front/test/data/daos/schedule_dao_test.dart: getSchedulesByDate includes start date and excludes exact end date
00:28 +211: /Users/ejunpark/.codex/worktrees/1f98bd1e-95ca-4396-82c1-c34de41a8851/OnTime-front/test/data/daos/schedule_dao_test.dart: getSchedulesByDate should return a list of schedules between [startDate] and [endDate]
00:28 +212: /Users/ejunpark/.codex/worktrees/1f98bd1e-95ca-4396-82c1-c34de41a8851/OnTime-front/test/data/daos/schedule_dao_test.dart: getSchedulesByDate should return a list of schedules later then [startDate] if [endDate] is null
00:28 +213: loading /Users/ejunpark/.codex/worktrees/1f98bd1e-95ca-4396-82c1-c34de41a8851/OnTime-front/test/data/daos/preparation_schedule_dao_test.dart
00:28 +213: /Users/ejunpark/.codex/worktrees/1f98bd1e-95ca-4396-82c1-c34de41a8851/OnTime-front/test/data/daos/preparation_schedule_dao_test.dart: createPreparationUser should insert preparation steps and link them as a linked list
00:28 +214: /Users/ejunpark/.codex/worktrees/1f98bd1e-95ca-4396-82c1-c34de41a8851/OnTime-front/test/data/daos/preparation_schedule_dao_test.dart: getPreparationUsersByUserId should return ordered preparation steps for a given user
00:28 +215: /Users/ejunpark/.codex/worktrees/1f98bd1e-95ca-4396-82c1-c34de41a8851/OnTime-front/test/data/daos/preparation_schedule_dao_test.dart: deletePreparationUser should delete a preparation step and relink the list
00:28 +216: /Users/ejunpark/.codex/worktrees/1f98bd1e-95ca-4396-82c1-c34de41a8851/OnTime-front/test/data/daos/preparation_schedule_dao_test.dart: updatePreparationUser should update a preparation step
00:28 +217: /Users/ejunpark/.codex/worktrees/1f98bd1e-95ca-4396-82c1-c34de41a8851/OnTime-front/test/data/daos/preparation_schedule_dao_test.dart: schedule preparations createPreparationSchedule stores steps as an ordered linked list
00:28 +218: /Users/ejunpark/.codex/worktrees/1f98bd1e-95ca-4396-82c1-c34de41a8851/OnTime-front/test/data/daos/preparation_schedule_dao_test.dart: schedule preparations getPreparationSchedulesByScheduleId returns empty for no steps
00:28 +219: /Users/ejunpark/.codex/worktrees/1f98bd1e-95ca-4396-82c1-c34de41a8851/OnTime-front/test/data/daos/preparation_schedule_dao_test.dart: schedule preparations getPreparationSchedulesByScheduleId orders three linked steps when rows are out of order
00:28 +220: /Users/ejunpark/.codex/worktrees/1f98bd1e-95ca-4396-82c1-c34de41a8851/OnTime-front/test/data/daos/preparation_schedule_dao_test.dart: schedule preparations getPreparationSchedulesByScheduleId keeps remaining steps when a link is broken
00:28 +221: /Users/ejunpark/.codex/worktrees/1f98bd1e-95ca-4396-82c1-c34de41a8851/OnTime-front/test/data/daos/preparation_schedule_dao_test.dart: schedule preparations getPreparationSchedulesByScheduleId returns each step once when links form a cycle
00:28 +222: /Users/ejunpark/.codex/worktrees/1f98bd1e-95ca-4396-82c1-c34de41a8851/OnTime-front/test/data/daos/preparation_schedule_dao_test.dart: schedule preparations getPreparationStepById returns the stored step contract
00:28 +223: /Users/ejunpark/.codex/worktrees/1f98bd1e-95ca-4396-82c1-c34de41a8851/OnTime-front/test/data/daos/preparation_schedule_dao_test.dart: schedule preparations getPreparationStepById throws for a missing step
00:28 +224: /Users/ejunpark/.codex/worktrees/1f98bd1e-95ca-4396-82c1-c34de41a8851/OnTime-front/test/data/daos/preparation_schedule_dao_test.dart: schedule preparations updatePreparationSchedule changes name time and next pointer
00:28 +225: /Users/ejunpark/.codex/worktrees/1f98bd1e-95ca-4396-82c1-c34de41a8851/OnTime-front/test/data/daos/preparation_schedule_dao_test.dart: schedule preparations deletePreparationSchedule removes middle step and relinks neighbors
00:28 +226: loading /Users/ejunpark/.codex/worktrees/1f98bd1e-95ca-4396-82c1-c34de41a8851/OnTime-front/test/domain/recurrence/recurrence_engine_test.dart
00:29 +226: /Users/ejunpark/.codex/worktrees/1f98bd1e-95ca-4396-82c1-c34de41a8851/OnTime-front/test/domain/recurrence/recurrence_engine_test.dart: monthly 31st counts real dates and skips short months
00:29 +227: /Users/ejunpark/.codex/worktrees/1f98bd1e-95ca-4396-82c1-c34de41a8851/OnTime-front/test/domain/recurrence/recurrence_engine_test.dart: deleting a counted slot never extends or fills the series
00:29 +228: /Users/ejunpark/.codex/worktrees/1f98bd1e-95ca-4396-82c1-c34de41a8851/OnTime-front/test/domain/recurrence/recurrence_engine_test.dart: last day is distinct from 31st, including leap February
00:29 +229: /Users/ejunpark/.codex/worktrees/1f98bd1e-95ca-4396-82c1-c34de41a8851/OnTime-front/test/domain/recurrence/recurrence_engine_test.dart: fifth weekday skips missing months while last weekday does not
00:29 +230: /Users/ejunpark/.codex/worktrees/1f98bd1e-95ca-4396-82c1-c34de41a8851/OnTime-front/test/domain/recurrence/recurrence_engine_test.dart: weekly matching starts inclusively without adding the anchor day
00:29 +231: /Users/ejunpark/.codex/worktrees/1f98bd1e-95ca-4396-82c1-c34de41a8851/OnTime-front/test/domain/recurrence/recurrence_engine_test.dart: daily intervals keep civil time and include the end date
00:29 +232: /Users/ejunpark/.codex/worktrees/1f98bd1e-95ca-4396-82c1-c34de41a8851/OnTime-front/test/domain/recurrence/recurrence_engine_test.dart: spring gap is skipped and does not consume the count
00:29 +233: /Users/ejunpark/.codex/worktrees/1f98bd1e-95ca-4396-82c1-c34de41a8851/OnTime-front/test/domain/recurrence/recurrence_engine_test.dart: fall overlap requires an explicit first or second choice
00:29 +234: /Users/ejunpark/.codex/worktrees/1f98bd1e-95ca-4396-82c1-c34de41a8851/OnTime-front/test/domain/recurrence/recurrence_engine_test.dart: new series starts at a future preparation and counts from there
00:29 +235: /Users/ejunpark/.codex/worktrees/1f98bd1e-95ca-4396-82c1-c34de41a8851/OnTime-front/test/domain/recurrence/recurrence_engine_test.dart: range queries preserve original count and stable slot keys
00:29 +236: /Users/ejunpark/.codex/worktrees/1f98bd1e-95ca-4396-82c1-c34de41a8851/OnTime-front/test/domain/recurrence/recurrence_engine_test.dart: unknown zone and exhausted search never report success
00:29 +237: /Users/ejunpark/.codex/worktrees/1f98bd1e-95ca-4396-82c1-c34de41a8851/OnTime-front/test/domain/recurrence/recurrence_engine_test.dart: invalid and ambiguous rule definitions are rejected
00:29 +238: loading /Users/ejunpark/.codex/worktrees/1f98bd1e-95ca-4396-82c1-c34de41a8851/OnTime-front/test/domain/use-cases/reconcile_alarms_use_case_test.dart
00:30 +238: /Users/ejunpark/.codex/worktrees/1f98bd1e-95ca-4396-82c1-c34de41a8851/OnTime-front/test/domain/use-cases/reconcile_alarms_use_case_test.dart: Android grant and revoke replace timing while preserving capacity and ownership
00:30 +239: /Users/ejunpark/.codex/worktrees/1f98bd1e-95ca-4396-82c1-c34de41a8851/OnTime-front/test/domain/use-cases/reconcile_alarms_use_case_test.dart: actual downgrade receipt is persisted instead of optimistic permission
00:30 +240: /Users/ejunpark/.codex/worktrees/1f98bd1e-95ca-4396-82c1-c34de41a8851/OnTime-front/test/domain/use-cases/reconcile_alarms_use_case_test.dart: legacy or malformed mode keeps ownership and forces Android replacement
00:30 +241: /Users/ejunpark/.codex/worktrees/1f98bd1e-95ca-4396-82c1-c34de41a8851/OnTime-front/test/domain/use-cases/reconcile_alarms_use_case_test.dart: timing change cannot overwrite a failed cancellation
00:30 +242: /Users/ejunpark/.codex/worktrees/1f98bd1e-95ca-4396-82c1-c34de41a8851/OnTime-front/test/domain/use-cases/reconcile_alarms_use_case_test.dart: display denial plus cancellation failure preserves OS ownership
00:30 +243: /Users/ejunpark/.codex/worktrees/1f98bd1e-95ca-4396-82c1-c34de41a8851/OnTime-front/test/domain/use-cases/reconcile_alarms_use_case_test.dart: requests the full future window and schedules only eligible records
00:30 +244: /Users/ejunpark/.codex/worktrees/1f98bd1e-95ca-4396-82c1-c34de41a8851/OnTime-front/test/domain/use-cases/reconcile_alarms_use_case_test.dart: skips a just-missed alarm instead of scheduling catch-up
00:30 +245: /Users/ejunpark/.codex/worktrees/1f98bd1e-95ca-4396-82c1-c34de41a8851/OnTime-front/test/domain/use-cases/reconcile_alarms_use_case_test.dart: clears an already armed just-missed alarm instead of scheduling catch-up
00:30 +246: /Users/ejunpark/.codex/worktrees/1f98bd1e-95ca-4396-82c1-c34de41a8851/OnTime-front/test/domain/use-cases/reconcile_alarms_use_case_test.dart: android schedule notifications arm beyond 24 hours
00:30 +247: /Users/ejunpark/.codex/worktrees/1f98bd1e-95ca-4396-82c1-c34de41a8851/OnTime-front/test/domain/use-cases/reconcile_alarms_use_case_test.dart: arms only the nearest 60 future alarms and reports the overflow
00:30 +248: /Users/ejunpark/.codex/worktrees/1f98bd1e-95ca-4396-82c1-c34de41a8851/OnTime-front/test/domain/use-cases/reconcile_alarms_use_case_test.dart: keeps alarm content private unless detailed content is enabled
00:30 +249: /Users/ejunpark/.codex/worktrees/1f98bd1e-95ca-4396-82c1-c34de41a8851/OnTime-front/test/domain/use-cases/reconcile_alarms_use_case_test.dart: replaces an existing detailed registration when details are disabled
00:30 +250: /Users/ejunpark/.codex/worktrees/1f98bd1e-95ca-4396-82c1-c34de41a8851/OnTime-front/test/domain/use-cases/reconcile_alarms_use_case_test.dart: does not report private armed or discard evidence when detailed cancellation fails
00:30 +251: /Users/ejunpark/.codex/worktrees/1f98bd1e-95ca-4396-82c1-c34de41a8851/OnTime-front/test/domain/use-cases/reconcile_alarms_use_case_test.dart: changes detailed titles but does not reschedule private title-only edits
00:30 +252: /Users/ejunpark/.codex/worktrees/1f98bd1e-95ca-4396-82c1-c34de41a8851/OnTime-front/test/domain/use-cases/reconcile_alarms_use_case_test.dart: reconciles locale and visible time zone using one content snapshot
00:30 +253: /Users/ejunpark/.codex/worktrees/1f98bd1e-95ca-4396-82c1-c34de41a8851/OnTime-front/test/domain/use-cases/reconcile_alarms_use_case_test.dart: legacy content metadata is replaced once and current persisted metadata is stable
00:30 +254: /Users/ejunpark/.codex/worktrees/1f98bd1e-95ca-4396-82c1-c34de41a8851/OnTime-front/test/domain/use-cases/reconcile_alarms_use_case_test.dart: cancellation failure survives restart, blocks only that ID and retries after recovery
00:30 +255: /Users/ejunpark/.codex/worktrees/1f98bd1e-95ca-4396-82c1-c34de41a8851/OnTime-front/test/domain/use-cases/reconcile_alarms_use_case_test.dart: private scheduling failure never restores details and retries next time
00:30 +256: /Users/ejunpark/.codex/worktrees/1f98bd1e-95ca-4396-82c1-c34de41a8851/OnTime-front/test/domain/use-cases/reconcile_alarms_use_case_test.dart: global disable retains failed cancellation instead of claiming disabled
00:30 +257: /Users/ejunpark/.codex/worktrees/1f98bd1e-95ca-4396-82c1-c34de41a8851/OnTime-front/test/domain/use-cases/reconcile_alarms_use_case_test.dart: cleans a past owned notification without re-emitting it or canceling other IDs
00:30 +258: /Users/ejunpark/.codex/worktrees/1f98bd1e-95ca-4396-82c1-c34de41a8851/OnTime-front/test/domain/use-cases/reconcile_alarms_use_case_test.dart: an already started preparation never receives a new start notification
00:30 +259: /Users/ejunpark/.codex/worktrees/1f98bd1e-95ca-4396-82c1-c34de41a8851/OnTime-front/test/domain/use-cases/reconcile_alarms_use_case_test.dart: iOS native privacy cancellation also preserves failed evidence and retries
00:30 +260: /Users/ejunpark/.codex/worktrees/1f98bd1e-95ca-4396-82c1-c34de41a8851/OnTime-front/test/domain/use-cases/reconcile_alarms_use_case_test.dart: coalesces overlapping reconciliation requests
00:30 +261: /Users/ejunpark/.codex/worktrees/1f98bd1e-95ca-4396-82c1-c34de41a8851/OnTime-front/test/domain/use-cases/reconcile_alarms_use_case_test.dart: cancels stale record before rescheduling changed fingerprint
00:30 +262: /Users/ejunpark/.codex/worktrees/1f98bd1e-95ca-4396-82c1-c34de41a8851/OnTime-front/test/domain/use-cases/reconcile_alarms_use_case_test.dart: replaces matching Android native registry record with notification
00:30 +263: /Users/ejunpark/.codex/worktrees/1f98bd1e-95ca-4396-82c1-c34de41a8851/OnTime-front/test/domain/use-cases/reconcile_alarms_use_case_test.dart: keeps matching fallback registry record when fallback provider is available
00:30 +264: /Users/ejunpark/.codex/worktrees/1f98bd1e-95ca-4396-82c1-c34de41a8851/OnTime-front/test/domain/use-cases/reconcile_alarms_use_case_test.dart: reschedules stale record with old alarm launch payload version
00:30 +265: /Users/ejunpark/.codex/worktrees/1f98bd1e-95ca-4396-82c1-c34de41a8851/OnTime-front/test/domain/use-cases/reconcile_alarms_use_case_test.dart: uses local notification fallback when native alarms are unsupported
00:30 +266: /Users/ejunpark/.codex/worktrees/1f98bd1e-95ca-4396-82c1-c34de41a8851/OnTime-front/test/domain/use-cases/reconcile_alarms_use_case_test.dart: uses local notification fallback when exact alarm permission is denied
00:30 +267: /Users/ejunpark/.codex/worktrees/1f98bd1e-95ca-4396-82c1-c34de41a8851/OnTime-front/test/domain/use-cases/reconcile_alarms_use_case_test.dart: falls back to local notification when native scheduling fails
00:30 +268: /Users/ejunpark/.codex/worktrees/1f98bd1e-95ca-4396-82c1-c34de41a8851/OnTime-front/test/domain/use-cases/reconcile_alarms_use_case_test.dart: reports notification permission when only fallback delivery is denied
00:30 +269: /Users/ejunpark/.codex/worktrees/1f98bd1e-95ca-4396-82c1-c34de41a8851/OnTime-front/test/domain/use-cases/reconcile_alarms_use_case_test.dart: reports permissionNeeded when exact alarm and fallback permissions are denied
00:30 +270: /Users/ejunpark/.codex/worktrees/1f98bd1e-95ca-4396-82c1-c34de41a8851/OnTime-front/test/domain/use-cases/reconcile_alarms_use_case_test.dart: does not use notification fallback when fallback provider is disabled
00:30 +271: /Users/ejunpark/.codex/worktrees/1f98bd1e-95ca-4396-82c1-c34de41a8851/OnTime-front/test/domain/use-cases/reconcile_alarms_use_case_test.dart: settingsUnavailable reports without canceling existing registry
00:30 +272: /Users/ejunpark/.codex/worktrees/1f98bd1e-95ca-4396-82c1-c34de41a8851/OnTime-front/test/domain/use-cases/reconcile_alarms_use_case_test.dart: alarm window failure reports partial without throwing
00:30 +273: /Users/ejunpark/.codex/worktrees/1f98bd1e-95ca-4396-82c1-c34de41a8851/OnTime-front/test/domain/use-cases/reconcile_alarms_use_case_test.dart: global disabled cancels all local alarms and clears registry
00:30 +274: /Users/ejunpark/.codex/worktrees/1f98bd1e-95ca-4396-82c1-c34de41a8851/OnTime-front/test/domain/use-cases/reconcile_alarms_use_case_test.dart: reports partial when scheduling a desired notification fails
00:30 +275: /Users/ejunpark/.codex/worktrees/1f98bd1e-95ca-4396-82c1-c34de41a8851/OnTime-front/test/domain/use-cases/reconcile_alarms_use_case_test.dart: notification permission is reported when fallback notification is unavailable
00:30 +276: /Users/ejunpark/.codex/worktrees/1f98bd1e-95ca-4396-82c1-c34de41a8851/OnTime-front/test/domain/use-cases/reconcile_alarms_use_case_test.dart: fallback scheduling failures become permission or partial reports
00:30 +277: /Users/ejunpark/.codex/worktrees/1f98bd1e-95ca-4396-82c1-c34de41a8851/OnTime-front/test/domain/use-cases/reconcile_alarms_use_case_test.dart: fallback alarm scheduling exceptions without permission issue are partial failures
00:30 +278: /Users/ejunpark/.codex/worktrees/1f98bd1e-95ca-4396-82c1-c34de41a8851/OnTime-front/test/domain/use-cases/reconcile_alarms_use_case_test.dart: unsupported local providers return unsupported without throwing
00:30 +279: /Users/ejunpark/.codex/worktrees/1f98bd1e-95ca-4396-82c1-c34de41a8851/OnTime-front/test/domain/use-cases/reconcile_alarms_use_case_test.dart: permission check failures degrade to denied or unsupported states
00:30 +280: /Users/ejunpark/.codex/worktrees/1f98bd1e-95ca-4396-82c1-c34de41a8851/OnTime-front/test/domain/use-cases/reconcile_alarms_use_case_test.dart: cancel failures retain retry evidence without claiming armed
00:30 +281: loading /Users/ejunpark/.codex/worktrees/1f98bd1e-95ca-4396-82c1-c34de41a8851/OnTime-front/test/domain/use-cases/schedule_mutation_alarm_effects_coordinator_test.dart
00:30 +281: /Users/ejunpark/.codex/worktrees/1f98bd1e-95ca-4396-82c1-c34de41a8851/OnTime-front/test/domain/use-cases/schedule_mutation_alarm_effects_coordinator_test.dart: created and updated schedules reconcile without targeted cancellation
00:30 +282: /Users/ejunpark/.codex/worktrees/1f98bd1e-95ca-4396-82c1-c34de41a8851/OnTime-front/test/domain/use-cases/schedule_mutation_alarm_effects_coordinator_test.dart: deleted and finished schedules cancel targeted alarm before reconciling
00:30 +283: /Users/ejunpark/.codex/worktrees/1f98bd1e-95ca-4396-82c1-c34de41a8851/OnTime-front/test/domain/use-cases/schedule_mutation_alarm_effects_coordinator_test.dart: reconciliation failures remain best-effort
00:30 +284: loading /Users/ejunpark/.codex/worktrees/1f98bd1e-95ca-4396-82c1-c34de41a8851/OnTime-front/test/domain/use-cases/get_nearest_upcoming_schedule_use_case_test.dart
00:31 +284: /Users/ejunpark/.codex/worktrees/1f98bd1e-95ca-4396-82c1-c34de41a8851/OnTime-front/test/domain/use-cases/get_nearest_upcoming_schedule_use_case_test.dart: swallows background week load failures before streaming cache
00:31 +285: loading /Users/ejunpark/.codex/worktrees/1f98bd1e-95ca-4396-82c1-c34de41a8851/OnTime-front/test/domain/use-cases/load_schedule_form_draft_use_case_test.dart
00:31 +285: /Users/ejunpark/.codex/worktrees/1f98bd1e-95ca-4396-82c1-c34de41a8851/OnTime-front/test/domain/use-cases/load_schedule_form_draft_use_case_test.dart: create draft uses default preparation, user spare time, generated ids, and seeded date
00:31 +286: loading /Users/ejunpark/.codex/worktrees/1f98bd1e-95ca-4396-82c1-c34de41a8851/OnTime-front/test/domain/use-cases/timed_preparation_use_cases_test.dart
00:32 +286: /Users/ejunpark/.codex/worktrees/1f98bd1e-95ca-4396-82c1-c34de41a8851/OnTime-front/test/domain/use-cases/timed_preparation_use_cases_test.dart: SaveTimedPreparationUseCase stores a fingerprinted snapshot
00:32 +287: /Users/ejunpark/.codex/worktrees/1f98bd1e-95ca-4396-82c1-c34de41a8851/OnTime-front/test/domain/use-cases/timed_preparation_use_cases_test.dart: timed preparation read and clear use cases delegate by schedule id
00:32 +288: /Users/ejunpark/.codex/worktrees/1f98bd1e-95ca-4396-82c1-c34de41a8851/OnTime-front/test/domain/use-cases/timed_preparation_use_cases_test.dart: early start session use cases mark read and clear one schedule
00:32 +289: /Users/ejunpark/.codex/worktrees/1f98bd1e-95ca-4396-82c1-c34de41a8851/OnTime-front/test/domain/use-cases/timed_preparation_use_cases_test.dart: timed preparation snapshots copy changed cache fields
00:32 +290: /Users/ejunpark/.codex/worktrees/1f98bd1e-95ca-4396-82c1-c34de41a8851/OnTime-front/test/domain/use-cases/timed_preparation_use_cases_test.dart: LoadAdjacentScheduleWithPreparationUseCase loads each schedule prep
00:32 +291: /Users/ejunpark/.codex/worktrees/1f98bd1e-95ca-4396-82c1-c34de41a8851/OnTime-front/test/domain/use-cases/timed_preparation_use_cases_test.dart: GetPreparationByScheduleIdUseCase waits for matching cache entry
00:32 +292: /Users/ejunpark/.codex/worktrees/1f98bd1e-95ca-4396-82c1-c34de41a8851/OnTime-front/test/domain/use-cases/timed_preparation_use_cases_test.dart: preparation use cases delegate to repository with explicit arguments
00:32 +293: /Users/ejunpark/.codex/worktrees/1f98bd1e-95ca-4396-82c1-c34de41a8851/OnTime-front/test/domain/use-cases/timed_preparation_use_cases_test.dart: default and stream preparation use cases expose repository values
00:32 +294: /Users/ejunpark/.codex/worktrees/1f98bd1e-95ca-4396-82c1-c34de41a8851/OnTime-front/test/domain/use-cases/timed_preparation_use_cases_test.dart: GetNearestUpcomingScheduleUseCase loads prep for nearest active schedule
00:32 +295: loading /Users/ejunpark/.codex/worktrees/1f98bd1e-95ca-4396-82c1-c34de41a8851/OnTime-front/test/domain/use-cases/schedule_preparation_session_use_case_test.dart
00:33 +295: /Users/ejunpark/.codex/worktrees/1f98bd1e-95ca-4396-82c1-c34de41a8851/OnTime-front/test/domain/use-cases/schedule_preparation_session_use_case_test.dart: early start begins the schedule preparation session once and saves progress
00:33 +296: /Users/ejunpark/.codex/worktrees/1f98bd1e-95ca-4396-82c1-c34de41a8851/OnTime-front/test/domain/use-cases/schedule_preparation_session_use_case_test.dart: matching timed preparation snapshot restores elapsed session progress
00:33 +297: /Users/ejunpark/.codex/worktrees/1f98bd1e-95ca-4396-82c1-c34de41a8851/OnTime-front/test/domain/use-cases/schedule_preparation_session_use_case_test.dart: stale timed preparation snapshot clears persisted session state
00:33 +298: /Users/ejunpark/.codex/worktrees/1f98bd1e-95ca-4396-82c1-c34de41a8851/OnTime-front/test/domain/use-cases/schedule_preparation_session_use_case_test.dart: ended prompted schedule is rejected and scheduled delivery is cancelled
00:33 +299: /Users/ejunpark/.codex/worktrees/1f98bd1e-95ca-4396-82c1-c34de41a8851/OnTime-front/test/domain/use-cases/schedule_preparation_session_use_case_test.dart: valid prompted schedule loads preparation and returns ready schedule
00:33 +300: /Users/ejunpark/.codex/worktrees/1f98bd1e-95ca-4396-82c1-c34de41a8851/OnTime-front/test/domain/use-cases/schedule_preparation_session_use_case_test.dart: database failure retains both prompt kinds as unavailable
00:33 +301: /Users/ejunpark/.codex/worktrees/1f98bd1e-95ca-4396-82c1-c34de41a8851/OnTime-front/test/domain/use-cases/schedule_preparation_session_use_case_test.dart: BehaviorSubject replay resolves the loaded map and stream errors stay unavailable
00:33 +302: /Users/ejunpark/.codex/worktrees/1f98bd1e-95ca-4396-82c1-c34de41a8851/OnTime-front/test/domain/use-cases/schedule_preparation_session_use_case_test.dart: definitive missing is rejected without treating storage failure as missing
00:33 +303: /Users/ejunpark/.codex/worktrees/1f98bd1e-95ca-4396-82c1-c34de41a8851/OnTime-front/test/domain/use-cases/schedule_preparation_session_use_case_test.dart: finish completes the preparation session and clears scheduled delivery
00:33 +304: loading /Users/ejunpark/.codex/worktrees/1f98bd1e-95ca-4396-82c1-c34de41a8851/OnTime-front/test/domain/use-cases/recurring_alarm_integration_test.dart
00:33 +304: /Users/ejunpark/.codex/worktrees/1f98bd1e-95ca-4396-82c1-c34de41a8851/OnTime-front/test/domain/use-cases/recurring_alarm_integration_test.dart: two unbounded series share the nearest 60 alarms and survive reopening
00:34 +305: /Users/ejunpark/.codex/worktrees/1f98bd1e-95ca-4396-82c1-c34de41a8851/OnTime-front/test/domain/use-cases/recurring_alarm_integration_test.dart: deletion cancels one alarm, refills capacity and stays excluded
00:34 +306: /Users/ejunpark/.codex/worktrees/1f98bd1e-95ca-4396-82c1-c34de41a8851/OnTime-front/test/domain/use-cases/recurring_alarm_integration_test.dart: a previous civil date in a negative offset still supplies a future alarm
00:34 +307: loading /Users/ejunpark/.codex/worktrees/1f98bd1e-95ca-4396-82c1-c34de41a8851/OnTime-front/test/domain/use-cases/cancel_alarms_use_cases_test.dart
00:35 +307: /Users/ejunpark/.codex/worktrees/1f98bd1e-95ca-4396-82c1-c34de41a8851/OnTime-front/test/domain/use-cases/cancel_alarms_use_cases_test.dart: CancelScheduleAlarmUseCase cancels matching native and fallback records
00:35 +308: /Users/ejunpark/.codex/worktrees/1f98bd1e-95ca-4396-82c1-c34de41a8851/OnTime-front/test/domain/use-cases/cancel_alarms_use_cases_test.dart: CancelScheduleAlarmUseCase still deletes registry when platform cancel fails
00:35 +309: /Users/ejunpark/.codex/worktrees/1f98bd1e-95ca-4396-82c1-c34de41a8851/OnTime-front/test/domain/use-cases/cancel_alarms_use_cases_test.dart: CancelAllAlarmsUseCase cancels local alarms and clears the registry
00:35 +310: /Users/ejunpark/.codex/worktrees/1f98bd1e-95ca-4396-82c1-c34de41a8851/OnTime-front/test/domain/use-cases/cancel_alarms_use_cases_test.dart: CancelAllAlarmsUseCase clears an empty local registry
00:35 +311: loading /Users/ejunpark/.codex/worktrees/1f98bd1e-95ca-4396-82c1-c34de41a8851/OnTime-front/test/domain/use-cases/schedule_date_use_cases_test.dart
00:35 +311: /Users/ejunpark/.codex/worktrees/1f98bd1e-95ca-4396-82c1-c34de41a8851/OnTime-front/test/domain/use-cases/schedule_date_use_cases_test.dart: GetSchedulesByDateUseCase watches requested schedule date range
00:35 +312: /Users/ejunpark/.codex/worktrees/1f98bd1e-95ca-4396-82c1-c34de41a8851/OnTime-front/test/domain/use-cases/schedule_date_use_cases_test.dart: LoadSchedulesByDateUseCase forwards requested range to repository
00:35 +313: /Users/ejunpark/.codex/worktrees/1f98bd1e-95ca-4396-82c1-c34de41a8851/OnTime-front/test/domain/use-cases/schedule_date_use_cases_test.dart: LoadSchedulesForMonthUseCase loads the selected calendar month
00:35 +314: /Users/ejunpark/.codex/worktrees/1f98bd1e-95ca-4396-82c1-c34de41a8851/OnTime-front/test/domain/use-cases/schedule_date_use_cases_test.dart: LoadSchedulesForWeekUseCase loads Monday through next Monday
00:35 +315: /Users/ejunpark/.codex/worktrees/1f98bd1e-95ca-4396-82c1-c34de41a8851/OnTime-front/test/domain/use-cases/schedule_date_use_cases_test.dart: GetAdjacentSchedulesWithPreparationUseCase returns closest previous and next schedules
00:35 +316: /Users/ejunpark/.codex/worktrees/1f98bd1e-95ca-4396-82c1-c34de41a8851/OnTime-front/test/domain/use-cases/schedule_date_use_cases_test.dart: GetAdjacentSchedulesWithPreparationUseCase omits schedules whose preparation is unavailable
00:35 +317: loading /Users/ejunpark/.codex/worktrees/1f98bd1e-95ca-4396-82c1-c34de41a8851/OnTime-front/test/domain/use-cases/schedule_mutation_use_cases_test.dart
00:36 +317: /Users/ejunpark/.codex/worktrees/1f98bd1e-95ca-4396-82c1-c34de41a8851/OnTime-front/test/domain/use-cases/schedule_mutation_use_cases_test.dart: create and update schedule use cases persist then request alarm effects
00:36 +318: /Users/ejunpark/.codex/worktrees/1f98bd1e-95ca-4396-82c1-c34de41a8851/OnTime-front/test/domain/use-cases/schedule_mutation_use_cases_test.dart: create and update schedule use cases skip alarm effects on repository failure
00:36 +319: /Users/ejunpark/.codex/worktrees/1f98bd1e-95ca-4396-82c1-c34de41a8851/OnTime-front/test/domain/use-cases/schedule_mutation_use_cases_test.dart: delete schedule removes schedule then requests deleted alarm effects
00:36 +320: /Users/ejunpark/.codex/worktrees/1f98bd1e-95ca-4396-82c1-c34de41a8851/OnTime-front/test/domain/use-cases/schedule_mutation_use_cases_test.dart: finish schedule records lateness then requests finished alarm effects
00:36 +321: /Users/ejunpark/.codex/worktrees/1f98bd1e-95ca-4396-82c1-c34de41a8851/OnTime-front/test/domain/use-cases/schedule_mutation_use_cases_test.dart: start schedule marks a preparation session on the repository
00:36 +322: loading /Users/ejunpark/.codex/worktrees/1f98bd1e-95ca-4396-82c1-c34de41a8851/OnTime-front/test/domain/use-cases/create_schedule_form_submission_use_case_test.dart
00:37 +322: /Users/ejunpark/.codex/worktrees/1f98bd1e-95ca-4396-82c1-c34de41a8851/OnTime-front/test/domain/use-cases/create_schedule_form_submission_use_case_test.dart: changed preparation creates schedule and saves custom preparation locally
00:37 +323: loading /Users/ejunpark/.codex/worktrees/1f98bd1e-95ca-4396-82c1-c34de41a8851/OnTime-front/test/domain/use-cases/update_schedule_form_submission_use_case_test.dart
00:37 +323: /Users/ejunpark/.codex/worktrees/1f98bd1e-95ca-4396-82c1-c34de41a8851/OnTime-front/test/domain/use-cases/update_schedule_form_submission_use_case_test.dart: unchanged preparation updates the schedule without saving preparation
00:37 +324: /Users/ejunpark/.codex/worktrees/1f98bd1e-95ca-4396-82c1-c34de41a8851/OnTime-front/test/domain/use-cases/update_schedule_form_submission_use_case_test.dart: changed default preparation is copied with fresh ordered step IDs
00:37 +325: /Users/ejunpark/.codex/worktrees/1f98bd1e-95ca-4396-82c1-c34de41a8851/OnTime-front/test/domain/use-cases/update_schedule_form_submission_use_case_test.dart: changed custom preparation preserves step IDs
00:37 +326: loading /Users/ejunpark/.codex/worktrees/1f98bd1e-95ca-4396-82c1-c34de41a8851/OnTime-front/test/domain/entities/schedule_notification_status_test.dart
00:38 +326: /Users/ejunpark/.codex/worktrees/1f98bd1e-95ca-4396-82c1-c34de41a8851/OnTime-front/test/domain/entities/schedule_notification_status_test.dart: only all successful exact receipts produce precise status
00:38 +327: /Users/ejunpark/.codex/worktrees/1f98bd1e-95ca-4396-82c1-c34de41a8851/OnTime-front/test/domain/entities/schedule_notification_status_test.dart: off and denied display take precedence over stored exact registrations
00:38 +328: /Users/ejunpark/.codex/worktrees/1f98bd1e-95ca-4396-82c1-c34de41a8851/OnTime-front/test/domain/entities/schedule_notification_status_test.dart: no future registrations never becomes precise from capability
00:38 +329: /Users/ejunpark/.codex/worktrees/1f98bd1e-95ca-4396-82c1-c34de41a8851/OnTime-front/test/domain/entities/schedule_notification_status_test.dart: iOS alarm and notification language remains capability appropriate
00:38 +330: loading /Users/ejunpark/.codex/worktrees/1f98bd1e-95ca-4396-82c1-c34de41a8851/OnTime-front/test/domain/entities/user_entity_test.dart
00:39 +330: /Users/ejunpark/.codex/worktrees/1f98bd1e-95ca-4396-82c1-c34de41a8851/OnTime-front/test/domain/entities/user_entity_test.dart: local profile derives punctuality from eligible outcomes
00:39 +331: /Users/ejunpark/.codex/worktrees/1f98bd1e-95ca-4396-82c1-c34de41a8851/OnTime-front/test/domain/entities/user_entity_test.dart: empty user exposes null convenience values
00:39 +332: loading /Users/ejunpark/.codex/worktrees/1f98bd1e-95ca-4396-82c1-c34de41a8851/OnTime-front/test/domain/entities/alarm_delivery_policy_test.dart
00:39 +332: /Users/ejunpark/.codex/worktrees/1f98bd1e-95ca-4396-82c1-c34de41a8851/OnTime-front/test/domain/entities/alarm_delivery_policy_test.dart: native grant uses the native alarm provider
00:39 +333: /Users/ejunpark/.codex/worktrees/1f98bd1e-95ca-4396-82c1-c34de41a8851/OnTime-front/test/domain/entities/alarm_delivery_policy_test.dart: native denial with granted fallback keeps delivery enabled without a blocking issue
00:39 +334: /Users/ejunpark/.codex/worktrees/1f98bd1e-95ca-4396-82c1-c34de41a8851/OnTime-front/test/domain/entities/alarm_delivery_policy_test.dart: native denial with denied fallback blocks delivery on native permission
00:39 +335: /Users/ejunpark/.codex/worktrees/1f98bd1e-95ca-4396-82c1-c34de41a8851/OnTime-front/test/domain/entities/alarm_delivery_policy_test.dart: unsupported native alarms use granted fallback delivery
00:39 +336: /Users/ejunpark/.codex/worktrees/1f98bd1e-95ca-4396-82c1-c34de41a8851/OnTime-front/test/domain/entities/alarm_delivery_policy_test.dart: all unavailable reports unsupported without disabling alarms
00:39 +337: loading /Users/ejunpark/.codex/worktrees/1f98bd1e-95ca-4396-82c1-c34de41a8851/OnTime-front/test/domain/entities/preparation_timing_entity_test.dart
00:40 +337: /Users/ejunpark/.codex/worktrees/1f98bd1e-95ca-4396-82c1-c34de41a8851/OnTime-front/test/domain/entities/preparation_timing_entity_test.dart: Preparation timing entities orders linked preparation steps before timing conversion
00:40 +338: /Users/ejunpark/.codex/worktrees/1f98bd1e-95ca-4396-82c1-c34de41a8851/OnTime-front/test/domain/entities/preparation_timing_entity_test.dart: Preparation timing entities calculates left time before leave with explicit now
00:40 +339: /Users/ejunpark/.codex/worktrees/1f98bd1e-95ca-4396-82c1-c34de41a8851/OnTime-front/test/domain/entities/preparation_timing_entity_test.dart: Preparation timing entities reports late status after leave time has passed
00:40 +340: /Users/ejunpark/.codex/worktrees/1f98bd1e-95ca-4396-82c1-c34de41a8851/OnTime-front/test/domain/entities/preparation_timing_entity_test.dart: Preparation timing entities fast-forwards preparation steps for late entry
00:40 +341: /Users/ejunpark/.codex/worktrees/1f98bd1e-95ca-4396-82c1-c34de41a8851/OnTime-front/test/domain/entities/preparation_timing_entity_test.dart: Preparation timing entities single preparation step tracks elapsed time and diagnostics
00:40 +342: /Users/ejunpark/.codex/worktrees/1f98bd1e-95ca-4396-82c1-c34de41a8851/OnTime-front/test/domain/entities/preparation_timing_entity_test.dart: Preparation timing entities marks all steps done for very late entry inside schedule window
00:40 +343: /Users/ejunpark/.codex/worktrees/1f98bd1e-95ca-4396-82c1-c34de41a8851/OnTime-front/test/domain/entities/preparation_timing_entity_test.dart: Preparation timing entities reports display helpers for current and completed steps
00:40 +344: /Users/ejunpark/.codex/worktrees/1f98bd1e-95ca-4396-82c1-c34de41a8851/OnTime-front/test/domain/entities/preparation_timing_entity_test.dart: Preparation timing entities skipCurrentStep marks only the active step done
00:40 +345: /Users/ejunpark/.codex/worktrees/1f98bd1e-95ca-4396-82c1-c34de41a8851/OnTime-front/test/domain/entities/preparation_timing_entity_test.dart: Preparation timing entities completed and empty preparations expose safe display fallbacks
00:40 +346: /Users/ejunpark/.codex/worktrees/1f98bd1e-95ca-4396-82c1-c34de41a8851/OnTime-front/test/domain/entities/preparation_timing_entity_test.dart: Preparation timing entities cache fingerprint changes when preparation step name changes
00:40 +347: /Users/ejunpark/.codex/worktrees/1f98bd1e-95ca-4396-82c1-c34de41a8851/OnTime-front/test/domain/entities/preparation_timing_entity_test.dart: Preparation timing entities schedule with preparation derives start time and total duration
00:40 +348: /Users/ejunpark/.codex/worktrees/1f98bd1e-95ca-4396-82c1-c34de41a8851/OnTime-front/test/domain/entities/preparation_timing_entity_test.dart: Preparation timing entities combines a schedule entity with timed preparation preserving fields
00:40 +349: /Users/ejunpark/.codex/worktrees/1f98bd1e-95ca-4396-82c1-c34de41a8851/OnTime-front/test/domain/entities/preparation_timing_entity_test.dart: ScheduleEntity diagnostics string representation includes schedule identity for diagnostics
00:40 +350: /Users/ejunpark/.codex/worktrees/1f98bd1e-95ca-4396-82c1-c34de41a8851/OnTime-front/test/domain/entities/preparation_timing_entity_test.dart: ScheduleState timing helper durationUntilPreparationStartAt uses injected now deterministically
00:40 +351: loading /Users/ejunpark/.codex/worktrees/1f98bd1e-95ca-4396-82c1-c34de41a8851/OnTime-front/test/domain/entities/domain_entity_boundary_test.dart
00:40 +351: /Users/ejunpark/.codex/worktrees/1f98bd1e-95ca-4396-82c1-c34de41a8851/OnTime-front/test/domain/entities/domain_entity_boundary_test.dart: domain entities do not import lower architectural layers
00:40 +352: /Users/ejunpark/.codex/worktrees/1f98bd1e-95ca-4396-82c1-c34de41a8851/OnTime-front/test/domain/entities/domain_entity_boundary_test.dart: domain entities do not expose persistence mapper methods
00:40 +353: loading /Users/ejunpark/.codex/worktrees/1f98bd1e-95ca-4396-82c1-c34de41a8851/OnTime-front/test/domain/entities/preparation_snapshot_validation_test.dart
00:41 +353: /Users/ejunpark/.codex/worktrees/1f98bd1e-95ca-4396-82c1-c34de41a8851/OnTime-front/test/domain/entities/preparation_snapshot_validation_test.dart: identity separates timing, ordered shape, content and delimiters
00:41 +354: /Users/ejunpark/.codex/worktrees/1f98bd1e-95ca-4396-82c1-c34de41a8851/OnTime-front/test/domain/entities/preparation_snapshot_validation_test.dart: every identity-affecting edit invalidates progress without mutating data
00:41 +355: /Users/ejunpark/.codex/worktrees/1f98bd1e-95ca-4396-82c1-c34de41a8851/OnTime-front/test/domain/entities/preparation_snapshot_validation_test.dart: minimal progress hydrates names/durations from current source only
00:41 +356: /Users/ejunpark/.codex/worktrees/1f98bd1e-95ca-4396-82c1-c34de41a8851/OnTime-front/test/domain/entities/preparation_snapshot_validation_test.dart: legacy exact fingerprint additionally requires all step fields
00:41 +357: /Users/ejunpark/.codex/worktrees/1f98bd1e-95ca-4396-82c1-c34de41a8851/OnTime-front/test/domain/entities/preparation_snapshot_validation_test.dart: legacy launch becomes a minimal versioned route, never a start command
00:41 +358: loading /Users/ejunpark/.codex/worktrees/1f98bd1e-95ca-4396-82c1-c34de41a8851/OnTime-front/test/presentation/home/utils/today_tile_navigation_test.dart
00:41 +358: /Users/ejunpark/.codex/worktrees/1f98bd1e-95ca-4396-82c1-c34de41a8851/OnTime-front/test/presentation/home/utils/today_tile_navigation_test.dart: Today tile navigation resolver returns early-start scheduleStart target in upcoming when schedule exists
00:41 +359: /Users/ejunpark/.codex/worktrees/1f98bd1e-95ca-4396-82c1-c34de41a8851/OnTime-front/test/presentation/home/utils/today_tile_navigation_test.dart: Today tile navigation resolver returns alarmScreen target in ongoing when schedule exists
00:41 +360: /Users/ejunpark/.codex/worktrees/1f98bd1e-95ca-4396-82c1-c34de41a8851/OnTime-front/test/presentation/home/utils/today_tile_navigation_test.dart: Today tile navigation resolver returns alarmScreen target in started when schedule exists
00:41 +361: /Users/ejunpark/.codex/worktrees/1f98bd1e-95ca-4396-82c1-c34de41a8851/OnTime-front/test/presentation/home/utils/today_tile_navigation_test.dart: Today tile navigation resolver returns null when no schedule exists
00:41 +362: /Users/ejunpark/.codex/worktrees/1f98bd1e-95ca-4396-82c1-c34de41a8851/OnTime-front/test/presentation/home/utils/today_tile_navigation_test.dart: Today tile navigation resolver returns null in initial and notExists
00:41 +363: loading /Users/ejunpark/.codex/worktrees/1f98bd1e-95ca-4396-82c1-c34de41a8851/OnTime-front/test/presentation/home/screens/home_screen_tmp_test.dart
00:42 +363: /Users/ejunpark/.codex/worktrees/1f98bd1e-95ca-4396-82c1-c34de41a8851/OnTime-front/test/presentation/home/screens/home_screen_tmp_test.dart: (setUpAll)
00:42 +363: /Users/ejunpark/.codex/worktrees/1f98bd1e-95ca-4396-82c1-c34de41a8851/OnTime-front/test/presentation/home/screens/home_screen_tmp_test.dart: 430 portrait home fits actual font, schedule=false
00:42 +364: /Users/ejunpark/.codex/worktrees/1f98bd1e-95ca-4396-82c1-c34de41a8851/OnTime-front/test/presentation/home/screens/home_screen_tmp_test.dart: 430 portrait home fits actual font, schedule=true
00:42 +365: /Users/ejunpark/.codex/worktrees/1f98bd1e-95ca-4396-82c1-c34de41a8851/OnTime-front/test/presentation/home/screens/home_screen_tmp_test.dart: 430 home last calendar day and primary routes remain tappable
00:43 +366: /Users/ejunpark/.codex/worktrees/1f98bd1e-95ca-4396-82c1-c34de41a8851/OnTime-front/test/presentation/home/screens/home_screen_tmp_test.dart: compact portrait home fits without scroll at 1.3 text scale
00:43 +367: /Users/ejunpark/.codex/worktrees/1f98bd1e-95ca-4396-82c1-c34de41a8851/OnTime-front/test/presentation/home/screens/home_screen_tmp_test.dart: HomeScreenTmp subscribes monthly bloc for today
00:43 +368: /Users/ejunpark/.codex/worktrees/1f98bd1e-95ca-4396-82c1-c34de41a8851/OnTime-front/test/presentation/home/screens/home_screen_tmp_test.dart: compact portrait home fits when today schedule exists
00:43 +369: /Users/ejunpark/.codex/worktrees/1f98bd1e-95ca-4396-82c1-c34de41a8851/OnTime-front/test/presentation/home/screens/home_screen_tmp_test.dart: regular portrait home matches Figma hero and card geometry
00:43 +370: /Users/ejunpark/.codex/worktrees/1f98bd1e-95ca-4396-82c1-c34de41a8851/OnTime-front/test/presentation/home/screens/home_screen_tmp_test.dart: banner clears the device safe area before rendering
00:43 +371: /Users/ejunpark/.codex/worktrees/1f98bd1e-95ca-4396-82c1-c34de41a8851/OnTime-front/test/presentation/home/screens/home_screen_tmp_test.dart: today schedule tile truncates long schedule names
00:43 +372: /Users/ejunpark/.codex/worktrees/1f98bd1e-95ca-4396-82c1-c34de41a8851/OnTime-front/test/presentation/home/screens/home_screen_tmp_test.dart: does not reopen schedule start on started-state ticks
00:43 +373: /Users/ejunpark/.codex/worktrees/1f98bd1e-95ca-4396-82c1-c34de41a8851/OnTime-front/test/presentation/home/screens/home_screen_tmp_test.dart: view calendar button navigates to calendar screen
00:43 +374: /Users/ejunpark/.codex/worktrees/1f98bd1e-95ca-4396-82c1-c34de41a8851/OnTime-front/test/presentation/home/screens/home_screen_tmp_test.dart: today upcoming tile opens early-start schedule start route
00:43 +375: /Users/ejunpark/.codex/worktrees/1f98bd1e-95ca-4396-82c1-c34de41a8851/OnTime-front/test/presentation/home/screens/home_screen_tmp_test.dart: today ongoing tile opens active alarm route
00:43 +376: /Users/ejunpark/.codex/worktrees/1f98bd1e-95ca-4396-82c1-c34de41a8851/OnTime-front/test/presentation/home/screens/home_screen_tmp_test.dart: animated arc indicator reaches requested score
00:43 +377: /Users/ejunpark/.codex/worktrees/1f98bd1e-95ca-4396-82c1-c34de41a8851/OnTime-front/test/presentation/home/screens/home_screen_tmp_test.dart: (tearDownAll)
00:43 +377: loading /Users/ejunpark/.codex/worktrees/1f98bd1e-95ca-4396-82c1-c34de41a8851/OnTime-front/test/presentation/home/components/month_calendar_test.dart
00:44 +377: /Users/ejunpark/.codex/worktrees/1f98bd1e-95ca-4396-82c1-c34de41a8851/OnTime-front/test/presentation/home/components/month_calendar_test.dart: selecting a day reports the selected calendar date
00:44 +378: /Users/ejunpark/.codex/worktrees/1f98bd1e-95ca-4396-82c1-c34de41a8851/OnTime-front/test/presentation/home/components/month_calendar_test.dart: scheduled days render without hiding the selected day
00:44 +379: /Users/ejunpark/.codex/worktrees/1f98bd1e-95ca-4396-82c1-c34de41a8851/OnTime-front/test/presentation/home/components/month_calendar_test.dart: compact height clamps calendar rows without overflow
00:44 +380: /Users/ejunpark/.codex/worktrees/1f98bd1e-95ca-4396-82c1-c34de41a8851/OnTime-front/test/presentation/home/components/month_calendar_test.dart: header arrows move between months and request month loads
00:45 +381: /Users/ejunpark/.codex/worktrees/1f98bd1e-95ca-4396-82c1-c34de41a8851/OnTime-front/test/presentation/home/components/month_calendar_test.dart: unbounded vertical layout keeps the configured row height
00:45 +382: loading /Users/ejunpark/.codex/worktrees/1f98bd1e-95ca-4396-82c1-c34de41a8851/OnTime-front/test/presentation/home/components/week_calendar_test.dart
00:45 +382: /Users/ejunpark/.codex/worktrees/1f98bd1e-95ca-4396-82c1-c34de41a8851/OnTime-front/test/presentation/home/components/week_calendar_test.dart: firstDayOfWeek resolves to Monday for the selected week
00:45 +383: /Users/ejunpark/.codex/worktrees/1f98bd1e-95ca-4396-82c1-c34de41a8851/OnTime-front/test/presentation/home/components/week_calendar_test.dart: renders one week and reports the tapped date
00:46 +384: /Users/ejunpark/.codex/worktrees/1f98bd1e-95ca-4396-82c1-c34de41a8851/OnTime-front/test/presentation/home/components/week_calendar_test.dart: disabled date tile does not invoke tap callback
00:46 +385: /Users/ejunpark/.codex/worktrees/1f98bd1e-95ca-4396-82c1-c34de41a8851/OnTime-front/test/presentation/home/components/week_calendar_test.dart: date tile theme supplies visual style defaults
00:46 +386: /Users/ejunpark/.codex/worktrees/1f98bd1e-95ca-4396-82c1-c34de41a8851/OnTime-front/test/presentation/home/components/week_calendar_test.dart: filled date tile uses built-in selected-day colors
00:46 +387: /Users/ejunpark/.codex/worktrees/1f98bd1e-95ca-4396-82c1-c34de41a8851/OnTime-front/test/presentation/home/components/week_calendar_test.dart: date tile style copy, merge, equality, and lerp are stable
00:46 +388: loading /Users/ejunpark/.codex/worktrees/1f98bd1e-95ca-4396-82c1-c34de41a8851/OnTime-front/test/presentation/home/bloc/schedule_timer_bloc_test.dart
00:46 +388: /Users/ejunpark/.codex/worktrees/1f98bd1e-95ca-4396-82c1-c34de41a8851/OnTime-front/test/presentation/home/bloc/schedule_timer_bloc_test.dart: started with a past schedule immediately finishes
00:46 +389: /Users/ejunpark/.codex/worktrees/1f98bd1e-95ca-4396-82c1-c34de41a8851/OnTime-front/test/presentation/home/bloc/schedule_timer_bloc_test.dart: tick before the schedule keeps timer running with remaining duration
00:46 +390: /Users/ejunpark/.codex/worktrees/1f98bd1e-95ca-4396-82c1-c34de41a8851/OnTime-front/test/presentation/home/bloc/schedule_timer_bloc_test.dart: tick at the schedule time finishes and preserves target schedule
00:46 +391: /Users/ejunpark/.codex/worktrees/1f98bd1e-95ca-4396-82c1-c34de41a8851/OnTime-front/test/presentation/home/bloc/schedule_timer_bloc_test.dart: stopped returns to initial and ignores later ticks
00:46 +392: /Users/ejunpark/.codex/worktrees/1f98bd1e-95ca-4396-82c1-c34de41a8851/OnTime-front/test/presentation/home/bloc/schedule_timer_bloc_test.dart: updated with null clears the active timer
00:46 +393: /Users/ejunpark/.codex/worktrees/1f98bd1e-95ca-4396-82c1-c34de41a8851/OnTime-front/test/presentation/home/bloc/schedule_timer_bloc_test.dart: updated with a schedule starts a new timer
00:46 +394: loading /Users/ejunpark/.codex/worktrees/1f98bd1e-95ca-4396-82c1-c34de41a8851/OnTime-front/test/presentation/home/bloc/weekly_schedules_bloc_test.dart
00:47 +394: /Users/ejunpark/.codex/worktrees/1f98bd1e-95ca-4396-82c1-c34de41a8851/OnTime-front/test/presentation/home/bloc/weekly_schedules_bloc_test.dart: state exposes schedule dates, today schedule, and copy updates
00:47 +395: /Users/ejunpark/.codex/worktrees/1f98bd1e-95ca-4396-82c1-c34de41a8851/OnTime-front/test/presentation/home/bloc/weekly_schedules_bloc_test.dart: weekly subscription event derives Monday-to-Monday range
00:47 +396: /Users/ejunpark/.codex/worktrees/1f98bd1e-95ca-4396-82c1-c34de41a8851/OnTime-front/test/presentation/home/bloc/weekly_schedules_bloc_test.dart: today schedule is null when no not-ended schedule is today
00:47 +397: /Users/ejunpark/.codex/worktrees/1f98bd1e-95ca-4396-82c1-c34de41a8851/OnTime-front/test/presentation/home/bloc/weekly_schedules_bloc_test.dart: load failure emits error state instead of throwing
00:47 +398: /Users/ejunpark/.codex/worktrees/1f98bd1e-95ca-4396-82c1-c34de41a8851/OnTime-front/test/presentation/home/bloc/weekly_schedules_bloc_test.dart: successful subscription loads week then emits streamed schedules
00:47 +399: loading /Users/ejunpark/.codex/worktrees/1f98bd1e-95ca-4396-82c1-c34de41a8851/OnTime-front/test/presentation/calendar/component/schedule_detail_test.dart
00:47 +399: /Users/ejunpark/.codex/worktrees/1f98bd1e-95ca-4396-82c1-c34de41a8851/OnTime-front/test/presentation/calendar/component/schedule_detail_test.dart: expanded tile shows travel, preparation, spare in order
00:48 +400: /Users/ejunpark/.codex/worktrees/1f98bd1e-95ca-4396-82c1-c34de41a8851/OnTime-front/test/presentation/calendar/component/schedule_detail_test.dart: preparation fallback is shown as dash when unavailable
00:48 +401: /Users/ejunpark/.codex/worktrees/1f98bd1e-95ca-4396-82c1-c34de41a8851/OnTime-front/test/presentation/calendar/component/schedule_detail_test.dart: swipe action button height increases when schedule is expanded
00:48 +402: /Users/ejunpark/.codex/worktrees/1f98bd1e-95ca-4396-82c1-c34de41a8851/OnTime-front/test/presentation/calendar/component/schedule_detail_test.dart: tile text updates when schedule fields change for same id
00:48 +403: /Users/ejunpark/.codex/worktrees/1f98bd1e-95ca-4396-82c1-c34de41a8851/OnTime-front/test/presentation/calendar/component/schedule_detail_test.dart: edit action is available before preparation starts
00:48 +404: /Users/ejunpark/.codex/worktrees/1f98bd1e-95ca-4396-82c1-c34de41a8851/OnTime-front/test/presentation/calendar/component/schedule_detail_test.dart: edit action is hidden after preparation start time
00:48 +405: /Users/ejunpark/.codex/worktrees/1f98bd1e-95ca-4396-82c1-c34de41a8851/OnTime-front/test/presentation/calendar/component/schedule_detail_test.dart: edit action is hidden for early-started schedule
00:48 +406: /Users/ejunpark/.codex/worktrees/1f98bd1e-95ca-4396-82c1-c34de41a8851/OnTime-front/test/presentation/calendar/component/schedule_detail_test.dart: delete action stays available for started unfinished schedule
00:48 +407: /Users/ejunpark/.codex/worktrees/1f98bd1e-95ca-4396-82c1-c34de41a8851/OnTime-front/test/presentation/calendar/component/schedule_detail_test.dart: delete action is hidden for finished schedules
00:48 +408: loading /Users/ejunpark/.codex/worktrees/1f98bd1e-95ca-4396-82c1-c34de41a8851/OnTime-front/test/presentation/calendar/screens/calendar_screen_test.dart
00:49 +408: /Users/ejunpark/.codex/worktrees/1f98bd1e-95ca-4396-82c1-c34de41a8851/OnTime-front/test/presentation/calendar/screens/calendar_screen_test.dart: compact future empty state fits with add button
00:50 +409: /Users/ejunpark/.codex/worktrees/1f98bd1e-95ca-4396-82c1-c34de41a8851/OnTime-front/test/presentation/calendar/screens/calendar_screen_test.dart: short past empty state fits without add button
00:50 +410: /Users/ejunpark/.codex/worktrees/1f98bd1e-95ca-4396-82c1-c34de41a8851/OnTime-front/test/presentation/calendar/screens/calendar_screen_test.dart: compact selected day with schedules scrolls without overflow
00:50 +411: /Users/ejunpark/.codex/worktrees/1f98bd1e-95ca-4396-82c1-c34de41a8851/OnTime-front/test/presentation/calendar/screens/calendar_screen_test.dart: initial date before supported range is clamped to first month
00:50 +412: /Users/ejunpark/.codex/worktrees/1f98bd1e-95ca-4396-82c1-c34de41a8851/OnTime-front/test/presentation/calendar/screens/calendar_screen_test.dart: calendar header arrows move the visible month
00:50 +413: /Users/ejunpark/.codex/worktrees/1f98bd1e-95ca-4396-82c1-c34de41a8851/OnTime-front/test/presentation/calendar/screens/calendar_screen_test.dart: selecting another day updates the detail list for that day
00:50 +414: /Users/ejunpark/.codex/worktrees/1f98bd1e-95ca-4396-82c1-c34de41a8851/OnTime-front/test/presentation/calendar/screens/calendar_screen_test.dart: saved create sheet refreshes the selected calendar date
00:50 +415: /Users/ejunpark/.codex/worktrees/1f98bd1e-95ca-4396-82c1-c34de41a8851/OnTime-front/test/presentation/calendar/screens/calendar_screen_test.dart: month load failures show calendar error state
00:50 +416: /Users/ejunpark/.codex/worktrees/1f98bd1e-95ca-4396-82c1-c34de41a8851/OnTime-front/test/presentation/calendar/screens/calendar_screen_test.dart: delete failure keeps calendar visible and shows error dialog
00:51 +417: /Users/ejunpark/.codex/worktrees/1f98bd1e-95ca-4396-82c1-c34de41a8851/OnTime-front/test/presentation/calendar/screens/calendar_screen_test.dart: android system back from calendar returns to home
00:51 +418: /Users/ejunpark/.codex/worktrees/1f98bd1e-95ca-4396-82c1-c34de41a8851/OnTime-front/test/presentation/calendar/screens/calendar_screen_test.dart: app bar back button returns to home
00:51 +419: loading /Users/ejunpark/.codex/worktrees/1f98bd1e-95ca-4396-82c1-c34de41a8851/OnTime-front/test/presentation/calendar/bloc/monthly_schedules_bloc_test.dart
00:51 +419: /Users/ejunpark/.codex/worktrees/1f98bd1e-95ca-4396-82c1-c34de41a8851/OnTime-front/test/presentation/calendar/bloc/monthly_schedules_bloc_test.dart: visible date + schedules prefetches preparations for visible schedules
00:51 +420: /Users/ejunpark/.codex/worktrees/1f98bd1e-95ca-4396-82c1-c34de41a8851/OnTime-front/test/presentation/calendar/bloc/monthly_schedules_bloc_test.dart: preparation prefetch starts multiple uncached schedule loads without serial waiting
00:51 +421: /Users/ejunpark/.codex/worktrees/1f98bd1e-95ca-4396-82c1-c34de41a8851/OnTime-front/test/presentation/calendar/bloc/monthly_schedules_bloc_test.dart: cached schedule preparations are not fetched again
00:51 +422: /Users/ejunpark/.codex/worktrees/1f98bd1e-95ca-4396-82c1-c34de41a8851/OnTime-front/test/presentation/calendar/bloc/monthly_schedules_bloc_test.dart: stream update changes preparation time for cached schedule
00:51 +423: /Users/ejunpark/.codex/worktrees/1f98bd1e-95ca-4396-82c1-c34de41a8851/OnTime-front/test/presentation/calendar/bloc/monthly_schedules_bloc_test.dart: stream update ignores schedules not cached in monthly state
00:51 +424: /Users/ejunpark/.codex/worktrees/1f98bd1e-95ca-4396-82c1-c34de41a8851/OnTime-front/test/presentation/calendar/bloc/monthly_schedules_bloc_test.dart: deleting a schedule removes its cached preparation duration
00:51 +425: /Users/ejunpark/.codex/worktrees/1f98bd1e-95ca-4396-82c1-c34de41a8851/OnTime-front/test/presentation/calendar/bloc/monthly_schedules_bloc_test.dart: schedule stream update refreshes schedule fields in monthly state
00:51 +426: /Users/ejunpark/.codex/worktrees/1f98bd1e-95ca-4396-82c1-c34de41a8851/OnTime-front/test/presentation/calendar/bloc/monthly_schedules_bloc_test.dart: adjacent Calendar Month Range changes keep one active schedule listener
00:51 +427: /Users/ejunpark/.codex/worktrees/1f98bd1e-95ca-4396-82c1-c34de41a8851/OnTime-front/test/presentation/calendar/bloc/monthly_schedules_bloc_test.dart: stale schedule stream cannot overwrite newer Calendar Month Range
00:51 +428: /Users/ejunpark/.codex/worktrees/1f98bd1e-95ca-4396-82c1-c34de41a8851/OnTime-front/test/presentation/calendar/bloc/monthly_schedules_bloc_test.dart: refresh requested reloads schedules for current month
00:51 +429: /Users/ejunpark/.codex/worktrees/1f98bd1e-95ca-4396-82c1-c34de41a8851/OnTime-front/test/presentation/calendar/bloc/monthly_schedules_bloc_test.dart: initial load failure emits error state instead of throwing
00:51 +430: /Users/ejunpark/.codex/worktrees/1f98bd1e-95ca-4396-82c1-c34de41a8851/OnTime-front/test/presentation/calendar/bloc/monthly_schedules_bloc_test.dart: month already in loaded range reuses cached range without reloading
00:51 +431: /Users/ejunpark/.codex/worktrees/1f98bd1e-95ca-4396-82c1-c34de41a8851/OnTime-front/test/presentation/calendar/bloc/monthly_schedules_bloc_test.dart: adjacent month extends loaded range and groups returned schedules
00:51 +432: /Users/ejunpark/.codex/worktrees/1f98bd1e-95ca-4396-82c1-c34de41a8851/OnTime-front/test/presentation/calendar/bloc/monthly_schedules_bloc_test.dart: non-consecutive month replaces the subscription range
00:51 +433: /Users/ejunpark/.codex/worktrees/1f98bd1e-95ca-4396-82c1-c34de41a8851/OnTime-front/test/presentation/calendar/bloc/monthly_schedules_bloc_test.dart: adjacent month load failure emits error without dropping schedules
00:51 +434: /Users/ejunpark/.codex/worktrees/1f98bd1e-95ca-4396-82c1-c34de41a8851/OnTime-front/test/presentation/calendar/bloc/monthly_schedules_bloc_test.dart: delete failure keeps calendar state and emits a delete failure signal
00:51 +435: /Users/ejunpark/.codex/worktrees/1f98bd1e-95ca-4396-82c1-c34de41a8851/OnTime-front/test/presentation/calendar/bloc/monthly_schedules_bloc_test.dart: preparation prefetch ignores failed schedule preparation loads
00:51 +436: /Users/ejunpark/.codex/worktrees/1f98bd1e-95ca-4396-82c1-c34de41a8851/OnTime-front/test/presentation/calendar/bloc/monthly_schedules_bloc_test.dart: events and state expose value semantics used by the UI
00:51 +437: loading /Users/ejunpark/.codex/worktrees/1f98bd1e-95ca-4396-82c1-c34de41a8851/OnTime-front/test/presentation/app/cubit/alarm_gate_cubit_test.dart
00:52 +437: /Users/ejunpark/.codex/worktrees/1f98bd1e-95ca-4396-82c1-c34de41a8851/OnTime-front/test/presentation/app/cubit/alarm_gate_cubit_test.dart: refreshPermission marks unsupported devices as resolved without prompt
00:52 +438: /Users/ejunpark/.codex/worktrees/1f98bd1e-95ca-4396-82c1-c34de41a8851/OnTime-front/test/presentation/app/cubit/alarm_gate_cubit_test.dart: refreshPermission clears dismissal and enables alarms when approved native permission is granted
00:52 +439: /Users/ejunpark/.codex/worktrees/1f98bd1e-95ca-4396-82c1-c34de41a8851/OnTime-front/test/presentation/app/cubit/alarm_gate_cubit_test.dart: refreshPermission allows local notification fallback when native alarms are unsupported
00:52 +440: /Users/ejunpark/.codex/worktrees/1f98bd1e-95ca-4396-82c1-c34de41a8851/OnTime-front/test/presentation/app/cubit/alarm_gate_cubit_test.dart: refreshPermission prompts and disables alarms when approved native permission is denied
00:52 +441: /Users/ejunpark/.codex/worktrees/1f98bd1e-95ca-4396-82c1-c34de41a8851/OnTime-front/test/presentation/app/cubit/alarm_gate_cubit_test.dart: refreshPermission keeps a dismissed denied prompt dismissed
00:52 +442: /Users/ejunpark/.codex/worktrees/1f98bd1e-95ca-4396-82c1-c34de41a8851/OnTime-front/test/presentation/app/cubit/alarm_gate_cubit_test.dart: requestPermission grants approved native access, clears dismissal, and enables alarms
00:52 +443: /Users/ejunpark/.codex/worktrees/1f98bd1e-95ca-4396-82c1-c34de41a8851/OnTime-front/test/presentation/app/cubit/alarm_gate_cubit_test.dart: requestPermission requests local notification fallback when native alarms are unsupported
00:52 +444: /Users/ejunpark/.codex/worktrees/1f98bd1e-95ca-4396-82c1-c34de41a8851/OnTime-front/test/presentation/app/cubit/alarm_gate_cubit_test.dart: refreshPermission allows fallback delivery when exact timing is denied
00:52 +445: /Users/ejunpark/.codex/worktrees/1f98bd1e-95ca-4396-82c1-c34de41a8851/OnTime-front/test/presentation/app/cubit/alarm_gate_cubit_test.dart: requestPermission falls back to notification delivery when exact timing is denied
00:52 +446: /Users/ejunpark/.codex/worktrees/1f98bd1e-95ca-4396-82c1-c34de41a8851/OnTime-front/test/presentation/app/cubit/alarm_gate_cubit_test.dart: requestPermission denial for approved native delivery disables alarms and keeps prompt required
00:52 +447: /Users/ejunpark/.codex/worktrees/1f98bd1e-95ca-4396-82c1-c34de41a8851/OnTime-front/test/presentation/app/cubit/alarm_gate_cubit_test.dart: dismissPrompt stores dismissal and disables alarms
00:52 +448: /Users/ejunpark/.codex/worktrees/1f98bd1e-95ca-4396-82c1-c34de41a8851/OnTime-front/test/presentation/app/cubit/alarm_gate_cubit_test.dart: best-effort alarm enable still allows approved native permission state to resolve
00:52 +449: /Users/ejunpark/.codex/worktrees/1f98bd1e-95ca-4396-82c1-c34de41a8851/OnTime-front/test/presentation/app/cubit/alarm_gate_cubit_test.dart: best-effort alarm disable still records dismissal when cleanup fails
00:52 +450: loading /Users/ejunpark/.codex/worktrees/1f98bd1e-95ca-4396-82c1-c34de41a8851/OnTime-front/test/presentation/app/cubit/notification_gate_cubit_test.dart
00:53 +450: /Users/ejunpark/.codex/worktrees/1f98bd1e-95ca-4396-82c1-c34de41a8851/OnTime-front/test/presentation/app/cubit/notification_gate_cubit_test.dart: authorized permission initializes notifications and allows app entry
00:53 +451: /Users/ejunpark/.codex/worktrees/1f98bd1e-95ca-4396-82c1-c34de41a8851/OnTime-front/test/presentation/app/cubit/notification_gate_cubit_test.dart: missing permission requires prompt when the prompt was not dismissed
00:53 +452: /Users/ejunpark/.codex/worktrees/1f98bd1e-95ca-4396-82c1-c34de41a8851/OnTime-front/test/presentation/app/cubit/notification_gate_cubit_test.dart: dismissed prompt remains dismissed without checking permission
00:53 +453: /Users/ejunpark/.codex/worktrees/1f98bd1e-95ca-4396-82c1-c34de41a8851/OnTime-front/test/presentation/app/cubit/notification_gate_cubit_test.dart: markPermissionAllowed clears dismissal and initializes notifications
00:53 +454: /Users/ejunpark/.codex/worktrees/1f98bd1e-95ca-4396-82c1-c34de41a8851/OnTime-front/test/presentation/app/cubit/notification_gate_cubit_test.dart: dismissPrompt stores dismissal and resolves without prompting
00:53 +455: /Users/ejunpark/.codex/worktrees/1f98bd1e-95ca-4396-82c1-c34de41a8851/OnTime-front/test/presentation/app/cubit/notification_gate_cubit_test.dart: initialization failure does not block an allowed gate state
00:53 +456: loading /Users/ejunpark/.codex/worktrees/1f98bd1e-95ca-4396-82c1-c34de41a8851/OnTime-front/test/presentation/app/bloc/schedule/schedule_bloc_test.dart
00:53 +456: /Users/ejunpark/.codex/worktrees/1f98bd1e-95ca-4396-82c1-c34de41a8851/OnTime-front/test/presentation/app/bloc/schedule/schedule_bloc_test.dart: ScheduleBloc preparation runtime flow emits notExists when there is no upcoming schedule
00:53 +457: /Users/ejunpark/.codex/worktrees/1f98bd1e-95ca-4396-82c1-c34de41a8851/OnTime-front/test/presentation/app/bloc/schedule/schedule_bloc_test.dart: ScheduleBloc preparation runtime flow alarm prompt is ignored when validation workflow is unavailable
00:53 +458: /Users/ejunpark/.codex/worktrees/1f98bd1e-95ca-4396-82c1-c34de41a8851/OnTime-front/test/presentation/app/bloc/schedule/schedule_bloc_test.dart: ScheduleBloc preparation runtime flow default constructor registers handlers with injected dependencies
00:53 +459: /Users/ejunpark/.codex/worktrees/1f98bd1e-95ca-4396-82c1-c34de41a8851/OnTime-front/test/presentation/app/bloc/schedule/schedule_bloc_test.dart: ScheduleBloc preparation runtime flow emits notExists when upcoming schedule time is already passed
00:53 +460: /Users/ejunpark/.codex/worktrees/1f98bd1e-95ca-4396-82c1-c34de41a8851/OnTime-front/test/presentation/app/bloc/schedule/schedule_bloc_test.dart: ScheduleBloc preparation runtime flow emits upcoming when now is before preparationStartTime
00:53 +461: /Users/ejunpark/.codex/worktrees/1f98bd1e-95ca-4396-82c1-c34de41a8851/OnTime-front/test/presentation/app/bloc/schedule/schedule_bloc_test.dart: ScheduleBloc preparation runtime flow emits ongoing when now is inside preparation window
00:53 +462: /Users/ejunpark/.codex/worktrees/1f98bd1e-95ca-4396-82c1-c34de41a8851/OnTime-front/test/presentation/app/bloc/schedule/schedule_bloc_test.dart: ScheduleBloc preparation runtime flow at preparation start boundary it transitions to started and navigates once
00:53 +463: /Users/ejunpark/.codex/worktrees/1f98bd1e-95ca-4396-82c1-c34de41a8851/OnTime-front/test/presentation/app/bloc/schedule/schedule_bloc_test.dart: ScheduleBloc preparation runtime flow when received exactly at preparationStartTime it starts and navigates once
00:53 +464: /Users/ejunpark/.codex/worktrees/1f98bd1e-95ca-4396-82c1-c34de41a8851/OnTime-front/test/presentation/app/bloc/schedule/schedule_bloc_test.dart: ScheduleBloc preparation runtime flow when early-started schedule is received at boundary it does not navigate again
00:53 +465: /Users/ejunpark/.codex/worktrees/1f98bd1e-95ca-4396-82c1-c34de41a8851/OnTime-front/test/presentation/app/bloc/schedule/schedule_bloc_test.dart: ScheduleBloc preparation runtime flow late entry fast-forwards elapsed preparation to current step
00:53 +466: /Users/ejunpark/.codex/worktrees/1f98bd1e-95ca-4396-82c1-c34de41a8851/OnTime-front/test/presentation/app/bloc/schedule/schedule_bloc_test.dart: ScheduleBloc preparation runtime flow entering ongoing applies catch-up tick and accepts later ticks
00:53 +467: /Users/ejunpark/.codex/worktrees/1f98bd1e-95ca-4396-82c1-c34de41a8851/OnTime-front/test/presentation/app/bloc/schedule/schedule_bloc_test.dart: ScheduleBloc preparation runtime flow restoring an ongoing run derives current step from start time skip action and now
00:53 +468: /Users/ejunpark/.codex/worktrees/1f98bd1e-95ca-4396-82c1-c34de41a8851/OnTime-front/test/presentation/app/bloc/schedule/schedule_bloc_test.dart: ScheduleBloc preparation runtime flow changed preparation ids discard progress and require explicit start
00:53 +469: /Users/ejunpark/.codex/worktrees/1f98bd1e-95ca-4396-82c1-c34de41a8851/OnTime-front/test/presentation/app/bloc/schedule/schedule_bloc_test.dart: ScheduleBloc preparation runtime flow refreshing active preparation derives elapsed from actual current time
00:53 +470: /Users/ejunpark/.codex/worktrees/1f98bd1e-95ca-4396-82c1-c34de41a8851/OnTime-front/test/presentation/app/bloc/schedule/schedule_bloc_test.dart: ScheduleBloc preparation runtime flow skip current step advances to next and persists timed preparation
00:53 +471: /Users/ejunpark/.codex/worktrees/1f98bd1e-95ca-4396-82c1-c34de41a8851/OnTime-front/test/presentation/app/bloc/schedule/schedule_bloc_test.dart: ScheduleBloc preparation runtime flow skip current step persists a skip action event
00:53 +472: /Users/ejunpark/.codex/worktrees/1f98bd1e-95ca-4396-82c1-c34de41a8851/OnTime-front/test/presentation/app/bloc/schedule/schedule_bloc_test.dart: ScheduleBloc preparation runtime flow skip on last remaining step marks all steps done
00:53 +473: /Users/ejunpark/.codex/worktrees/1f98bd1e-95ca-4396-82c1-c34de41a8851/OnTime-front/test/presentation/app/bloc/schedule/schedule_bloc_test.dart: ScheduleBloc preparation runtime flow skip when already done is no-op and does not crash
00:53 +474: /Users/ejunpark/.codex/worktrees/1f98bd1e-95ca-4396-82c1-c34de41a8851/OnTime-front/test/presentation/app/bloc/schedule/schedule_bloc_test.dart: ScheduleBloc preparation runtime flow finish calls use case and emits notExists
00:53 +475: /Users/ejunpark/.codex/worktrees/1f98bd1e-95ca-4396-82c1-c34de41a8851/OnTime-front/test/presentation/app/bloc/schedule/schedule_bloc_test.dart: ScheduleBloc preparation runtime flow step change notification fires for non-first transitions only once
00:53 +476: /Users/ejunpark/.codex/worktrees/1f98bd1e-95ca-4396-82c1-c34de41a8851/OnTime-front/test/presentation/app/bloc/schedule/schedule_bloc_test.dart: ScheduleBloc preparation runtime flow new upcoming schedule cancels old timer and tracks latest schedule
00:54 +477: /Users/ejunpark/.codex/worktrees/1f98bd1e-95ca-4396-82c1-c34de41a8851/OnTime-front/test/presentation/app/bloc/schedule/schedule_bloc_test.dart: ScheduleBloc preparation runtime flow early start from upcoming emits started and marks early session
00:54 +478: /Users/ejunpark/.codex/worktrees/1f98bd1e-95ca-4396-82c1-c34de41a8851/OnTime-front/test/presentation/app/bloc/schedule/schedule_bloc_test.dart: ScheduleBloc preparation runtime flow alarm launch start action keeps cached schedule on start prompt
00:54 +479: /Users/ejunpark/.codex/worktrees/1f98bd1e-95ca-4396-82c1-c34de41a8851/OnTime-front/test/presentation/app/bloc/schedule/schedule_bloc_test.dart: ScheduleBloc preparation runtime flow alarm launch start action keeps stale-fingerprint cached schedule on start prompt
00:54 +480: /Users/ejunpark/.codex/worktrees/1f98bd1e-95ca-4396-82c1-c34de41a8851/OnTime-front/test/presentation/app/bloc/schedule/schedule_bloc_test.dart: ScheduleBloc preparation runtime flow future upcoming schedule stops active preparation timer
00:55 +481: /Users/ejunpark/.codex/worktrees/1f98bd1e-95ca-4396-82c1-c34de41a8851/OnTime-front/test/presentation/app/bloc/schedule/schedule_bloc_test.dart: ScheduleBloc preparation runtime flow official start timer does not push scheduleStart when already early-started
00:55 +482: /Users/ejunpark/.codex/worktrees/1f98bd1e-95ca-4396-82c1-c34de41a8851/OnTime-front/test/presentation/app/bloc/schedule/schedule_bloc_test.dart: ScheduleBloc preparation runtime flow same schedule re-emission preserves started state when early-started
00:55 +483: /Users/ejunpark/.codex/worktrees/1f98bd1e-95ca-4396-82c1-c34de41a8851/OnTime-front/test/presentation/app/bloc/schedule/schedule_bloc_test.dart: ScheduleBloc preparation runtime flow finish clears timed preparation and early session state
00:55 +484: /Users/ejunpark/.codex/worktrees/1f98bd1e-95ca-4396-82c1-c34de41a8851/OnTime-front/test/presentation/app/bloc/schedule/schedule_bloc_test.dart: ScheduleBloc preparation runtime flow confirmation-required run stays stopped after prompt until explicit start
00:55 +485: /Users/ejunpark/.codex/worktrees/1f98bd1e-95ca-4396-82c1-c34de41a8851/OnTime-front/test/presentation/app/bloc/schedule/schedule_bloc_test.dart: ScheduleBloc preparation runtime flow mismatched fingerprint invalidates cached progress
00:55 +486: /Users/ejunpark/.codex/worktrees/1f98bd1e-95ca-4396-82c1-c34de41a8851/OnTime-front/test/presentation/app/bloc/schedule/schedule_bloc_test.dart: ScheduleBloc preparation runtime flow resume before official start when early session and snapshot exist
00:55 +487: /Users/ejunpark/.codex/worktrees/1f98bd1e-95ca-4396-82c1-c34de41a8851/OnTime-front/test/presentation/app/bloc/schedule/schedule_bloc_test.dart: ScheduleBloc preparation runtime flow resume before official start with only early session derives elapsed from session start
00:55 +488: /Users/ejunpark/.codex/worktrees/1f98bd1e-95ca-4396-82c1-c34de41a8851/OnTime-front/test/presentation/app/bloc/schedule/schedule_bloc_test.dart: ScheduleBloc preparation runtime flow remote alarm prompt loads schedule details and arms the prompt
00:55 +489: /Users/ejunpark/.codex/worktrees/1f98bd1e-95ca-4396-82c1-c34de41a8851/OnTime-front/test/presentation/app/bloc/schedule/schedule_bloc_test.dart: ScheduleBloc preparation runtime flow remote alarm prompt rejects ended schedules and clears their alarm
00:55 +490: /Users/ejunpark/.codex/worktrees/1f98bd1e-95ca-4396-82c1-c34de41a8851/OnTime-front/test/presentation/app/bloc/schedule/schedule_bloc_test.dart: ScheduleBloc preparation runtime flow remote alarm prompt rejects stale fingerprint unless it starts prep
00:55 +491: /Users/ejunpark/.codex/worktrees/1f98bd1e-95ca-4396-82c1-c34de41a8851/OnTime-front/test/presentation/app/bloc/schedule/schedule_bloc_test.dart: ScheduleBloc preparation runtime flow alarm prompt validation failure clears only non-start prompts
00:55 +492: /Users/ejunpark/.codex/worktrees/1f98bd1e-95ca-4396-82c1-c34de41a8851/OnTime-front/test/presentation/app/bloc/schedule/schedule_bloc_test.dart: ScheduleBloc preparation runtime flow finish failure keeps the active schedule visible
00:55 +493: /Users/ejunpark/.codex/worktrees/1f98bd1e-95ca-4396-82c1-c34de41a8851/OnTime-front/test/presentation/app/bloc/schedule/schedule_bloc_test.dart: schedule events expose equality props for bloc deduping
00:55 +494: loading /Users/ejunpark/.codex/worktrees/1f98bd1e-95ca-4396-82c1-c34de41a8851/OnTime-front/test/presentation/app/bloc/schedule/notification_prompt_race_test.dart
00:56 +494: /Users/ejunpark/.codex/worktrees/1f98bd1e-95ca-4396-82c1-c34de41a8851/OnTime-front/test/presentation/app/bloc/schedule/notification_prompt_race_test.dart: late null-nearest handler cannot overwrite a newer notification owner
00:56 +495: /Users/ejunpark/.codex/worktrees/1f98bd1e-95ca-4396-82c1-c34de41a8851/OnTime-front/test/presentation/app/bloc/schedule/notification_prompt_race_test.dart: late past-nearest handler cannot overwrite a newer notification owner
00:56 +496: /Users/ejunpark/.codex/worktrees/1f98bd1e-95ca-4396-82c1-c34de41a8851/OnTime-front/test/presentation/app/bloc/schedule/notification_prompt_race_test.dart: late legacy-lookup handler cannot overwrite a newer notification owner
00:56 +497: /Users/ejunpark/.codex/worktrees/1f98bd1e-95ca-4396-82c1-c34de41a8851/OnTime-front/test/presentation/app/bloc/schedule/notification_prompt_race_test.dart: late legacy-restore handler cannot overwrite a newer notification owner
00:56 +498: loading /Users/ejunpark/.codex/worktrees/1f98bd1e-95ca-4396-82c1-c34de41a8851/OnTime-front/test/presentation/app/bloc/auth/auth_bloc_test.dart
00:56 +498: /Users/ejunpark/.codex/worktrees/1f98bd1e-95ca-4396-82c1-c34de41a8851/OnTime-front/test/presentation/app/bloc/auth/auth_bloc_test.dart: completed local profile is ready for the app
00:56 +499: /Users/ejunpark/.codex/worktrees/1f98bd1e-95ca-4396-82c1-c34de41a8851/OnTime-front/test/presentation/app/bloc/auth/auth_bloc_test.dart: empty or incomplete local profile starts onboarding
00:56 +500: loading /Users/ejunpark/.codex/worktrees/1f98bd1e-95ca-4396-82c1-c34de41a8851/OnTime-front/test/presentation/event_value_objects_test.dart
00:57 +500: /Users/ejunpark/.codex/worktrees/1f98bd1e-95ca-4396-82c1-c34de41a8851/OnTime-front/test/presentation/event_value_objects_test.dart: default preparation edit events compare user-edited fields
00:57 +501: /Users/ejunpark/.codex/worktrees/1f98bd1e-95ca-4396-82c1-c34de41a8851/OnTime-front/test/presentation/event_value_objects_test.dart: schedule timer events compare schedule and tick times
00:57 +502: loading /Users/ejunpark/.codex/worktrees/1f98bd1e-95ca-4396-82c1-c34de41a8851/OnTime-front/test/presentation/shared/constants/early_late_text_images_test.dart
00:57 +502: /Users/ejunpark/.codex/worktrees/1f98bd1e-95ca-4396-82c1-c34de41a8851/OnTime-front/test/presentation/shared/constants/early_late_text_images_test.dart: early_late_text_images data every early message entry includes message and image
00:57 +503: /Users/ejunpark/.codex/worktrees/1f98bd1e-95ca-4396-82c1-c34de41a8851/OnTime-front/test/presentation/shared/constants/early_late_text_images_test.dart: early_late_text_images data getEarlyMessage always returns both message and image
00:57 +504: loading /Users/ejunpark/.codex/worktrees/1f98bd1e-95ca-4396-82c1-c34de41a8851/OnTime-front/test/presentation/shared/constants/app_colors_test.dart
00:58 +504: /Users/ejunpark/.codex/worktrees/1f98bd1e-95ca-4396-82c1-c34de41a8851/OnTime-front/test/presentation/shared/constants/app_colors_test.dart: white opacity colors keep the documented alpha ladder
00:58 +505: /Users/ejunpark/.codex/worktrees/1f98bd1e-95ca-4396-82c1-c34de41a8851/OnTime-front/test/presentation/shared/constants/app_colors_test.dart: brand swatches expose stable primary shades
00:58 +506: /Users/ejunpark/.codex/worktrees/1f98bd1e-95ca-4396-82c1-c34de41a8851/OnTime-front/test/presentation/shared/constants/app_colors_test.dart: social type string conversion is normalized for persistence
00:58 +507: loading /Users/ejunpark/.codex/worktrees/1f98bd1e-95ca-4396-82c1-c34de41a8851/OnTime-front/test/presentation/shared/utils/time_format_test.dart
00:58 +507: /Users/ejunpark/.codex/worktrees/1f98bd1e-95ca-4396-82c1-c34de41a8851/OnTime-front/test/presentation/shared/utils/time_format_test.dart: formatTime describes elapsed seconds in Korean units
00:58 +508: /Users/ejunpark/.codex/worktrees/1f98bd1e-95ca-4396-82c1-c34de41a8851/OnTime-front/test/presentation/shared/utils/time_format_test.dart: formatTimeTimer uses timer display with hours when needed
00:58 +509: /Users/ejunpark/.codex/worktrees/1f98bd1e-95ca-4396-82c1-c34de41a8851/OnTime-front/test/presentation/shared/utils/time_format_test.dart: formatEalyLateTime reports absolute early or late minutes
00:58 +510: /Users/ejunpark/.codex/worktrees/1f98bd1e-95ca-4396-82c1-c34de41a8851/OnTime-front/test/presentation/shared/utils/time_format_test.dart: formatElapsedTime keeps seconds two-digit padded
00:58 +511: loading /Users/ejunpark/.codex/worktrees/1f98bd1e-95ca-4396-82c1-c34de41a8851/OnTime-front/test/presentation/shared/components/calendar/schedule_marker_builder_test.dart
00:59 +511: /Users/ejunpark/.codex/worktrees/1f98bd1e-95ca-4396-82c1-c34de41a8851/OnTime-front/test/presentation/shared/components/calendar/schedule_marker_builder_test.dart: hides schedule marker when the day is selected
00:59 +512: /Users/ejunpark/.codex/worktrees/1f98bd1e-95ca-4396-82c1-c34de41a8851/OnTime-front/test/presentation/shared/components/calendar/schedule_marker_builder_test.dart: uses the default marker when a scheduled day is not selected
00:59 +513: /Users/ejunpark/.codex/worktrees/1f98bd1e-95ca-4396-82c1-c34de41a8851/OnTime-front/test/presentation/shared/components/calendar/schedule_marker_builder_test.dart: uses the default empty-day behavior when there are no events
00:59 +514: loading /Users/ejunpark/.codex/worktrees/1f98bd1e-95ca-4396-82c1-c34de41a8851/OnTime-front/test/presentation/shared/components/custom_alert_dialog_test.dart
00:59 +514: /Users/ejunpark/.codex/worktrees/1f98bd1e-95ca-4396-82c1-c34de41a8851/OnTime-front/test/presentation/shared/components/custom_alert_dialog_test.dart: renders title, content, and actions with configured spacing
01:00 +515: /Users/ejunpark/.codex/worktrees/1f98bd1e-95ca-4396-82c1-c34de41a8851/OnTime-front/test/presentation/shared/components/custom_alert_dialog_test.dart: supports content-only dialog with explicit semantic label
01:00 +516: /Users/ejunpark/.codex/worktrees/1f98bd1e-95ca-4396-82c1-c34de41a8851/OnTime-front/test/presentation/shared/components/custom_alert_dialog_test.dart: title-only dialog scales padding for large text
01:00 +517: /Users/ejunpark/.codex/worktrees/1f98bd1e-95ca-4396-82c1-c34de41a8851/OnTime-front/test/presentation/shared/components/custom_alert_dialog_test.dart: iOS dialog omits default alert route label
01:00 +518: /Users/ejunpark/.codex/worktrees/1f98bd1e-95ca-4396-82c1-c34de41a8851/OnTime-front/test/presentation/shared/components/custom_alert_dialog_test.dart: custom theme text styles are applied to title and content
01:00 +519: /Users/ejunpark/.codex/worktrees/1f98bd1e-95ca-4396-82c1-c34de41a8851/OnTime-front/test/presentation/shared/components/custom_alert_dialog_test.dart: android dialogs use default alert semantics and action layout
01:00 +520: /Users/ejunpark/.codex/worktrees/1f98bd1e-95ca-4396-82c1-c34de41a8851/OnTime-front/test/presentation/shared/components/custom_alert_dialog_test.dart: default dialog styles come from the active material theme
01:00 +521: loading /Users/ejunpark/.codex/worktrees/1f98bd1e-95ca-4396-82c1-c34de41a8851/OnTime-front/test/presentation/shared/components/two_button_delete_dialog_test.dart
01:00 +521: /Users/ejunpark/.codex/worktrees/1f98bd1e-95ca-4396-82c1-c34de41a8851/OnTime-front/test/presentation/shared/components/two_button_delete_dialog_test.dart: delete dialog wrapper returns false on cancel
01:01 +522: /Users/ejunpark/.codex/worktrees/1f98bd1e-95ca-4396-82c1-c34de41a8851/OnTime-front/test/presentation/shared/components/two_button_delete_dialog_test.dart: showTwoActionDialog returns primary result
01:01 +523: loading /Users/ejunpark/.codex/worktrees/1f98bd1e-95ca-4396-82c1-c34de41a8851/OnTime-front/test/presentation/shared/components/cupertino_picker_modal_test.dart
01:01 +523: /Users/ejunpark/.codex/worktrees/1f98bd1e-95ca-4396-82c1-c34de41a8851/OnTime-front/test/presentation/shared/components/cupertino_picker_modal_test.dart: minute picker saves the selected duration and disposes
01:02 +524: /Users/ejunpark/.codex/worktrees/1f98bd1e-95ca-4396-82c1-c34de41a8851/OnTime-front/test/presentation/shared/components/cupertino_picker_modal_test.dart: minute picker cancel disposes without saving
01:02 +525: /Users/ejunpark/.codex/worktrees/1f98bd1e-95ca-4396-82c1-c34de41a8851/OnTime-front/test/presentation/shared/components/cupertino_picker_modal_test.dart: timer picker saves the initial timer duration
01:02 +526: /Users/ejunpark/.codex/worktrees/1f98bd1e-95ca-4396-82c1-c34de41a8851/OnTime-front/test/presentation/shared/components/cupertino_picker_modal_test.dart: date picker saves the initial date value
01:02 +527: loading /Users/ejunpark/.codex/worktrees/1f98bd1e-95ca-4396-82c1-c34de41a8851/OnTime-front/test/presentation/shared/components/modal_wide_button_test.dart
01:02 +527: /Users/ejunpark/.codex/worktrees/1f98bd1e-95ca-4396-82c1-c34de41a8851/OnTime-front/test/presentation/shared/components/modal_wide_button_test.dart: renders destructive fixed button text
01:03 +528: /Users/ejunpark/.codex/worktrees/1f98bd1e-95ca-4396-82c1-c34de41a8851/OnTime-front/test/presentation/shared/components/modal_wide_button_test.dart: flex layout works in row without overflow
01:03 +529: loading /Users/ejunpark/.codex/worktrees/1f98bd1e-95ca-4396-82c1-c34de41a8851/OnTime-front/test/presentation/shared/arc_indicator_test.dart
01:03 +529: /Users/ejunpark/.codex/worktrees/1f98bd1e-95ca-4396-82c1-c34de41a8851/OnTime-front/test/presentation/shared/arc_indicator_test.dart: ArcIndicator paints background and progress arcs without throwing
01:03 +530: loading /Users/ejunpark/.codex/worktrees/1f98bd1e-95ca-4396-82c1-c34de41a8851/OnTime-front/test/presentation/shared/theme/button_and_calendar_theme_test.dart
01:04 +530: /Users/ejunpark/.codex/worktrees/1f98bd1e-95ca-4396-82c1-c34de41a8851/OnTime-front/test/presentation/shared/theme/button_and_calendar_theme_test.dart: (setUpAll)
01:04 +530: /Users/ejunpark/.codex/worktrees/1f98bd1e-95ca-4396-82c1-c34de41a8851/OnTime-front/test/presentation/shared/theme/button_and_calendar_theme_test.dart: button styles resolve enabled and disabled visual contracts
01:04 +531: /Users/ejunpark/.codex/worktrees/1f98bd1e-95ca-4396-82c1-c34de41a8851/OnTime-front/test/presentation/shared/theme/button_and_calendar_theme_test.dart: calendar theme builds app calendar tokens and copies overrides
01:04 +532: /Users/ejunpark/.codex/worktrees/1f98bd1e-95ca-4396-82c1-c34de41a8851/OnTime-front/test/presentation/shared/theme/button_and_calendar_theme_test.dart: calendar theme can be derived from build context
01:04 +533: /Users/ejunpark/.codex/worktrees/1f98bd1e-95ca-4396-82c1-c34de41a8851/OnTime-front/test/presentation/shared/theme/button_and_calendar_theme_test.dart: (tearDownAll)
01:04 +533: loading /Users/ejunpark/.codex/worktrees/1f98bd1e-95ca-4396-82c1-c34de41a8851/OnTime-front/test/presentation/shared/theme/tile_style_test.dart
01:05 +533: /Users/ejunpark/.codex/worktrees/1f98bd1e-95ca-4396-82c1-c34de41a8851/OnTime-front/test/presentation/shared/theme/tile_style_test.dart: copyWith keeps existing tile style values when not overridden
01:05 +534: /Users/ejunpark/.codex/worktrees/1f98bd1e-95ca-4396-82c1-c34de41a8851/OnTime-front/test/presentation/shared/theme/tile_style_test.dart: lerp interpolates all tile style dimensions
01:05 +535: loading /Users/ejunpark/.codex/worktrees/1f98bd1e-95ca-4396-82c1-c34de41a8851/OnTime-front/test/presentation/shared/router/app_route_transition_test.dart
01:05 +535: /Users/ejunpark/.codex/worktrees/1f98bd1e-95ca-4396-82c1-c34de41a8851/OnTime-front/test/presentation/shared/router/app_route_transition_test.dart: standard app route fades and glides into place
01:05 +536: /Users/ejunpark/.codex/worktrees/1f98bd1e-95ca-4396-82c1-c34de41a8851/OnTime-front/test/presentation/shared/router/app_route_transition_test.dart: standard app route exits back toward its entry edge
01:05 +537: /Users/ejunpark/.codex/worktrees/1f98bd1e-95ca-4396-82c1-c34de41a8851/OnTime-front/test/presentation/shared/router/app_route_transition_test.dart: bottom navigation routes exit back toward their entry edge
01:05 +538: loading /Users/ejunpark/.codex/worktrees/1f98bd1e-95ca-4396-82c1-c34de41a8851/OnTime-front/test/presentation/shared/router/notification_launch_widget_test.dart
01:06 +538: /Users/ejunpark/.codex/worktrees/1f98bd1e-95ca-4396-82c1-c34de41a8851/OnTime-front/test/presentation/shared/router/notification_launch_widget_test.dart: (setUpAll)
01:06 +538: /Users/ejunpark/.codex/worktrees/1f98bd1e-95ca-4396-82c1-c34de41a8851/OnTime-front/test/presentation/shared/router/notification_launch_widget_test.dart: production router gates, exact target, dedupe and retap from old B at 390.0
01:08 +539: /Users/ejunpark/.codex/worktrees/1f98bd1e-95ca-4396-82c1-c34de41a8851/OnTime-front/test/presentation/shared/router/notification_launch_widget_test.dart: production router gates, exact target, dedupe and retap from old old at 390.0
01:08 +540: /Users/ejunpark/.codex/worktrees/1f98bd1e-95ca-4396-82c1-c34de41a8851/OnTime-front/test/presentation/shared/router/notification_launch_widget_test.dart: production router gates, exact target, dedupe and retap from old B at 430.0
01:08 +541: /Users/ejunpark/.codex/worktrees/1f98bd1e-95ca-4396-82c1-c34de41a8851/OnTime-front/test/presentation/shared/router/notification_launch_widget_test.dart: production router gates, exact target, dedupe and retap from old old at 430.0
01:09 +542: /Users/ejunpark/.codex/worktrees/1f98bd1e-95ca-4396-82c1-c34de41a8851/OnTime-front/test/presentation/shared/router/notification_launch_widget_test.dart: (tearDownAll)
01:09 +542: loading /Users/ejunpark/.codex/worktrees/1f98bd1e-95ca-4396-82c1-c34de41a8851/OnTime-front/test/presentation/shared/router/route_arguments_test.dart
01:09 +542: /Users/ejunpark/.codex/worktrees/1f98bd1e-95ca-4396-82c1-c34de41a8851/OnTime-front/test/presentation/shared/router/route_arguments_test.dart: calendar route arguments prefers DateTime extra and falls back to query parameters
01:09 +543: /Users/ejunpark/.codex/worktrees/1f98bd1e-95ca-4396-82c1-c34de41a8851/OnTime-front/test/presentation/shared/router/route_arguments_test.dart: calendar route arguments router does not throw for malformed calendar extras
01:10 +544: /Users/ejunpark/.codex/worktrees/1f98bd1e-95ca-4396-82c1-c34de41a8851/OnTime-front/test/presentation/shared/router/route_arguments_test.dart: calendar route arguments router reads durable calendar query parameter
01:10 +545: /Users/ejunpark/.codex/worktrees/1f98bd1e-95ca-4396-82c1-c34de41a8851/OnTime-front/test/presentation/shared/router/route_arguments_test.dart: scheduleStart route arguments rejects non-map extras and accepts string-keyed legacy maps
01:10 +546: /Users/ejunpark/.codex/worktrees/1f98bd1e-95ca-4396-82c1-c34de41a8851/OnTime-front/test/presentation/shared/router/route_arguments_test.dart: scheduleStart route arguments scheduleStart query parameters merge with explicit extras
01:10 +547: /Users/ejunpark/.codex/worktrees/1f98bd1e-95ca-4396-82c1-c34de41a8851/OnTime-front/test/presentation/shared/router/route_arguments_test.dart: scheduleStart route arguments prompt helpers ignore malformed optional fields
01:10 +548: /Users/ejunpark/.codex/worktrees/1f98bd1e-95ca-4396-82c1-c34de41a8851/OnTime-front/test/presentation/shared/router/route_arguments_test.dart: scheduleStart route arguments router treats malformed scheduleStart extra as absent
01:10 +549: /Users/ejunpark/.codex/worktrees/1f98bd1e-95ca-4396-82c1-c34de41a8851/OnTime-front/test/presentation/shared/router/route_arguments_test.dart: earlyLate route arguments parses extras and durable query parameters
01:10 +550: /Users/ejunpark/.codex/worktrees/1f98bd1e-95ca-4396-82c1-c34de41a8851/OnTime-front/test/presentation/shared/router/route_arguments_test.dart: earlyLate route arguments rejects missing and wrong-type required values
01:10 +551: /Users/ejunpark/.codex/worktrees/1f98bd1e-95ca-4396-82c1-c34de41a8851/OnTime-front/test/presentation/shared/router/route_arguments_test.dart: earlyLate route arguments router redirects missing and malformed earlyLate args home
01:10 +552: /Users/ejunpark/.codex/worktrees/1f98bd1e-95ca-4396-82c1-c34de41a8851/OnTime-front/test/presentation/shared/router/route_arguments_test.dart: earlyLate route arguments router accepts valid earlyLate query arguments
01:10 +553: loading /Users/ejunpark/.codex/worktrees/1f98bd1e-95ca-4396-82c1-c34de41a8851/OnTime-front/test/presentation/shared/router/go_router_redirect_test.dart
01:10 +553: /Users/ejunpark/.codex/worktrees/1f98bd1e-95ca-4396-82c1-c34de41a8851/OnTime-front/test/presentation/shared/router/go_router_redirect_test.dart: router refresh listenable ignores schedule progress but refreshes for route gates
01:10 +554: /Users/ejunpark/.codex/worktrees/1f98bd1e-95ca-4396-82c1-c34de41a8851/OnTime-front/test/presentation/shared/router/go_router_redirect_test.dart: authenticated user goes directly to notification prompt while alarm gate is unresolved
01:10 +555: /Users/ejunpark/.codex/worktrees/1f98bd1e-95ca-4396-82c1-c34de41a8851/OnTime-front/test/presentation/shared/router/go_router_redirect_test.dart: authenticated user waits on startup while gates are still unresolved
01:10 +556: loading /Users/ejunpark/.codex/worktrees/1f98bd1e-95ca-4396-82c1-c34de41a8851/OnTime-front/test/presentation/notification_allow/notification_allow_screen_test.dart
01:11 +556: /Users/ejunpark/.codex/worktrees/1f98bd1e-95ca-4396-82c1-c34de41a8851/OnTime-front/test/presentation/notification_allow/notification_allow_screen_test.dart: shows English schedule preparation reminder rationale
01:11 +557: /Users/ejunpark/.codex/worktrees/1f98bd1e-95ca-4396-82c1-c34de41a8851/OnTime-front/test/presentation/notification_allow/notification_allow_screen_test.dart: shows Korean schedule preparation reminder rationale
01:11 +558: /Users/ejunpark/.codex/worktrees/1f98bd1e-95ca-4396-82c1-c34de41a8851/OnTime-front/test/presentation/notification_allow/notification_allow_screen_test.dart: granted permission marks gate allowed and continues home
01:11 +559: /Users/ejunpark/.codex/worktrees/1f98bd1e-95ca-4396-82c1-c34de41a8851/OnTime-front/test/presentation/notification_allow/notification_allow_screen_test.dart: not determined permission can be granted from system prompt
01:11 +560: /Users/ejunpark/.codex/worktrees/1f98bd1e-95ca-4396-82c1-c34de41a8851/OnTime-front/test/presentation/notification_allow/notification_allow_screen_test.dart: denied permission retries request without opening settings
01:11 +561: /Users/ejunpark/.codex/worktrees/1f98bd1e-95ca-4396-82c1-c34de41a8851/OnTime-front/test/presentation/notification_allow/notification_allow_screen_test.dart: manual settings grant still continues home on app resume
01:11 +562: /Users/ejunpark/.codex/worktrees/1f98bd1e-95ca-4396-82c1-c34de41a8851/OnTime-front/test/presentation/notification_allow/notification_allow_screen_test.dart: request denial lets user dismiss prompt and continue home
01:11 +563: /Users/ejunpark/.codex/worktrees/1f98bd1e-95ca-4396-82c1-c34de41a8851/OnTime-front/test/presentation/notification_allow/notification_allow_screen_test.dart: do it later dismisses prompt without requesting permission
01:11 +564: loading /Users/ejunpark/.codex/worktrees/1f98bd1e-95ca-4396-82c1-c34de41a8851/OnTime-front/test/presentation/my_page/preparation_spare_time_edit/preparation_spare_time_edit_screen_test.dart
01:12 +564: /Users/ejunpark/.codex/worktrees/1f98bd1e-95ca-4396-82c1-c34de41a8851/OnTime-front/test/presentation/my_page/preparation_spare_time_edit/preparation_spare_time_edit_screen_test.dart: keeps preparation edits mounted when spare time changes
01:13 +565: /Users/ejunpark/.codex/worktrees/1f98bd1e-95ca-4396-82c1-c34de41a8851/OnTime-front/test/presentation/my_page/preparation_spare_time_edit/preparation_spare_time_edit_screen_test.dart: save failure keeps editor open and shows error
01:13 +566: /Users/ejunpark/.codex/worktrees/1f98bd1e-95ca-4396-82c1-c34de41a8851/OnTime-front/test/presentation/my_page/preparation_spare_time_edit/preparation_spare_time_edit_screen_test.dart: save waits for completion before navigating back
01:13 +567: /Users/ejunpark/.codex/worktrees/1f98bd1e-95ca-4396-82c1-c34de41a8851/OnTime-front/test/presentation/my_page/preparation_spare_time_edit/preparation_spare_time_edit_screen_test.dart: changed preparation step time is submitted
01:13 +568: /Users/ejunpark/.codex/worktrees/1f98bd1e-95ca-4396-82c1-c34de41a8851/OnTime-front/test/presentation/my_page/preparation_spare_time_edit/preparation_spare_time_edit_screen_test.dart: form bloc loads defaults and edits spare time in five-minute steps
01:13 +569: /Users/ejunpark/.codex/worktrees/1f98bd1e-95ca-4396-82c1-c34de41a8851/OnTime-front/test/presentation/my_page/preparation_spare_time_edit/preparation_spare_time_edit_screen_test.dart: form bloc persists preparation and spare time before reloading user
01:13 +570: /Users/ejunpark/.codex/worktrees/1f98bd1e-95ca-4396-82c1-c34de41a8851/OnTime-front/test/presentation/my_page/preparation_spare_time_edit/preparation_spare_time_edit_screen_test.dart: form bloc reports errors when spare time is absent or update fails
01:13 +571: loading /Users/ejunpark/.codex/worktrees/1f98bd1e-95ca-4396-82c1-c34de41a8851/OnTime-front/test/presentation/my_page/my_data_export_test.dart
01:14 +571: /Users/ejunpark/.codex/worktrees/1f98bd1e-95ca-4396-82c1-c34de41a8851/OnTime-front/test/presentation/my_page/my_data_export_test.dart: 암호화 백업 내보내기 password cancel disposes only after exit transition
01:14 +572: /Users/ejunpark/.codex/worktrees/1f98bd1e-95ca-4396-82c1-c34de41a8851/OnTime-front/test/presentation/my_page/my_data_export_test.dart: 백업에서 복원 password cancel disposes only after exit transition
01:14 +573: /Users/ejunpark/.codex/worktrees/1f98bd1e-95ca-4396-82c1-c34de41a8851/OnTime-front/test/presentation/my_page/my_data_export_test.dart: only completed file save announces success
01:15 +574: /Users/ejunpark/.codex/worktrees/1f98bd1e-95ca-4396-82c1-c34de41a8851/OnTime-front/test/presentation/my_page/my_data_export_test.dart: cancel clears busy state without announcing success
01:15 +575: /Users/ejunpark/.codex/worktrees/1f98bd1e-95ca-4396-82c1-c34de41a8851/OnTime-front/test/presentation/my_page/my_data_export_test.dart: saved file with metadata failure is explained separately
01:15 +576: loading /Users/ejunpark/.codex/worktrees/1f98bd1e-95ca-4396-82c1-c34de41a8851/OnTime-front/test/presentation/my_page/my_page_screen_test.dart
01:16 +576: /Users/ejunpark/.codex/worktrees/1f98bd1e-95ca-4396-82c1-c34de41a8851/OnTime-front/test/presentation/my_page/my_page_screen_test.dart: shows only local data and device settings
01:16 +577: /Users/ejunpark/.codex/worktrees/1f98bd1e-95ca-4396-82c1-c34de41a8851/OnTime-front/test/presentation/my_page/my_page_screen_test.dart: detailed notification opt-in persists locally and reconciles
01:16 +578: /Users/ejunpark/.codex/worktrees/1f98bd1e-95ca-4396-82c1-c34de41a8851/OnTime-front/test/presentation/my_page/my_page_screen_test.dart: disabling schedule delivery cancels every local registration
01:16 +579: /Users/ejunpark/.codex/worktrees/1f98bd1e-95ca-4396-82c1-c34de41a8851/OnTime-front/test/presentation/my_page/my_page_screen_test.dart: fallback permission enables local schedule notifications
01:16 +580: /Users/ejunpark/.codex/worktrees/1f98bd1e-95ca-4396-82c1-c34de41a8851/OnTime-front/test/presentation/my_page/my_page_screen_test.dart: armed local notification is reported without server status
01:17 +581: /Users/ejunpark/.codex/worktrees/1f98bd1e-95ca-4396-82c1-c34de41a8851/OnTime-front/test/presentation/my_page/my_page_screen_test.dart: timing education is optional once and settings require explicit choice
01:17 +582: /Users/ejunpark/.codex/worktrees/1f98bd1e-95ca-4396-82c1-c34de41a8851/OnTime-front/test/presentation/my_page/my_page_screen_test.dart: education setting choice rereads state without claiming a grant
01:17 +583: /Users/ejunpark/.codex/worktrees/1f98bd1e-95ca-4396-82c1-c34de41a8851/OnTime-front/test/presentation/my_page/my_page_screen_test.dart: current timing grant does not hide partial scheduling or display denial
01:17 +584: /Users/ejunpark/.codex/worktrees/1f98bd1e-95ca-4396-82c1-c34de41a8851/OnTime-front/test/presentation/my_page/my_page_screen_test.dart: late education cannot appear after leaving the eligible route or consume once marker
01:17 +585: /Users/ejunpark/.codex/worktrees/1f98bd1e-95ca-4396-82c1-c34de41a8851/OnTime-front/test/presentation/my_page/my_page_screen_test.dart: data replacement during timing lookup cannot consume education or open settings
01:17 +586: /Users/ejunpark/.codex/worktrees/1f98bd1e-95ca-4396-82c1-c34de41a8851/OnTime-front/test/presentation/my_page/my_page_screen_test.dart: authorized notification permission reports it is already on
01:17 +587: /Users/ejunpark/.codex/worktrees/1f98bd1e-95ca-4396-82c1-c34de41a8851/OnTime-front/test/presentation/my_page/my_page_screen_test.dart: new notification grant initializes local notifications
01:17 +588: /Users/ejunpark/.codex/worktrees/1f98bd1e-95ca-4396-82c1-c34de41a8851/OnTime-front/test/presentation/my_page/my_page_screen_test.dart: restricted notification state can open system settings
01:17 +589: /Users/ejunpark/.codex/worktrees/1f98bd1e-95ca-4396-82c1-c34de41a8851/OnTime-front/test/presentation/my_page/my_page_screen_test.dart: local data and bundled privacy destinations remain in-app
01:17 +590: loading /Users/ejunpark/.codex/worktrees/1f98bd1e-95ca-4396-82c1-c34de41a8851/OnTime-front/test/presentation/my_page/my_data_restore_test.dart
01:18 +590: /Users/ejunpark/.codex/worktrees/1f98bd1e-95ca-4396-82c1-c34de41a8851/OnTime-front/test/presentation/my_page/my_data_restore_test.dart: validated preview cancellation never applies backup
01:19 +591: /Users/ejunpark/.codex/worktrees/1f98bd1e-95ca-4396-82c1-c34de41a8851/OnTime-front/test/presentation/my_page/my_data_restore_test.dart: picker cancel skips preview and leaves data untouched
01:19 +592: /Users/ejunpark/.codex/worktrees/1f98bd1e-95ca-4396-82c1-c34de41a8851/OnTime-front/test/presentation/my_page/my_data_restore_test.dart: invalid selected file reports failure and permits another attempt
01:19 +593: loading /Users/ejunpark/.codex/worktrees/1f98bd1e-95ca-4396-82c1-c34de41a8851/OnTime-front/test/presentation/early_late/bloc/early_late_screen_bloc_test.dart
01:20 +593: /Users/ejunpark/.codex/worktrees/1f98bd1e-95ca-4396-82c1-c34de41a8851/OnTime-front/test/presentation/early_late/bloc/early_late_screen_bloc_test.dart: EarlyLateScreenBloc loads success state for early completion values
01:20 +594: /Users/ejunpark/.codex/worktrees/1f98bd1e-95ca-4396-82c1-c34de41a8851/OnTime-front/test/presentation/early_late/bloc/early_late_screen_bloc_test.dart: EarlyLateScreenBloc loads success state for late completion values
01:20 +595: /Users/ejunpark/.codex/worktrees/1f98bd1e-95ca-4396-82c1-c34de41a8851/OnTime-front/test/presentation/early_late/bloc/early_late_screen_bloc_test.dart: EarlyLateScreenBloc loaded checklist replaces only checklist while preserving message
01:20 +596: /Users/ejunpark/.codex/worktrees/1f98bd1e-95ca-4396-82c1-c34de41a8851/OnTime-front/test/presentation/early_late/bloc/early_late_screen_bloc_test.dart: EarlyLateScreenBloc toggle checklist item flips one item and keeps the others
01:20 +597: /Users/ejunpark/.codex/worktrees/1f98bd1e-95ca-4396-82c1-c34de41a8851/OnTime-front/test/presentation/early_late/bloc/early_late_screen_bloc_test.dart: EarlyLateScreenBloc checklist events are ignored until early-late info is loaded
01:20 +598: /Users/ejunpark/.codex/worktrees/1f98bd1e-95ca-4396-82c1-c34de41a8851/OnTime-front/test/presentation/early_late/bloc/early_late_screen_bloc_test.dart: EarlyLateScreenBloc events and states compare by their public fields
01:20 +599: loading /Users/ejunpark/.codex/worktrees/1f98bd1e-95ca-4396-82c1-c34de41a8851/OnTime-front/test/presentation/alarm/utils/preparation_step_state_mapper_test.dart
01:20 +599: /Users/ejunpark/.codex/worktrees/1f98bd1e-95ca-4396-82c1-c34de41a8851/OnTime-front/test/presentation/alarm/utils/preparation_step_state_mapper_test.dart: PreparationStepStateMapper marks prior, current, and future preparation steps for display
01:20 +600: /Users/ejunpark/.codex/worktrees/1f98bd1e-95ca-4396-82c1-c34de41a8851/OnTime-front/test/presentation/alarm/utils/preparation_step_state_mapper_test.dart: PreparationStepStateMapper marks every step done when preparation is complete
01:20 +601: /Users/ejunpark/.codex/worktrees/1f98bd1e-95ca-4396-82c1-c34de41a8851/OnTime-front/test/presentation/alarm/utils/preparation_step_state_mapper_test.dart: PreparationStepStateMapper returns no display states for an empty preparation
01:20 +602: loading /Users/ejunpark/.codex/worktrees/1f98bd1e-95ca-4396-82c1-c34de41a8851/OnTime-front/test/presentation/alarm/screens/preparation_flow_widget_test.dart
01:21 +602: /Users/ejunpark/.codex/worktrees/1f98bd1e-95ca-4396-82c1-c34de41a8851/OnTime-front/test/presentation/alarm/screens/preparation_flow_widget_test.dart: Preparation flow widgets schedule start route values normalize legacy inputs
01:21 +603: /Users/ejunpark/.codex/worktrees/1f98bd1e-95ca-4396-82c1-c34de41a8851/OnTime-front/test/presentation/alarm/screens/preparation_flow_widget_test.dart: Preparation flow widgets official start prompt uses one action and opens alarm
01:21 +604: /Users/ejunpark/.codex/worktrees/1f98bd1e-95ca-4396-82c1-c34de41a8851/OnTime-front/test/presentation/alarm/screens/preparation_flow_widget_test.dart: Preparation flow widgets alarm prompt without cached schedule still offers early start
01:21 +605: /Users/ejunpark/.codex/worktrees/1f98bd1e-95ca-4396-82c1-c34de41a8851/OnTime-front/test/presentation/alarm/screens/preparation_flow_widget_test.dart: Preparation flow widgets close button confirms before leaving start prompt
01:21 +606: /Users/ejunpark/.codex/worktrees/1f98bd1e-95ca-4396-82c1-c34de41a8851/OnTime-front/test/presentation/alarm/screens/preparation_flow_widget_test.dart: Preparation flow widgets early-start screen variant is shown with two choices
01:21 +607: /Users/ejunpark/.codex/worktrees/1f98bd1e-95ca-4396-82c1-c34de41a8851/OnTime-front/test/presentation/alarm/screens/preparation_flow_widget_test.dart: Preparation flow widgets early-start start-now button navigates to alarm
01:21 +608: /Users/ejunpark/.codex/worktrees/1f98bd1e-95ca-4396-82c1-c34de41a8851/OnTime-front/test/presentation/alarm/screens/preparation_flow_widget_test.dart: Preparation flow widgets early-start not-now button navigates home
01:22 +609: /Users/ejunpark/.codex/worktrees/1f98bd1e-95ca-4396-82c1-c34de41a8851/OnTime-front/test/presentation/alarm/screens/preparation_flow_widget_test.dart: Preparation flow widgets deprecated five-minute flag resolves to early-start choices
01:22 +610: /Users/ejunpark/.codex/worktrees/1f98bd1e-95ca-4396-82c1-c34de41a8851/OnTime-front/test/presentation/alarm/screens/preparation_flow_widget_test.dart: Preparation flow widgets early-start variant is shown with dedicated prompt
01:22 +611: /Users/ejunpark/.codex/worktrees/1f98bd1e-95ca-4396-82c1-c34de41a8851/OnTime-front/test/presentation/alarm/screens/preparation_flow_widget_test.dart: Preparation flow widgets early-start variant formats hour and minute lead time
01:22 +612: /Users/ejunpark/.codex/worktrees/1f98bd1e-95ca-4396-82c1-c34de41a8851/OnTime-front/test/presentation/alarm/screens/preparation_flow_widget_test.dart: Preparation flow widgets early-start primary action starts preparation and navigates
01:22 +613: /Users/ejunpark/.codex/worktrees/1f98bd1e-95ca-4396-82c1-c34de41a8851/OnTime-front/test/presentation/alarm/screens/preparation_flow_widget_test.dart: Preparation flow widgets early-start has explicit not-now instead of home button
01:22 +614: /Users/ejunpark/.codex/worktrees/1f98bd1e-95ca-4396-82c1-c34de41a8851/OnTime-front/test/presentation/alarm/screens/preparation_flow_widget_test.dart: Preparation flow widgets active alarm screen renders top-corner close button
01:22 +615: /Users/ejunpark/.codex/worktrees/1f98bd1e-95ca-4396-82c1-c34de41a8851/OnTime-front/test/presentation/alarm/screens/preparation_flow_widget_test.dart: Preparation flow widgets upcoming alarm screen can start preparing immediately
01:22 +616: /Users/ejunpark/.codex/worktrees/1f98bd1e-95ca-4396-82c1-c34de41a8851/OnTime-front/test/presentation/alarm/screens/preparation_flow_widget_test.dart: Preparation flow widgets upcoming alarm screen home button returns home without starting
01:22 +617: /Users/ejunpark/.codex/worktrees/1f98bd1e-95ca-4396-82c1-c34de41a8851/OnTime-front/test/presentation/alarm/screens/preparation_flow_widget_test.dart: Preparation flow widgets active alarm close button navigates home without confirmation
01:22 +618: /Users/ejunpark/.codex/worktrees/1f98bd1e-95ca-4396-82c1-c34de41a8851/OnTime-front/test/presentation/alarm/screens/preparation_flow_widget_test.dart: Preparation flow widgets manual finish before leave time sends lateness 0 and navigates
01:22 +619: /Users/ejunpark/.codex/worktrees/1f98bd1e-95ca-4396-82c1-c34de41a8851/OnTime-front/test/presentation/alarm/screens/preparation_flow_widget_test.dart: Preparation flow widgets manual finish after leave threshold sends positive lateness
01:22 +620: /Users/ejunpark/.codex/worktrees/1f98bd1e-95ca-4396-82c1-c34de41a8851/OnTime-front/test/presentation/alarm/screens/preparation_flow_widget_test.dart: Preparation flow widgets completion dialog continue shows live leave countdown for ongoing flow
01:22 +621: /Users/ejunpark/.codex/worktrees/1f98bd1e-95ca-4396-82c1-c34de41a8851/OnTime-front/test/presentation/alarm/screens/preparation_flow_widget_test.dart: Preparation flow widgets completion dialog continue shows live leave countdown for early-start flow
01:22 +622: /Users/ejunpark/.codex/worktrees/1f98bd1e-95ca-4396-82c1-c34de41a8851/OnTime-front/test/presentation/alarm/screens/preparation_flow_widget_test.dart: Preparation flow widgets completion dialog continue keeps overdue timer running after leave time
01:22 +623: /Users/ejunpark/.codex/worktrees/1f98bd1e-95ca-4396-82c1-c34de41a8851/OnTime-front/test/presentation/alarm/screens/preparation_flow_widget_test.dart: Preparation flow widgets completion dialog finish triggers finish flow
01:22 +624: /Users/ejunpark/.codex/worktrees/1f98bd1e-95ca-4396-82c1-c34de41a8851/OnTime-front/test/presentation/alarm/screens/preparation_flow_widget_test.dart: Preparation flow widgets already missing schedule on alarm entry navigates home
01:22 +625: /Users/ejunpark/.codex/worktrees/1f98bd1e-95ca-4396-82c1-c34de41a8851/OnTime-front/test/presentation/alarm/screens/preparation_flow_widget_test.dart: Preparation flow widgets null schedule emission while already notExists navigates home
01:22 +626: /Users/ejunpark/.codex/worktrees/1f98bd1e-95ca-4396-82c1-c34de41a8851/OnTime-front/test/presentation/alarm/screens/preparation_flow_widget_test.dart: Preparation flow widgets stale notification after schedule end should redirect safely (spec-first)
01:22 +627: loading /Users/ejunpark/.codex/worktrees/1f98bd1e-95ca-4396-82c1-c34de41a8851/OnTime-front/test/presentation/alarm/components/preparation_step_list_widget_test.dart
01:23 +627: /Users/ejunpark/.codex/worktrees/1f98bd1e-95ca-4396-82c1-c34de41a8851/OnTime-front/test/presentation/alarm/components/preparation_step_list_widget_test.dart: renders ordered preparation steps and wires skip action
01:23 +628: /Users/ejunpark/.codex/worktrees/1f98bd1e-95ca-4396-82c1-c34de41a8851/OnTime-front/test/presentation/alarm/components/preparation_step_list_widget_test.dart: scrolls toward the previous step when current step advances
01:23 +629: loading /Users/ejunpark/.codex/worktrees/1f98bd1e-95ca-4396-82c1-c34de41a8851/OnTime-front/test/presentation/alarm_allow/alarm_allow_screen_test.dart
01:24 +629: /Users/ejunpark/.codex/worktrees/1f98bd1e-95ca-4396-82c1-c34de41a8851/OnTime-front/test/presentation/alarm_allow/alarm_allow_screen_test.dart: shows English precise notification permission rationale
01:24 +630: /Users/ejunpark/.codex/worktrees/1f98bd1e-95ca-4396-82c1-c34de41a8851/OnTime-front/test/presentation/alarm_allow/alarm_allow_screen_test.dart: granted Android notification permission enables notifications
01:24 +631: /Users/ejunpark/.codex/worktrees/1f98bd1e-95ca-4396-82c1-c34de41a8851/OnTime-front/test/presentation/alarm_allow/alarm_allow_screen_test.dart: uses alarm language for iOS AlarmKit capability
01:24 +632: /Users/ejunpark/.codex/worktrees/1f98bd1e-95ca-4396-82c1-c34de41a8851/OnTime-front/test/presentation/alarm_allow/alarm_allow_screen_test.dart: dismiss keeps notification delivery when fallback is available
01:24 +633: loading /Users/ejunpark/.codex/worktrees/1f98bd1e-95ca-4396-82c1-c34de41a8851/OnTime-front/test/presentation/onboarding/cubit/onboarding_cubit_test.dart
01:25 +633: /Users/ejunpark/.codex/worktrees/1f98bd1e-95ca-4396-82c1-c34de41a8851/OnTime-front/test/presentation/onboarding/cubit/onboarding_cubit_test.dart: OnboardingPreparationStepState copyWith updates and clears linkage
01:25 +634: /Users/ejunpark/.codex/worktrees/1f98bd1e-95ca-4396-82c1-c34de41a8851/OnTime-front/test/presentation/onboarding/cubit/onboarding_cubit_test.dart: OnboardingState copies form values and converts steps to entity
01:25 +635: /Users/ejunpark/.codex/worktrees/1f98bd1e-95ca-4396-82c1-c34de41a8851/OnTime-front/test/presentation/onboarding/cubit/onboarding_cubit_test.dart: OnboardingCubit emits form changes and submits onboarding payload
01:25 +636: /Users/ejunpark/.codex/worktrees/1f98bd1e-95ca-4396-82c1-c34de41a8851/OnTime-front/test/presentation/onboarding/cubit/onboarding_cubit_test.dart: PreparationOrderCubit reorders immutable steps without losing durations
01:25 +637: loading /Users/ejunpark/.codex/worktrees/1f98bd1e-95ca-4396-82c1-c34de41a8851/OnTime-front/test/presentation/onboarding/screens/onboarding_screen_test.dart
01:25 +637: /Users/ejunpark/.codex/worktrees/1f98bd1e-95ca-4396-82c1-c34de41a8851/OnTime-front/test/presentation/onboarding/screens/onboarding_screen_test.dart: start screen enters the entirely local onboarding flow
01:26 +638: /Users/ejunpark/.codex/worktrees/1f98bd1e-95ca-4396-82c1-c34de41a8851/OnTime-front/test/presentation/onboarding/screens/onboarding_screen_test.dart: selected preparation and timing are submitted as the Local Profile setup
01:26 +639: /Users/ejunpark/.codex/worktrees/1f98bd1e-95ca-4396-82c1-c34de41a8851/OnTime-front/test/presentation/onboarding/screens/onboarding_screen_test.dart: failed local profile creation keeps the form and reports error
01:27 +640: loading /Users/ejunpark/.codex/worktrees/1f98bd1e-95ca-4396-82c1-c34de41a8851/OnTime-front/test/presentation/recurring/recurring_screens_test.dart
01:27 +640: /Users/ejunpark/.codex/worktrees/1f98bd1e-95ca-4396-82c1-c34de41a8851/OnTime-front/test/presentation/recurring/recurring_screens_test.dart: (setUpAll)
01:27 +640: /Users/ejunpark/.codex/worktrees/1f98bd1e-95ca-4396-82c1-c34de41a8851/OnTime-front/test/presentation/recurring/recurring_screens_test.dart: weekly settings support multiple weekdays and positive count without yearly option
01:28 +641: /Users/ejunpark/.codex/worktrees/1f98bd1e-95ca-4396-82c1-c34de41a8851/OnTime-front/test/presentation/recurring/recurring_screens_test.dart: empty weekday selection stays in the settings sheet
01:28 +642: /Users/ejunpark/.codex/worktrees/1f98bd1e-95ca-4396-82c1-c34de41a8851/OnTime-front/test/presentation/recurring/recurring_screens_test.dart: review requires explicit exclusion and returns only selected conflicting slot
01:28 +643: /Users/ejunpark/.codex/worktrees/1f98bd1e-95ca-4396-82c1-c34de41a8851/OnTime-front/test/presentation/recurring/recurring_screens_test.dart: management reads own preparation and confirms ending following scope
01:28 +644: /Users/ejunpark/.codex/worktrees/1f98bd1e-95ca-4396-82c1-c34de41a8851/OnTime-front/test/presentation/recurring/recurring_screens_test.dart: settings and review render at phone width and large text
01:28 +645: /Users/ejunpark/.codex/worktrees/1f98bd1e-95ca-4396-82c1-c34de41a8851/OnTime-front/test/presentation/recurring/recurring_screens_test.dart: (tearDownAll)
01:28 +645: loading /Users/ejunpark/.codex/worktrees/1f98bd1e-95ca-4396-82c1-c34de41a8851/OnTime-front/test/presentation/recurring/recurring_form_integration_test.dart
01:29 +645: /Users/ejunpark/.codex/worktrees/1f98bd1e-95ca-4396-82c1-c34de41a8851/OnTime-front/test/presentation/recurring/recurring_form_integration_test.dart: four-step creation opens recurrence review and saves to the local database
01:30 +646: /Users/ejunpark/.codex/worktrees/1f98bd1e-95ca-4396-82c1-c34de41a8851/OnTime-front/test/presentation/recurring/recurring_form_integration_test.dart: form review and cancel write nothing; confirmation saves owned preparation and alarms
01:30 +647: /Users/ejunpark/.codex/worktrees/1f98bd1e-95ca-4396-82c1-c34de41a8851/OnTime-front/test/presentation/recurring/recurring_form_integration_test.dart: following edit loads the series base and preserves an individual name override
01:30 +648: /Users/ejunpark/.codex/worktrees/1f98bd1e-95ca-4396-82c1-c34de41a8851/OnTime-front/test/presentation/recurring/recurring_form_integration_test.dart: invalid preparation keeps the draft and allows a successful retry
01:30 +649: loading /Users/ejunpark/.codex/worktrees/1f98bd1e-95ca-4396-82c1-c34de41a8851/OnTime-front/test/presentation/schedule_create/schedule_place_moving_time/schedule_place_moving_time_form_test.dart
01:31 +649: /Users/ejunpark/.codex/worktrees/1f98bd1e-95ca-4396-82c1-c34de41a8851/OnTime-front/test/presentation/schedule_create/schedule_place_moving_time/schedule_place_moving_time_form_test.dart: edits place name and saves travel time picker selection
01:31 +650: /Users/ejunpark/.codex/worktrees/1f98bd1e-95ca-4396-82c1-c34de41a8851/OnTime-front/test/presentation/schedule_create/schedule_place_moving_time/schedule_place_moving_time_form_test.dart: shows overlap warning from available travel window
01:31 +651: loading /Users/ejunpark/.codex/worktrees/1f98bd1e-95ca-4396-82c1-c34de41a8851/OnTime-front/test/presentation/schedule_create/schedule_spare_and_preparing_time/cubit/schedule_form_spare_time_state_test.dart
01:32 +651: /Users/ejunpark/.codex/worktrees/1f98bd1e-95ca-4396-82c1-c34de41a8851/OnTime-front/test/presentation/schedule_create/schedule_spare_and_preparing_time/cubit/schedule_form_spare_time_state_test.dart: validity follows spare-time input and overlap error state
01:32 +652: /Users/ejunpark/.codex/worktrees/1f98bd1e-95ca-4396-82c1-c34de41a8851/OnTime-front/test/presentation/schedule_create/schedule_spare_and_preparing_time/cubit/schedule_form_spare_time_state_test.dart: copyWith can update or clear overlap state
01:32 +653: /Users/ejunpark/.codex/worktrees/1f98bd1e-95ca-4396-82c1-c34de41a8851/OnTime-front/test/presentation/schedule_create/schedule_spare_and_preparing_time/cubit/schedule_form_spare_time_state_test.dart: fromScheduleFormState carries spare time and preparation duration
01:32 +654: loading /Users/ejunpark/.codex/worktrees/1f98bd1e-95ca-4396-82c1-c34de41a8851/OnTime-front/test/presentation/schedule_create/schedule_spare_and_preparing_time/screens/schedule_spare_and_preparing_time_form_test.dart
01:32 +654: /Users/ejunpark/.codex/worktrees/1f98bd1e-95ca-4396-82c1-c34de41a8851/OnTime-front/test/presentation/schedule_create/schedule_spare_and_preparing_time/screens/schedule_spare_and_preparing_time_form_test.dart: renders preparation and user default spare time
01:33 +655: /Users/ejunpark/.codex/worktrees/1f98bd1e-95ca-4396-82c1-c34de41a8851/OnTime-front/test/presentation/schedule_create/schedule_spare_and_preparing_time/screens/schedule_spare_and_preparing_time_form_test.dart: warning overlap message names the previous schedule
01:33 +656: /Users/ejunpark/.codex/worktrees/1f98bd1e-95ca-4396-82c1-c34de41a8851/OnTime-front/test/presentation/schedule_create/schedule_spare_and_preparing_time/screens/schedule_spare_and_preparing_time_form_test.dart: error overlap message names the previous schedule
01:33 +657: /Users/ejunpark/.codex/worktrees/1f98bd1e-95ca-4396-82c1-c34de41a8851/OnTime-front/test/presentation/schedule_create/schedule_spare_and_preparing_time/screens/schedule_spare_and_preparing_time_form_test.dart: saving spare-time picker submits chosen duration
01:33 +658: /Users/ejunpark/.codex/worktrees/1f98bd1e-95ca-4396-82c1-c34de41a8851/OnTime-front/test/presentation/schedule_create/schedule_spare_and_preparing_time/screens/schedule_spare_and_preparing_time_form_test.dart: preparation edit route updates preparation from draft
01:33 +659: loading /Users/ejunpark/.codex/worktrees/1f98bd1e-95ca-4396-82c1-c34de41a8851/OnTime-front/test/presentation/schedule_create/schedule_spare_and_preparing_time/preparation_form/bloc/preparation_form_bloc_test.dart
01:33 +659: /Users/ejunpark/.codex/worktrees/1f98bd1e-95ca-4396-82c1-c34de41a8851/OnTime-front/test/presentation/schedule_create/schedule_spare_and_preparing_time/preparation_form/bloc/preparation_form_bloc_test.dart: validates and serializes the newly added preparation step
01:34 +660: /Users/ejunpark/.codex/worktrees/1f98bd1e-95ca-4396-82c1-c34de41a8851/OnTime-front/test/presentation/schedule_create/schedule_spare_and_preparing_time/preparation_form/bloc/preparation_form_bloc_test.dart: can remove a newly added preparation step
01:34 +661: /Users/ejunpark/.codex/worktrees/1f98bd1e-95ca-4396-82c1-c34de41a8851/OnTime-front/test/presentation/schedule_create/schedule_spare_and_preparing_time/preparation_form/bloc/preparation_form_bloc_test.dart: removes a blank newly added step when name focus is lost
01:34 +662: /Users/ejunpark/.codex/worktrees/1f98bd1e-95ca-4396-82c1-c34de41a8851/OnTime-front/test/presentation/schedule_create/schedule_spare_and_preparing_time/preparation_form/bloc/preparation_form_bloc_test.dart: removes a blank newly added step when row interaction ends
01:34 +663: /Users/ejunpark/.codex/worktrees/1f98bd1e-95ca-4396-82c1-c34de41a8851/OnTime-front/test/presentation/schedule_create/schedule_spare_and_preparing_time/preparation_form/bloc/preparation_form_bloc_test.dart: marks time dirty when named newly added step leaves row
01:34 +664: /Users/ejunpark/.codex/worktrees/1f98bd1e-95ca-4396-82c1-c34de41a8851/OnTime-front/test/presentation/schedule_create/schedule_spare_and_preparing_time/preparation_form/bloc/preparation_form_bloc_test.dart: keeps name pure when newly added step gets time before leaving
01:34 +665: /Users/ejunpark/.codex/worktrees/1f98bd1e-95ca-4396-82c1-c34de41a8851/OnTime-front/test/presentation/schedule_create/schedule_spare_and_preparing_time/preparation_form/bloc/preparation_form_bloc_test.dart: marks name dirty when timed newly added step leaves row
01:34 +666: /Users/ejunpark/.codex/worktrees/1f98bd1e-95ca-4396-82c1-c34de41a8851/OnTime-front/test/presentation/schedule_create/schedule_spare_and_preparing_time/preparation_form/bloc/preparation_form_bloc_test.dart: ignores stale time changes after a newly added step is removed
01:34 +667: /Users/ejunpark/.codex/worktrees/1f98bd1e-95ca-4396-82c1-c34de41a8851/OnTime-front/test/presentation/schedule_create/schedule_spare_and_preparing_time/preparation_form/bloc/preparation_form_bloc_test.dart: keeps a newly added step with time when name focus is lost
01:34 +668: /Users/ejunpark/.codex/worktrees/1f98bd1e-95ca-4396-82c1-c34de41a8851/OnTime-front/test/presentation/schedule_create/schedule_spare_and_preparing_time/preparation_form/bloc/preparation_form_bloc_test.dart: can reorder a newly added preparation step
01:34 +669: /Users/ejunpark/.codex/worktrees/1f98bd1e-95ca-4396-82c1-c34de41a8851/OnTime-front/test/presentation/schedule_create/schedule_spare_and_preparing_time/preparation_form/bloc/preparation_form_bloc_test.dart: shows validation errors after validation is requested
01:34 +670: /Users/ejunpark/.codex/worktrees/1f98bd1e-95ca-4396-82c1-c34de41a8851/OnTime-front/test/presentation/schedule_create/schedule_spare_and_preparing_time/preparation_form/bloc/preparation_form_bloc_test.dart: does not remove the last remaining preparation step
01:34 +671: /Users/ejunpark/.codex/worktrees/1f98bd1e-95ca-4396-82c1-c34de41a8851/OnTime-front/test/presentation/schedule_create/schedule_spare_and_preparing_time/preparation_form/bloc/preparation_form_bloc_test.dart: ignores duplicate add requests while a draft row is active
01:34 +672: /Users/ejunpark/.codex/worktrees/1f98bd1e-95ca-4396-82c1-c34de41a8851/OnTime-front/test/presentation/schedule_create/schedule_spare_and_preparing_time/preparation_form/bloc/preparation_form_bloc_test.dart: created event exits adding mode without appending invalid step
01:34 +673: /Users/ejunpark/.codex/worktrees/1f98bd1e-95ca-4396-82c1-c34de41a8851/OnTime-front/test/presentation/schedule_create/schedule_spare_and_preparing_time/preparation_form/bloc/preparation_form_bloc_test.dart: draft name and time changes are ignored without active draft
01:34 +674: /Users/ejunpark/.codex/worktrees/1f98bd1e-95ca-4396-82c1-c34de41a8851/OnTime-front/test/presentation/schedule_create/schedule_spare_and_preparing_time/preparation_form/bloc/preparation_form_bloc_test.dart: invalid reorder indices leave preparation order unchanged
01:34 +675: loading /Users/ejunpark/.codex/worktrees/1f98bd1e-95ca-4396-82c1-c34de41a8851/OnTime-front/test/presentation/schedule_create/input_models/backend_validation_input_models_test.dart
01:34 +675: /Users/ejunpark/.codex/worktrees/1f98bd1e-95ca-4396-82c1-c34de41a8851/OnTime-front/test/presentation/schedule_create/input_models/backend_validation_input_models_test.dart: schedule name rejects blank and values over 30 chars
01:34 +676: /Users/ejunpark/.codex/worktrees/1f98bd1e-95ca-4396-82c1-c34de41a8851/OnTime-front/test/presentation/schedule_create/input_models/backend_validation_input_models_test.dart: moving time rejects negative, zero, and over 1440 minutes
01:34 +677: /Users/ejunpark/.codex/worktrees/1f98bd1e-95ca-4396-82c1-c34de41a8851/OnTime-front/test/presentation/schedule_create/input_models/backend_validation_input_models_test.dart: spare time rejects negative, zero, empty, and over 1440 minutes
01:34 +678: /Users/ejunpark/.codex/worktrees/1f98bd1e-95ca-4396-82c1-c34de41a8851/OnTime-front/test/presentation/schedule_create/input_models/backend_validation_input_models_test.dart: preparation time rejects negative, zero, and over 1440 minutes
01:34 +679: loading /Users/ejunpark/.codex/worktrees/1f98bd1e-95ca-4396-82c1-c34de41a8851/OnTime-front/test/presentation/schedule_create/schedule_time_inputs_cubit_test.dart
01:35 +679: /Users/ejunpark/.codex/worktrees/1f98bd1e-95ca-4396-82c1-c34de41a8851/OnTime-front/test/presentation/schedule_create/schedule_time_inputs_cubit_test.dart: place and moving time cubit validates fields and submits to form bloc
01:35 +680: /Users/ejunpark/.codex/worktrees/1f98bd1e-95ca-4396-82c1-c34de41a8851/OnTime-front/test/presentation/schedule_create/schedule_time_inputs_cubit_test.dart: spare time cubit detects overlap and submits spare time
01:35 +681: /Users/ejunpark/.codex/worktrees/1f98bd1e-95ca-4396-82c1-c34de41a8851/OnTime-front/test/presentation/schedule_create/schedule_time_inputs_cubit_test.dart: preparation changes update total time and notify the form bloc
01:35 +682: loading /Users/ejunpark/.codex/worktrees/1f98bd1e-95ca-4396-82c1-c34de41a8851/OnTime-front/test/presentation/schedule_create/components/keyboard_backed_bottom_sheet_test.dart
01:35 +682: /Users/ejunpark/.codex/worktrees/1f98bd1e-95ca-4396-82c1-c34de41a8851/OnTime-front/test/presentation/schedule_create/components/keyboard_backed_bottom_sheet_test.dart: fills the bottom safe area while keyboard is hidden
01:36 +683: /Users/ejunpark/.codex/worktrees/1f98bd1e-95ca-4396-82c1-c34de41a8851/OnTime-front/test/presentation/schedule_create/components/keyboard_backed_bottom_sheet_test.dart: paints a white backplate behind the iOS keyboard inset
01:36 +684: /Users/ejunpark/.codex/worktrees/1f98bd1e-95ca-4396-82c1-c34de41a8851/OnTime-front/test/presentation/schedule_create/components/keyboard_backed_bottom_sheet_test.dart: does not add keyboard backplate while keyboard is hidden
01:36 +685: loading /Users/ejunpark/.codex/worktrees/1f98bd1e-95ca-4396-82c1-c34de41a8851/OnTime-front/test/presentation/schedule_create/components/schedule_multi_page_form_test.dart
01:36 +685: /Users/ejunpark/.codex/worktrees/1f98bd1e-95ca-4396-82c1-c34de41a8851/OnTime-front/test/presentation/schedule_create/components/schedule_multi_page_form_test.dart: final submit does not close sheet immediately while submitting
01:37 +686: /Users/ejunpark/.codex/worktrees/1f98bd1e-95ca-4396-82c1-c34de41a8851/OnTime-front/test/presentation/schedule_create/components/schedule_multi_page_form_test.dart: create screen initializes form bloc with selected date
01:37 +687: /Users/ejunpark/.codex/worktrees/1f98bd1e-95ca-4396-82c1-c34de41a8851/OnTime-front/test/presentation/schedule_create/components/schedule_multi_page_form_test.dart: edit screen initializes form bloc with requested schedule
01:37 +688: /Users/ejunpark/.codex/worktrees/1f98bd1e-95ca-4396-82c1-c34de41a8851/OnTime-front/test/presentation/schedule_create/components/schedule_multi_page_form_test.dart: sheet closes after successful submit
01:37 +689: /Users/ejunpark/.codex/worktrees/1f98bd1e-95ca-4396-82c1-c34de41a8851/OnTime-front/test/presentation/schedule_create/components/schedule_multi_page_form_test.dart: sheet stays open and shows error when submit fails
01:37 +690: /Users/ejunpark/.codex/worktrees/1f98bd1e-95ca-4396-82c1-c34de41a8851/OnTime-front/test/presentation/schedule_create/components/schedule_multi_page_form_test.dart: edited name and place are submitted from form steps
01:38 +691: /Users/ejunpark/.codex/worktrees/1f98bd1e-95ca-4396-82c1-c34de41a8851/OnTime-front/test/presentation/schedule_create/components/schedule_multi_page_form_test.dart: date time overlap keeps next disabled
01:38 +692: /Users/ejunpark/.codex/worktrees/1f98bd1e-95ca-4396-82c1-c34de41a8851/OnTime-front/test/presentation/schedule_create/components/schedule_multi_page_form_test.dart: cancelling date and time pickers keeps next disabled
01:38 +693: loading /Users/ejunpark/.codex/worktrees/1f98bd1e-95ca-4396-82c1-c34de41a8851/OnTime-front/test/presentation/schedule_create/schedule_date_time/schedule_date_time_form_test.dart
01:39 +693: /Users/ejunpark/.codex/worktrees/1f98bd1e-95ca-4396-82c1-c34de41a8851/OnTime-front/test/presentation/schedule_create/schedule_date_time/schedule_date_time_form_test.dart: saves date and time picker selections through the cubit
01:39 +694: /Users/ejunpark/.codex/worktrees/1f98bd1e-95ca-4396-82c1-c34de41a8851/OnTime-front/test/presentation/schedule_create/schedule_date_time/schedule_date_time_form_test.dart: formats selected date with Korean locale
01:40 +695: /Users/ejunpark/.codex/worktrees/1f98bd1e-95ca-4396-82c1-c34de41a8851/OnTime-front/test/presentation/schedule_create/schedule_date_time/schedule_date_time_form_test.dart: shows explicit choices for a repeated DST time
01:40 +696: loading /Users/ejunpark/.codex/worktrees/1f98bd1e-95ca-4396-82c1-c34de41a8851/OnTime-front/test/presentation/schedule_create/schedule_date_time/schedule_date_time_cubit_test.dart
01:40 +696: /Users/ejunpark/.codex/worktrees/1f98bd1e-95ca-4396-82c1-c34de41a8851/OnTime-front/test/presentation/schedule_create/schedule_date_time/schedule_date_time_cubit_test.dart: state combines selected date and time and clears overlap fields
01:40 +697: /Users/ejunpark/.codex/worktrees/1f98bd1e-95ca-4396-82c1-c34de41a8851/OnTime-front/test/presentation/schedule_create/schedule_date_time/schedule_date_time_cubit_test.dart: state returns localized overlap and past-time messages
01:40 +698: /Users/ejunpark/.codex/worktrees/1f98bd1e-95ca-4396-82c1-c34de41a8851/OnTime-front/test/presentation/schedule_create/schedule_date_time/schedule_date_time_cubit_test.dart: date and time changes load adjacent schedules and validate form
01:40 +699: /Users/ejunpark/.codex/worktrees/1f98bd1e-95ca-4396-82c1-c34de41a8851/OnTime-front/test/presentation/schedule_create/schedule_date_time/schedule_date_time_cubit_test.dart: initialize validates invalid form state without loading schedules
01:40 +700: /Users/ejunpark/.codex/worktrees/1f98bd1e-95ca-4396-82c1-c34de41a8851/OnTime-front/test/presentation/schedule_create/schedule_date_time/schedule_date_time_cubit_test.dart: initialize loads adjacent schedules for an editable scheduled time
01:40 +701: /Users/ejunpark/.codex/worktrees/1f98bd1e-95ca-4396-82c1-c34de41a8851/OnTime-front/test/presentation/schedule_create/schedule_date_time/schedule_date_time_cubit_test.dart: overlap check marks next schedule conflicts as invalid
01:40 +702: /Users/ejunpark/.codex/worktrees/1f98bd1e-95ca-4396-82c1-c34de41a8851/OnTime-front/test/presentation/schedule_create/schedule_date_time/schedule_date_time_cubit_test.dart: overlap check clears next conflict when next preparation starts later
01:40 +703: /Users/ejunpark/.codex/worktrees/1f98bd1e-95ca-4396-82c1-c34de41a8851/OnTime-front/test/presentation/schedule_create/schedule_date_time/schedule_date_time_cubit_test.dart: previous schedule branches retain warning context for small and large gaps
01:40 +704: /Users/ejunpark/.codex/worktrees/1f98bd1e-95ca-4396-82c1-c34de41a8851/OnTime-front/test/presentation/schedule_create/schedule_date_time/schedule_date_time_cubit_test.dart: overlap errors clear stale overlap state and mark invalid
01:40 +705: /Users/ejunpark/.codex/worktrees/1f98bd1e-95ca-4396-82c1-c34de41a8851/OnTime-front/test/presentation/schedule_create/schedule_date_time/schedule_date_time_cubit_test.dart: submission forwards selected time and previous available gap
01:40 +706: /Users/ejunpark/.codex/worktrees/1f98bd1e-95ca-4396-82c1-c34de41a8851/OnTime-front/test/presentation/schedule_create/schedule_date_time/schedule_date_time_cubit_test.dart: DST gap is rejected and overlap requires an explicit occurrence
01:40 +707: loading /Users/ejunpark/.codex/worktrees/1f98bd1e-95ca-4396-82c1-c34de41a8851/OnTime-front/test/presentation/schedule_create/schedule_date_time/input_models/schedule_time_input_model_test.dart
01:41 +707: /Users/ejunpark/.codex/worktrees/1f98bd1e-95ca-4396-82c1-c34de41a8851/OnTime-front/test/presentation/schedule_create/schedule_date_time/input_models/schedule_time_input_model_test.dart: schedule time input validates independently from the time model file
01:41 +708: loading /Users/ejunpark/.codex/worktrees/1f98bd1e-95ca-4396-82c1-c34de41a8851/OnTime-front/test/presentation/schedule_create/schedule_date_time/input_models/schedule_date_input_model_test.dart
01:41 +708: /Users/ejunpark/.codex/worktrees/1f98bd1e-95ca-4396-82c1-c34de41a8851/OnTime-front/test/presentation/schedule_create/schedule_date_time/input_models/schedule_date_input_model_test.dart: schedule date input validates independently from the date model file
01:41 +709: loading /Users/ejunpark/.codex/worktrees/1f98bd1e-95ca-4396-82c1-c34de41a8851/OnTime-front/test/presentation/schedule_create/schedule_date_time/schedule_date_time_state_test.dart
01:42 +709: /Users/ejunpark/.codex/worktrees/1f98bd1e-95ca-4396-82c1-c34de41a8851/OnTime-front/test/presentation/schedule_create/schedule_date_time/schedule_date_time_state_test.dart: rejects selected schedule time in the past
01:42 +710: /Users/ejunpark/.codex/worktrees/1f98bd1e-95ca-4396-82c1-c34de41a8851/OnTime-front/test/presentation/schedule_create/schedule_date_time/schedule_date_time_state_test.dart: accepts selected schedule time in the future
01:42 +711: loading /Users/ejunpark/.codex/worktrees/1f98bd1e-95ca-4396-82c1-c34de41a8851/OnTime-front/test/presentation/schedule_create/preparation_form/preparation_form_reorderable_list_test.dart
01:42 +711: /Users/ejunpark/.codex/worktrees/1f98bd1e-95ca-4396-82c1-c34de41a8851/OnTime-front/test/presentation/schedule_create/preparation_form/preparation_form_reorderable_list_test.dart: reorderable preparation list wires edits to row callbacks
01:43 +712: loading /Users/ejunpark/.codex/worktrees/1f98bd1e-95ca-4396-82c1-c34de41a8851/OnTime-front/test/presentation/schedule_create/preparation_form/preparation_form_create_list_test.dart
01:44 +712: /Users/ejunpark/.codex/worktrees/1f98bd1e-95ca-4396-82c1-c34de41a8851/OnTime-front/test/presentation/schedule_create/preparation_form/preparation_form_create_list_test.dart: create list forwards edits, reorder changes, and create request
01:44 +713: loading /Users/ejunpark/.codex/worktrees/1f98bd1e-95ca-4396-82c1-c34de41a8851/OnTime-front/test/presentation/schedule_create/preparation_form/preparation_step_form_cubit_test.dart
01:45 +713: /Users/ejunpark/.codex/worktrees/1f98bd1e-95ca-4396-82c1-c34de41a8851/OnTime-front/test/presentation/schedule_create/preparation_form/preparation_step_form_cubit_test.dart: name and time edits update validity for a preparation step draft
01:45 +714: /Users/ejunpark/.codex/worktrees/1f98bd1e-95ca-4396-82c1-c34de41a8851/OnTime-front/test/presentation/schedule_create/preparation_form/preparation_step_form_cubit_test.dart: saving a step sends the current draft to the preparation form bloc
01:45 +715: loading /Users/ejunpark/.codex/worktrees/1f98bd1e-95ca-4396-82c1-c34de41a8851/OnTime-front/test/presentation/schedule_create/preparation_form/preparation_form_state_event_test.dart
01:45 +715: /Users/ejunpark/.codex/worktrees/1f98bd1e-95ca-4396-82c1-c34de41a8851/OnTime-front/test/presentation/schedule_create/preparation_form/preparation_form_state_event_test.dart: PreparationFormEvent props capture step edits
01:45 +716: /Users/ejunpark/.codex/worktrees/1f98bd1e-95ca-4396-82c1-c34de41a8851/OnTime-front/test/presentation/schedule_create/preparation_form/preparation_form_state_event_test.dart: PreparationFormState orders linked entity steps for editing
01:45 +717: /Users/ejunpark/.codex/worktrees/1f98bd1e-95ca-4396-82c1-c34de41a8851/OnTime-front/test/presentation/schedule_create/preparation_form/preparation_form_state_event_test.dart: PreparationFormState validates fields and converts visible steps
01:45 +718: loading /Users/ejunpark/.codex/worktrees/1f98bd1e-95ca-4396-82c1-c34de41a8851/OnTime-front/test/presentation/schedule_create/preparation_form/preparation_form_list_field_test.dart
01:46 +718: /Users/ejunpark/.codex/worktrees/1f98bd1e-95ca-4396-82c1-c34de41a8851/OnTime-front/test/presentation/schedule_create/preparation_form/preparation_form_list_field_test.dart: editing a saved preparation step reports name changes and save
01:46 +719: /Users/ejunpark/.codex/worktrees/1f98bd1e-95ca-4396-82c1-c34de41a8851/OnTime-front/test/presentation/schedule_create/preparation_form/preparation_form_list_field_test.dart: adding row delays interaction-ended while time picker is open
01:47 +720: /Users/ejunpark/.codex/worktrees/1f98bd1e-95ca-4396-82c1-c34de41a8851/OnTime-front/test/presentation/schedule_create/preparation_form/preparation_form_list_field_test.dart: validation errors explain invalid name and preparation time
01:47 +721: /Users/ejunpark/.codex/worktrees/1f98bd1e-95ca-4396-82c1-c34de41a8851/OnTime-front/test/presentation/schedule_create/preparation_form/preparation_form_list_field_test.dart: validation reports too-large preparation time
01:47 +722: /Users/ejunpark/.codex/worktrees/1f98bd1e-95ca-4396-82c1-c34de41a8851/OnTime-front/test/presentation/schedule_create/preparation_form/preparation_form_list_field_test.dart: updates focus listener and field value when row identity changes
01:47 +723: /Users/ejunpark/.codex/worktrees/1f98bd1e-95ca-4396-82c1-c34de41a8851/OnTime-front/test/presentation/schedule_create/preparation_form/preparation_form_list_field_test.dart: row without remove callback renders as a plain editable tile
01:47 +724: loading /Users/ejunpark/.codex/worktrees/1f98bd1e-95ca-4396-82c1-c34de41a8851/OnTime-front/test/presentation/schedule_create/bloc/schedule_form_state_event_test.dart
01:47 +724: /Users/ejunpark/.codex/worktrees/1f98bd1e-95ca-4396-82c1-c34de41a8851/OnTime-front/test/presentation/schedule_create/bloc/schedule_form_state_event_test.dart: ScheduleFormEvent props capture user input payloads
01:47 +725: /Users/ejunpark/.codex/worktrees/1f98bd1e-95ca-4396-82c1-c34de41a8851/OnTime-front/test/presentation/schedule_create/bloc/schedule_form_state_event_test.dart: ScheduleFormState copyWith updates fields and can clear error
01:47 +726: /Users/ejunpark/.codex/worktrees/1f98bd1e-95ca-4396-82c1-c34de41a8851/OnTime-front/test/presentation/schedule_create/bloc/schedule_form_state_event_test.dart: ScheduleFormState creates schedule entity from valid form fields
01:47 +727: loading /Users/ejunpark/.codex/worktrees/1f98bd1e-95ca-4396-82c1-c34de41a8851/OnTime-front/test/presentation/schedule_create/bloc/schedule_form_bloc_test.dart
01:48 +727: /Users/ejunpark/.codex/worktrees/1f98bd1e-95ca-4396-82c1-c34de41a8851/OnTime-front/test/presentation/schedule_create/bloc/schedule_form_bloc_test.dart: ScheduleFormCreateRequested maps loaded draft into state
01:48 +728: /Users/ejunpark/.codex/worktrees/1f98bd1e-95ca-4396-82c1-c34de41a8851/OnTime-front/test/presentation/schedule_create/bloc/schedule_form_bloc_test.dart: ScheduleFormEditRequested maps changed preparation flag into state
01:48 +729: /Users/ejunpark/.codex/worktrees/1f98bd1e-95ca-4396-82c1-c34de41a8851/OnTime-front/test/presentation/schedule_create/bloc/schedule_form_bloc_test.dart: ScheduleFormEditRequested keeps original preparation mode in state
01:48 +730: /Users/ejunpark/.codex/worktrees/1f98bd1e-95ca-4396-82c1-c34de41a8851/OnTime-front/test/presentation/schedule_create/bloc/schedule_form_bloc_test.dart: ScheduleFormUpdated sends edited schedule fields to submission use case
01:48 +731: /Users/ejunpark/.codex/worktrees/1f98bd1e-95ca-4396-82c1-c34de41a8851/OnTime-front/test/presentation/schedule_create/bloc/schedule_form_bloc_test.dart: ScheduleFormUpdated emits submitting then failure on error
01:48 +732: /Users/ejunpark/.codex/worktrees/1f98bd1e-95ca-4396-82c1-c34de41a8851/OnTime-front/test/presentation/schedule_create/bloc/schedule_form_bloc_test.dart: ScheduleFormCreated persists custom preparation when changed
01:48 +733: /Users/ejunpark/.codex/worktrees/1f98bd1e-95ca-4396-82c1-c34de41a8851/OnTime-front/test/presentation/schedule_create/bloc/schedule_form_bloc_test.dart: ScheduleFormPreparationChanged marks unchanged preparations
01:48 +734: All tests passed!
